Microsoft Windows [版本 10.0.22631.4037]
(c) Microsoft Corporation。保留所有权利。

(mario) C:\Users\Yin\Documents\Codes\Github\compsys726_mario_expert\scripts>State: {'lives': 2, 'score': 0, 'coins': 0, 'stage': 1, 'world': 1, 'x_position': 251, 'time': 399, 'dead_timer': 0, 'dead_jump_timer': 0, 'game_over': False}
Frame: [[[255 255   1]
  [255 255   1]
  [255 255   1]
  ...
  [255 255   1]
  [255 255   1]
  [255 255   1]]

 [[255 255   1]
  [224 224   1]
  [170 170   1]
  ...
  [170 170   1]
  [224 224   1]
  [255 255   1]]

 [[255 255   1]
  [179 179   1]
  [ 42  42   0]
  ...
  [ 42  42   0]
  [179 179   1]
  [255 255   1]]

 ...

 [[  0   0   0]
  [  0   0   0]
  [  0   0   0]
  ...
  [  0   0   0]
  [  0   0   0]
  [  0   0   0]]

 [[  0   0   0]
  [  0   0   0]
  [  0   0   0]
  ...
  [  0   0   0]
  [  0   0   0]
  [  0   0   0]]

 [[  0   0   0]
  [  0   0   0]
  [  0   0   0]
  ...
  [  0   0   0]
  [  0   0   0]
  [  0   0   0]]]
Game Area: [[ 0  0  0  0  0  0  0  0  0  0  0  0  0  0  0  0  0  0  0  0]
 [ 0  0  0  0  0  0  0  0  0  0  0  0  0  0  0  0  0  0  0  0]
 [ 0  0  0  0  0  0  0  0  0  0  0  0  0  0  0  0  0  0  0  0]
 [ 0  0  0  0  0  0  0  0  0  0  0  0  0  0  0  0  0  0  0  0]
 [ 0  0  0  0  0  0  0  0  0  0  0  0  0  0  0  0  0  0  0  0]
 [ 0  0  0  0  0  0  0  0  0  0  0  0  0  0  0  0  0  0  0  0]
 [ 0  0  0  0  0  0  0  0  0  0  0  0  0  0  0  0  0  0  0  0]
 [ 0  0  0  0  0  0  0  0  0  0  0  0  0  0  0  0  0  0  0  0]
 [ 0  0  0  0  0  0  0  0  0  0  0  0  0  0  0  0  0  0  0  0]
 [ 0  0  0  0  0 13  0  0  0  0  0  0  0  0  0  0  0  0  0  0]
 [ 0  0  0  0  0  0  0  0  0  0  0  0  0  0  0  0  0  0  0  0]
 [ 0  0  0  0  0  0  0  0  0  0  0  0  0  0  0  0  0  0  0  0]
 [ 0 14 14  0  1  1  0  0  0  0  0  0  0  0  0  0  0  0  0  0]
 [ 0 14 14  0  1  1  0  0  0  0  0  0  0  0  0  0  0  0  0  0]
 [10 10 10 10 10 10 10 10 10 10 10 10 10 10 10 10 10 10 10 10]
 [10 10 10 10 10 10 10 10 10 10 10 10 10 10 10 10 10 10 10 10]]
State: {'lives': 2, 'score': 0, 'coins': 0, 'stage': 1, 'world': 1, 'x_position': 251, 'time': 399, 'dead_timer': 0, 'dead_jump_timer': 0, 'game_over': False}
Frame: [[[255 255 255]
  [255 255 255]
  [255 255 255]
  ...
  [255 255 255]
  [255 255 255]
  [255 255 255]]

 [[255 255 255]
  [224 224 224]
  [170 170 170]
  ...
  [170 170 170]
  [224 224 224]
  [255 255 255]]

 [[255 255 255]
  [179 179 179]
  [ 42  42  42]
  ...
  [ 42  42  42]
  [179 179 179]
  [255 255 255]]

 ...

 [[  0   0   0]
  [  0   0   0]
  [  0   0   0]
  ...
  [  0   0   0]
  [  0   0   0]
  [  0   0   0]]

 [[  0   0   0]
  [  0   0   0]
  [  0   0   0]
  ...
  [  0   0   0]
  [  0   0   0]
  [  0   0   0]]

 [[  0   0   0]
  [  0   0   0]
  [  0   0   0]
  ...
  [  0   0   0]
  [  0   0   0]
  [  0   0   0]]]
Game Area: [[ 0  0  0  0  0  0  0  0  0  0  0  0  0  0  0  0  0  0  0  0]
 [ 0  0  0  0  0  0  0  0  0  0  0  0  0  0  0  0  0  0  0  0]
 [ 0  0  0  0  0  0  0  0  0  0  0  0  0  0  0  0  0  0  0  0]
 [ 0  0  0  0  0  0  0  0  0  0  0  0  0  0  0  0  0  0  0  0]
 [ 0  0  0  0  0  0  0  0  0  0  0  0  0  0  0  0  0  0  0  0]
 [ 0  0  0  0  0  0  0  0  0  0  0  0  0  0  0  0  0  0  0  0]
 [ 0  0  0  0  0  0  0  0  0  0  0  0  0  0  0  0  0  0  0  0]
 [ 0  0  0  0  0  0  0  0  0  0  0  0  0  0  0  0  0  0  0  0]
 [ 0  0  0  0  0  0  0  0  0  0  0  0  0  0  0  0  0  0  0  0]
 [ 0  0  0  0  1  1  0  0  0  0  0  0  0  0  0  0  0  0  0  0]
 [ 0  0  0  0  1  1  0  0  0  0  0  0  0  0  0  0  0  0  0  0]
 [ 0  0  0  0  0  0  0  0  0  0  0  0  0  0  0  0  0  0  0  0]
 [ 0 14 14  0  0  0  0  0  0  0  0  0  0  0  0  0  0  0  0  0]
 [ 0 14 14  0  0  0  0  0  0  0  0  0  0  0  0  0  0  0  0  0]
 [10 10 10 10 10 10 10 10 10 10 10 10 10 10 10 10 10 10 10 10]
 [10 10 10 10 10 10 10 10 10 10 10 10 10 10 10 10 10 10 10 10]]
State: {'lives': 2, 'score': 100, 'coins': 1, 'stage': 1, 'world': 1, 'x_position': 251, 'time': 399, 'dead_timer': 0, 'dead_jump_timer': 0, 'game_over': False}
Frame: [[[255 255 255]
  [255 255 255]
  [255 255 255]
  ...
  [255 255 255]
  [255 255 255]
  [255 255 255]]

 [[255 255 255]
  [224 224 224]
  [170 170 170]
  ...
  [170 170 170]
  [224 224 224]
  [255 255 255]]

 [[255 255 255]
  [179 179 179]
  [ 42  42  42]
  ...
  [ 42  42  42]
  [179 179 179]
  [255 255 255]]

 ...

 [[  0   0   0]
  [  0   0   0]
  [  0   0   0]
  ...
  [  0   0   0]
  [  0   0   0]
  [  0   0   0]]

 [[  0   0   0]
  [  0   0   0]
  [  0   0   0]
  ...
  [  0   0   0]
  [  0   0   0]
  [  0   0   0]]

 [[  0   0   0]
  [  0   0   0]
  [  0   0   0]
  ...
  [  0   0   0]
  [  0   0   0]
  [  0   0   0]]]
Game Area: [[ 0  0  0  0  0  0  0  0  0  0  0  0  0  0  0  0  0  0  0  0]
 [ 0  0  0  0  0  0  0  0  0  0  0  0  0  0  0  0  0  0  0  0]
 [ 0  0  0  0  0  0  0  0  0  0  0  0  0  0  0  0  0  0  0  0]
 [ 0  0  0  0  0  0  0  0  0  0  0  0  0  0  0  0  0  0  0  0]
 [ 0  0  0  0  0  0  0  0  0  0  0  0  0  0  0  0  0  0  0  0]
 [ 0  0  0  0  0  0  0  0  0  0  0  0  0  0  0  0  0  0  0  0]
 [ 0  0  0  0  0  0  0  0  0  0  0  0  0  0  0  0  0  0  0  0]
 [ 0  0  0  0  0  0  0  0  0  0  0  0  0  0  0  0  0  0  0  0]
 [ 0  0  0  0  0  0  0  0  0  0  0  0  0  0  0  0  0  0  0  0]
 [ 0  0  0  0  0 10  0  0  0  0  0  0  0  0  0  0  0  0  0  0]
 [ 0  0  0  0  1  1  0  0  0  0  0  0  0  0  0  0  0  0  0  0]
 [ 0  0  0  0  1  1  0  0  0  0  0  0  0  0  0  0  0  0  0  0]
 [ 0 14 14  0  0  0  0  0  0  0  0  0  0  0  0  0  0  0  0  0]
 [ 0 14 14  0  0  0  0  0  0  0  0  0  0  0  0  0  0  0  0  0]
 [10 10 10 10 10 10 10 10 10 10 10 10 10 10 10 10 10 10 10 10]
 [10 10 10 10 10 10 10 10 10 10 10 10 10 10 10 10 10 10 10 10]]
State: {'lives': 2, 'score': 100, 'coins': 1, 'stage': 1, 'world': 1, 'x_position': 251, 'time': 398, 'dead_timer': 0, 'dead_jump_timer': 0, 'game_over': False}
Frame: [[[255 255 255]
  [255 255 255]
  [255 255 255]
  ...
  [255 255 255]
  [255 255 255]
  [255 255 255]]

 [[255 255 255]
  [224 224 224]
  [170 170 170]
  ...
  [170 170 170]
  [224 224 224]
  [255 255 255]]

 [[255 255 255]
  [179 179 179]
  [ 42  42  42]
  ...
  [ 42  42  42]
  [179 179 179]
  [255 255 255]]

 ...

 [[  0   0   0]
  [  0   0   0]
  [  0   0   0]
  ...
  [  0   0   0]
  [  0   0   0]
  [  0   0   0]]

 [[  0   0   0]
  [  0   0   0]
  [  0   0   0]
  ...
  [  0   0   0]
  [  0   0   0]
  [  0   0   0]]

 [[  0   0   0]
  [  0   0   0]
  [  0   0   0]
  ...
  [  0   0   0]
  [  0   0   0]
  [  0   0   0]]]
Game Area: [[ 0  0  0  0  0  0  0  0  0  0  0  0  0  0  0  0  0  0  0  0]
 [ 0  0  0  0  0  0  0  0  0  0  0  0  0  0  0  0  0  0  0  0]
 [ 0  0  0  0  0  0  0  0  0  0  0  0  0  0  0  0  0  0  0  0]
 [ 0  0  0  0  0  0  0  0  0  0  0  0  0  0  0  0  0  0  0  0]
 [ 0  0  0  0  0  0  0  0  0  0  0  0  0  0  0  0  0  0  0  0]
 [ 0  0  0  0  0  0  0  0  0  0  0  0  0  0  0  0  0  0  0  0]
 [ 0  0  0  0  0  0  0  0  0  0  0  0  0  0  0  0  0  0  0  0]
 [ 0  0  0  0  0  0  0  0  0  0  0  0  0  0  0  0  0  0  0  0]
 [ 0  0  0  0  0  0  0  0  0  0  0  0  0  0  0  0  0  0  0  0]
 [ 0  0  0  0  0 10  0  0  0  0  0  0  0  0  0  0  0  0  0  0]
 [ 0  0  0  0  0  0  0  0  0  0  0  0  0  0  0  0  0  0  0  0]
 [ 0  0  0  0  0  0  0  0  0  0  0  0  0  0  0  0  0  0  0  0]
 [ 0 14 14  0  1  1  0  0  0  0  0  0  0  0  0  0  0  0  0  0]
 [ 0 14 14  0  1  1  0  0  0  0  0  0  0  0  0  0  0  0  0  0]
 [10 10 10 10 10 10 10 10 10 10 10 10 10 10 10 10 10 10 10 10]
 [10 10 10 10 10 10 10 10 10 10 10 10 10 10 10 10 10 10 10 10]]
State: {'lives': 2, 'score': 100, 'coins': 1, 'stage': 1, 'world': 1, 'x_position': 251, 'time': 398, 'dead_timer': 0, 'dead_jump_timer': 0, 'game_over': False}
Frame: [[[255 255 255]
  [255 255 255]
  [255 255 255]
  ...
  [255 255 255]
  [255 255 255]
  [255 255 255]]

 [[255 255 255]
  [224 224 224]
  [170 170 170]
  ...
  [170 170 170]
  [224 224 224]
  [255 255 255]]

 [[255 255 255]
  [179 179 179]
  [ 42  42  42]
  ...
  [ 42  42  42]
  [179 179 179]
  [255 255 255]]

 ...

 [[  0   0   0]
  [  0   0   0]
  [  0   0   0]
  ...
  [  0   0   0]
  [  0   0   0]
  [  0   0   0]]

 [[  0   0   0]
  [  0   0   0]
  [  0   0   0]
  ...
  [  0   0   0]
  [  0   0   0]
  [  0   0   0]]

 [[  0   0   0]
  [  0   0   0]
  [  0   0   0]
  ...
  [  0   0   0]
  [  0   0   0]
  [  0   0   0]]]
Game Area: [[ 0  0  0  0  0  0  0  0  0  0  0  0  0  0  0  0  0  0  0  0]
 [ 0  0  0  0  0  0  0  0  0  0  0  0  0  0  0  0  0  0  0  0]
 [ 0  0  0  0  0  0  0  0  0  0  0  0  0  0  0  0  0  0  0  0]
 [ 0  0  0  0  0  0  0  0  0  0  0  0  0  0  0  0  0  0  0  0]
 [ 0  0  0  0  0  0  0  0  0  0  0  0  0  0  0  0  0  0  0  0]
 [ 0  0  0  0  0  0  0  0  0  0  0  0  0  0  0  0  0  0  0  0]
 [ 0  0  0  0  0  0  0  0  0  0  0  0  0  0  0  0  0  0  0  0]
 [ 0  0  0  0  0  0  0  0  0  0  0  0  0  0  0  0  0  0  0  0]
 [ 0  0  0  0  0  0  0  0  0  0  0  0  0  0  0  0  0  0  0  0]
 [ 0  0  0  0  0 10  0  0  0  0  0  0  0  0  0  0  0  0  0  0]
 [ 0  0  0  0  0  0  0  0  0  0  0  0  0  0  0  0  0  0  0  0]
 [ 0  0  0  0  0  0  0  0  0  0  0  0  0  0  0  0  0  0  0  0]
 [ 0 14 14  0  1  1  0  0  0  0  0  0  0  0  0  0  0  0  0  0]
 [ 0 14 14  0  1  1  0  0  0  0  0  0  0  0  0  0  0  0  0  0]
 [10 10 10 10 10 10 10 10 10 10 10 10 10 10 10 10 10 10 10 10]
 [10 10 10 10 10 10 10 10 10 10 10 10 10 10 10 10 10 10 10 10]]
State: {'lives': 2, 'score': 100, 'coins': 1, 'stage': 1, 'world': 1, 'x_position': 251, 'time': 398, 'dead_timer': 0, 'dead_jump_timer': 0, 'game_over': False}
Frame: [[[255 255 255]
  [255 255 255]
  [255 255 255]
  ...
  [255 255 255]
  [255 255 255]
  [255 255 255]]

 [[255 255 255]
  [224 224 224]
  [170 170 170]
  ...
  [170 170 170]
  [224 224 224]
  [255 255 255]]

 [[255 255 255]
  [179 179 179]
  [ 42  42  42]
  ...
  [ 42  42  42]
  [179 179 179]
  [255 255 255]]

 ...

 [[  0   0   0]
  [  0   0   0]
  [  0   0   0]
  ...
  [  0   0   0]
  [  0   0   0]
  [  0   0   0]]

 [[  0   0   0]
  [  0   0   0]
  [  0   0   0]
  ...
  [  0   0   0]
  [  0   0   0]
  [  0   0   0]]

 [[  0   0   0]
  [  0   0   0]
  [  0   0   0]
  ...
  [  0   0   0]
  [  0   0   0]
  [  0   0   0]]]
Game Area: [[ 0  0  0  0  0  0  0  0  0  0  0  0  0  0  0  0  0  0  0  0]
 [ 0  0  0  0  0  0  0  0  0  0  0  0  0  0  0  0  0  0  0  0]
 [ 0  0  0  0  0  0  0  0  0  0  0  0  0  0  0  0  0  0  0  0]
 [ 0  0  0  0  0  0  0  0  0  0  0  0  0  0  0  0  0  0  0  0]
 [ 0  0  0  0  0  0  0  0  0  0  0  0  0  0  0  0  0  0  0  0]
 [ 0  0  0  0  0  0  0  0  0  0  0  0  0  0  0  0  0  0  0  0]
 [ 0  0  0  0  0  0  0  0  0  0  0  0  0  0  0  0  0  0  0  0]
 [ 0  0  0  0  0  0  0  0  0  0  0  0  0  0  0  0  0  0  0  0]
 [ 0  0  0  0  0  0  0  0  0  0  0  0  0  0  0  0  0  0  0  0]
 [ 0  0  0  0  0 10  0  0  0  0  0  0  0  0  0  0  0  0  0  0]
 [ 0  0  0  0  0  0  0  0  0  0  0  0  0  0  0  0  0  0  0  0]
 [ 0  0  0  0  0  0  0  0  0  0  0  0  0  0  0  0  0  0  0  0]
 [ 0 14 14  0  1  1  0  0  0  0  0  0  0  0  0  0  0  0  0  0]
 [ 0 14 14  0  1  1  0  0  0  0  0  0  0  0  0  0  0  0  0  0]
 [10 10 10 10 10 10 10 10 10 10 10 10 10 10 10 10 10 10 10 10]
 [10 10 10 10 10 10 10 10 10 10 10 10 10 10 10 10 10 10 10 10]]
State: {'lives': 2, 'score': 100, 'coins': 1, 'stage': 1, 'world': 1, 'x_position': 258, 'time': 398, 'dead_timer': 0, 'dead_jump_timer': 0, 'game_over': False}
Frame: [[[255 255 255]
  [255 255 255]
  [255 255 255]
  ...
  [255 255 255]
  [255 255 255]
  [255 255 255]]

 [[255 255 255]
  [224 224 224]
  [170 170 170]
  ...
  [170 170 170]
  [224 224 224]
  [255 255 255]]

 [[255 255 255]
  [179 179 179]
  [ 42  42  42]
  ...
  [ 42  42  42]
  [179 179 179]
  [255 255 255]]

 ...

 [[  0   0   0]
  [  0   0   0]
  [  0   0   0]
  ...
  [  0   0   0]
  [  0   0   0]
  [  0   0   0]]

 [[  0   0   0]
  [  0   0   0]
  [  0   0   0]
  ...
  [  0   0   0]
  [  0   0   0]
  [  0   0   0]]

 [[  0   0   0]
  [  0   0   0]
  [  0   0   0]
  ...
  [  0   0   0]
  [  0   0   0]
  [  0   0   0]]]
Game Area: [[ 0  0  0  0  0  0  0  0  0  0  0  0  0  0  0  0  0  0  0  0]
 [ 0  0  0  0  0  0  0  0  0  0  0  0  0  0  0  0  0  0  0  0]
 [ 0  0  0  0  0  0  0  0  0  0  0  0  0  0  0  0  0  0  0  0]
 [ 0  0  0  0  0  0  0  0  0  0  0  0  0  0  0  0  0  0  0  0]
 [ 0  0  0  0  0  0  0  0  0  0  0  0  0  0  0  0  0  0  0  0]
 [ 0  0  0  0  0  0  0  0  0  0  0  0  0  0  0  0  0  0  0  0]
 [ 0  0  0  0  0  0  0  0  0  0  0  0  0  0  0  0  0  0  0  0]
 [ 0  0  0  0  0  0  0  0  0  0  0  0  0  0  0  0  0  0  0  0]
 [ 0  0  0  0  0  0  0  0  0  0  0  0  0  0  0  0  0  0  0  0]
 [ 0  0  0  0  0 10  0  0  0  0  0  0  0  0  0  0  0  0  0  0]
 [ 0  0  0  0  0  0  0  0  0  0  0  0  0  0  0  0  0  0  0  0]
 [ 0  0  0  0  0  0  0  0  0  0  0  0  0  0  0  0  0  0  0  0]
 [ 0 14 14  0  0  1  1  0  0  0  0  0  0  0  0  0  0  0  0  0]
 [ 0 14 14  0  0  1  1  0  0  0  0  0  0  0  0  0  0  0  0  0]
 [10 10 10 10 10 10 10 10 10 10 10 10 10 10 10 10 10 10 10 10]
 [10 10 10 10 10 10 10 10 10 10 10 10 10 10 10 10 10 10 10 10]]
State: {'lives': 2, 'score': 100, 'coins': 1, 'stage': 1, 'world': 1, 'x_position': 258, 'time': 397, 'dead_timer': 0, 'dead_jump_timer': 0, 'game_over': False}
Frame: [[[255 255 255]
  [255 255 255]
  [255 255 255]
  ...
  [255 255 255]
  [255 255 255]
  [255 255 255]]

 [[255 255 255]
  [224 224 224]
  [170 170 170]
  ...
  [170 170 170]
  [224 224 224]
  [255 255 255]]

 [[255 255 255]
  [179 179 179]
  [ 42  42  42]
  ...
  [ 42  42  42]
  [179 179 179]
  [255 255 255]]

 ...

 [[  0   0   0]
  [  0   0   0]
  [  0   0   0]
  ...
  [  0   0   0]
  [  0   0   0]
  [  0   0   0]]

 [[  0   0   0]
  [  0   0   0]
  [  0   0   0]
  ...
  [  0   0   0]
  [  0   0   0]
  [  0   0   0]]

 [[  0   0   0]
  [  0   0   0]
  [  0   0   0]
  ...
  [  0   0   0]
  [  0   0   0]
  [  0   0   0]]]
Game Area: [[ 0  0  0  0  0  0  0  0  0  0  0  0  0  0  0  0  0  0  0  0]
 [ 0  0  0  0  0  0  0  0  0  0  0  0  0  0  0  0  0  0  0  0]
 [ 0  0  0  0  0  0  0  0  0  0  0  0  0  0  0  0  0  0  0  0]
 [ 0  0  0  0  0  0  0  0  0  0  0  0  0  0  0  0  0  0  0  0]
 [ 0  0  0  0  0  0  0  0  0  0  0  0  0  0  0  0  0  0  0  0]
 [ 0  0  0  0  0  0  0  0  0  0  0  0  0  0  0  0  0  0  0  0]
 [ 0  0  0  0  0  0  0  0  0  0  0  0  0  0  0  0  0  0  0  0]
 [ 0  0  0  0  0  0  0  0  0  0  0  0  0  0  0  0  0  0  0  0]
 [ 0  0  0  0  0  0  0  0  0  0  0  0  0  0  0  0  0  0  0  0]
 [ 0  0  0  0  0 10  0  0  0  0  0  0  0  0  0  0  0  0  0  0]
 [ 0  0  0  0  0  0  0  0  0  0  0  0  0  0  0  0  0  0  0  0]
 [ 0  0  0  0  0  0  0  0  0  0  0  0  0  0  0  0  0  0  0  0]
 [ 0 14 14  0  0  1  1  0  0  0  0  0  0  0  0  0  0  0  0  0]
 [ 0 14 14  0  0  1  1  0  0  0  0  0  0  0  0  0  0  0  0  0]
 [10 10 10 10 10 10 10 10 10 10 10 10 10 10 10 10 10 10 10 10]
 [10 10 10 10 10 10 10 10 10 10 10 10 10 10 10 10 10 10 10 10]]
State: {'lives': 2, 'score': 100, 'coins': 1, 'stage': 1, 'world': 1, 'x_position': 265, 'time': 397, 'dead_timer': 0, 'dead_jump_timer': 0, 'game_over': False}
Frame: [[[255 255 255]
  [255 255 255]
  [255 255 255]
  ...
  [255 255 255]
  [255 255 255]
  [255 255 255]]

 [[255 255 255]
  [224 224 224]
  [170 170 170]
  ...
  [170 170 170]
  [224 224 224]
  [255 255 255]]

 [[255 255 255]
  [179 179 179]
  [ 42  42  42]
  ...
  [ 42  42  42]
  [179 179 179]
  [255 255 255]]

 ...

 [[  0   0   0]
  [  0   0   0]
  [  0   0   0]
  ...
  [  0   0   0]
  [  0   0   0]
  [  0   0   0]]

 [[  0   0   0]
  [  0   0   0]
  [  0   0   0]
  ...
  [  0   0   0]
  [  0   0   0]
  [  0   0   0]]

 [[  0   0   0]
  [  0   0   0]
  [  0   0   0]
  ...
  [  0   0   0]
  [  0   0   0]
  [  0   0   0]]]
Game Area: [[ 0  0  0  0  0  0  0  0  0  0  0  0  0  0  0  0  0  0  0  0]
 [ 0  0  0  0  0  0  0  0  0  0  0  0  0  0  0  0  0  0  0  0]
 [ 0  0  0  0  0  0  0  0  0  0  0  0  0  0  0  0  0  0  0  0]
 [ 0  0  0  0  0  0  0  0  0  0  0  0  0  0  0  0  0  0  0  0]
 [ 0  0  0  0  0  0  0  0  0  0  0  0  0  0  0  0  0  0  0  0]
 [ 0  0  0  0  0  0  0  0  0  0  0  0  0  0  0  0  0  0  0  0]
 [ 0  0  0  0  0  0  0  0  0  0  0  0  0  0  0  0  0  0  0  0]
 [ 0  0  0  0  0  0  0  0  0  0  0  0  0  0  0  0  0  0  0  0]
 [ 0  0  0  0  0  0  0  0  0  0  0  0  0  0  0  0  0  0  0  0]
 [ 0  0  0  0  0 10  0  0  0  0  0  0  0  0  0  0  0  0  0  0]
 [ 0  0  0  0  0  0  0  0  0  0  0  0  0  0  0  0  0  0  0  0]
 [ 0  0  0  0  0  0  0  0  0  0  0  0  0  0  0  0  0  0  0  0]
 [ 0 14 14  0  0  1  1  0  0  0  0  0  0  0  0  0  0  0  0  0]
 [ 0 14 14  0  0  1  1  0  0  0  0  0  0  0  0  0  0  0  0  0]
 [10 10 10 10 10 10 10 10 10 10 10 10 10 10 10 10 10 10 10 10]
 [10 10 10 10 10 10 10 10 10 10 10 10 10 10 10 10 10 10 10 10]]
State: {'lives': 2, 'score': 100, 'coins': 1, 'stage': 1, 'world': 1, 'x_position': 275, 'time': 397, 'dead_timer': 0, 'dead_jump_timer': 0, 'game_over': False}
Frame: [[[255 255 255]
  [255 255 255]
  [255 255 255]
  ...
  [255 255 255]
  [255 255 255]
  [255 255 255]]

 [[255 255 255]
  [224 224 224]
  [170 170 170]
  ...
  [170 170 170]
  [224 224 224]
  [255 255 255]]

 [[255 255 255]
  [179 179 179]
  [ 42  42  42]
  ...
  [ 42  42  42]
  [179 179 179]
  [255 255 255]]

 ...

 [[  0   0   0]
  [  0   0   0]
  [  0   0   0]
  ...
  [  0   0   0]
  [  0   0   0]
  [  0   0   0]]

 [[  0   0   0]
  [  0   0   0]
  [  0   0   0]
  ...
  [  0   0   0]
  [  0   0   0]
  [  0   0   0]]

 [[  0   0   0]
  [  0   0   0]
  [  0   0   0]
  ...
  [  0   0   0]
  [  0   0   0]
  [  0   0   0]]]
Game Area: [[ 0  0  0  0  0  0  0  0  0  0  0  0  0  0  0  0  0  0  0  0]
 [ 0  0  0  0  0  0  0  0  0  0  0  0  0  0  0  0  0  0  0  0]
 [ 0  0  0  0  0  0  0  0  0  0  0  0  0  0  0  0  0  0  0  0]
 [ 0  0  0  0  0  0  0  0  0  0  0  0  0  0  0  0  0  0  0  0]
 [ 0  0  0  0  0  0  0  0  0  0  0  0  0  0  0  0  0  0  0  0]
 [ 0  0  0  0  0  0  0  0  0  0  0  0  0  0  0  0  0  0  0  0]
 [ 0  0  0  0  0  0  0  0  0  0  0  0  0  0  0  0  0  0  0  0]
 [ 0  0  0  0  0  0  0  0  0  0  0  0  0  0  0  0  0  0  0  0]
 [ 0  0  0  0  0  0  0  0  0  0  0  0  0  0  0  0  0  0  0  0]
 [ 0  0  0  0  0 10  0  0  0  0  0  0  0  0  0  0  0  0  0  0]
 [ 0  0  0  0  0  0  0  0  0  0  0  0  0  0  0  0  0  0  0  0]
 [ 0  0  0  0  0  0  0  0  0  0  0  0  0  0  0  0  0  0  0  0]
 [ 0 14 14  0  0  0  0  1  1  0  0  0  0  0  0  0  0  0  0  0]
 [ 0 14 14  0  0  0  0  1  1  0  0  0  0  0  0  0  0  0  0  0]
 [10 10 10 10 10 10 10 10 10 10 10 10 10 10 10 10 10 10 10 10]
 [10 10 10 10 10 10 10 10 10 10 10 10 10 10 10 10 10 10 10 10]]
State: {'lives': 2, 'score': 100, 'coins': 1, 'stage': 1, 'world': 1, 'x_position': 274, 'time': 397, 'dead_timer': 0, 'dead_jump_timer': 0, 'game_over': False}
Frame: [[[255 255 255]
  [255 255 255]
  [255 255 255]
  ...
  [255 255 255]
  [255 255 255]
  [255 255 255]]

 [[255 255 255]
  [224 224 224]
  [170 170 170]
  ...
  [170 170 170]
  [224 224 224]
  [255 255 255]]

 [[255 255 255]
  [179 179 179]
  [ 42  42  42]
  ...
  [ 42  42  42]
  [179 179 179]
  [255 255 255]]

 ...

 [[  0   0   0]
  [  0   0   0]
  [  0   0   0]
  ...
  [  0   0   0]
  [  0   0   0]
  [  0   0   0]]

 [[  0   0   0]
  [  0   0   0]
  [  0   0   0]
  ...
  [  0   0   0]
  [  0   0   0]
  [  0   0   0]]

 [[  0   0   0]
  [  0   0   0]
  [  0   0   0]
  ...
  [  0   0   0]
  [  0   0   0]
  [  0   0   0]]]
Game Area: [[ 0  0  0  0  0  0  0  0  0  0  0  0  0  0  0  0  0  0  0  0]
 [ 0  0  0  0  0  0  0  0  0  0  0  0  0  0  0  0  0  0  0  0]
 [ 0  0  0  0  0  0  0  0  0  0  0  0  0  0  0  0  0  0  0  0]
 [ 0  0  0  0  0  0  0  0  0  0  0  0  0  0  0  0  0  0  0  0]
 [ 0  0  0  0  0  0  0  0  0  0  0  0  0  0  0  0  0  0  0  0]
 [ 0  0  0  0  0  0  0  0  0  0  0  0  0  0  0  0  0  0  0  0]
 [ 0  0  0  0  0  0  0  0  0  0  0  0  0  0  0  0  0  0  0  0]
 [ 0  0  0  0  0  0  0  0  0  0  0  0  0  0  0  0  0  0  0  0]
 [ 0  0  0  0  0  0  0  0  0  0  0  0  0  0  0  0  0  0  0  0]
 [ 0  0  0  0  0 10  0  0  0  0  0  0  0  0  0  0  0  0  0  0]
 [ 0  0  0  0  0  0  0  0  0  0  0  0  0  0  0  0  0  0  0  0]
 [ 0  0  0  0  0  0  0  0  0  0  0  0  0  0  0  0  0  0  0  0]
 [ 0 14 14  0  0  0  0  1  1  0  0  0  0  0  0  0  0  0  0  0]
 [ 0 14 14  0  0  0  0  1  1  0  0  0  0  0  0  0  0  0  0  0]
 [10 10 10 10 10 10 10 10 10 10 10 10 10 10 10 10 10 10 10 10]
 [10 10 10 10 10 10 10 10 10 10 10 10 10 10 10 10 10 10 10 10]]
State: {'lives': 2, 'score': 100, 'coins': 1, 'stage': 1, 'world': 1, 'x_position': 269, 'time': 396, 'dead_timer': 0, 'dead_jump_timer': 0, 'game_over': False}
Frame: [[[255 255 255]
  [255 255 255]
  [255 255 255]
  ...
  [255 255 255]
  [255 255 255]
  [255 255 255]]

 [[255 255 255]
  [224 224 224]
  [170 170 170]
  ...
  [170 170 170]
  [224 224 224]
  [255 255 255]]

 [[255 255 255]
  [179 179 179]
  [ 42  42  42]
  ...
  [ 42  42  42]
  [179 179 179]
  [255 255 255]]

 ...

 [[  0   0   0]
  [  0   0   0]
  [  0   0   0]
  ...
  [  0   0   0]
  [  0   0   0]
  [  0   0   0]]

 [[  0   0   0]
  [  0   0   0]
  [  0   0   0]
  ...
  [  0   0   0]
  [  0   0   0]
  [  0   0   0]]

 [[  0   0   0]
  [  0   0   0]
  [  0   0   0]
  ...
  [  0   0   0]
  [  0   0   0]
  [  0   0   0]]]
Game Area: [[ 0  0  0  0  0  0  0  0  0  0  0  0  0  0  0  0  0  0  0  0]
 [ 0  0  0  0  0  0  0  0  0  0  0  0  0  0  0  0  0  0  0  0]
 [ 0  0  0  0  0  0  0  0  0  0  0  0  0  0  0  0  0  0  0  0]
 [ 0  0  0  0  0  0  0  0  0  0  0  0  0  0  0  0  0  0  0  0]
 [ 0  0  0  0  0  0  0  0  0  0  0  0  0  0  0  0  0  0  0  0]
 [ 0  0  0  0  0  0  0  0  0  0  0  0  0  0  0  0  0  0  0  0]
 [ 0  0  0  0  0  0  0  0  0  0  0  0  0  0  0  0  0  0  0  0]
 [ 0  0  0  0  0  0  0  0  0  0  0  0  0  0  0  0  0  0  0  0]
 [ 0  0  0  0  0  0  0  0  0  0  0  0  0  0  0  0  0  0  0  0]
 [ 0  0  0  0  0 10  1  1  0  0  0  0  0  0  0  0  0  0  0  0]
 [ 0  0  0  0  0  0  1  1  0  0  0  0  0  0  0  0  0  0  0  0]
 [ 0  0  0  0  0  0  0  0  0  0  0  0  0  0  0  0  0  0  0  0]
 [ 0 14 14  0  0  0  0  0  0  0  0  0  0  0  0  0  0  0  0  0]
 [ 0 14 14  0  0  0  0  0  0  0  0  0  0  0  0  0  0  0  0  0]
 [10 10 10 10 10 10 10 10 10 10 10 10 10 10 10 10 10 10 10 10]
 [10 10 10 10 10 10 10 10 10 10 10 10 10 10 10 10 10 10 10 10]]
State: {'lives': 2, 'score': 100, 'coins': 1, 'stage': 1, 'world': 1, 'x_position': 264, 'time': 396, 'dead_timer': 0, 'dead_jump_timer': 0, 'game_over': False}
Frame: [[[255 255 255]
  [255 255 255]
  [255 255 255]
  ...
  [255 255 255]
  [255 255 255]
  [255 255 255]]

 [[255 255 255]
  [224 224 224]
  [170 170 170]
  ...
  [170 170 170]
  [224 224 224]
  [255 255 255]]

 [[255 255 255]
  [179 179 179]
  [ 42  42  42]
  ...
  [ 42  42  42]
  [179 179 179]
  [255 255 255]]

 ...

 [[  0   0   0]
  [  0   0   0]
  [  0   0   0]
  ...
  [  0   0   0]
  [  0   0   0]
  [  0   0   0]]

 [[  0   0   0]
  [  0   0   0]
  [  0   0   0]
  ...
  [  0   0   0]
  [  0   0   0]
  [  0   0   0]]

 [[  0   0   0]
  [  0   0   0]
  [  0   0   0]
  ...
  [  0   0   0]
  [  0   0   0]
  [  0   0   0]]]
Game Area: [[ 0  0  0  0  0  0  0  0  0  0  0  0  0  0  0  0  0  0  0  0]
 [ 0  0  0  0  0  0  0  0  0  0  0  0  0  0  0  0  0  0  0  0]
 [ 0  0  0  0  0  0  0  0  0  0  0  0  0  0  0  0  0  0  0  0]
 [ 0  0  0  0  0  0  0  0  0  0  0  0  0  0  0  0  0  0  0  0]
 [ 0  0  0  0  0  0  0  0  0  0  0  0  0  0  0  0  0  0  0  0]
 [ 0  0  0  0  0  0  0  0  0  0  0  0  0  0  0  0  0  0  0  0]
 [ 0  0  0  0  0  0  0  0  0  0  0  0  0  0  0  0  0  0  0  0]
 [ 0  0  0  0  0  0  0  0  0  0  0  0  0  0  0  0  0  0  0  0]
 [ 0  0  0  0  0  1  1  0  0  0  0  0  0  0  0  0  0  0  0  0]
 [ 0  0  0  0  0  1  1  0  0  0  0  0  0  0  0  0  0  0  0  0]
 [ 0  0  0  0  0  0  0  0  0  0  0  0  0  0  0  0  0  0  0  0]
 [ 0  0  0  0  0  0  0  0  0  0  0  0  0  0  0  0  0  0  0  0]
 [ 0 14 14  0  0  0  0  0  0  0  0  0  0  0  0  0  0  0  0  0]
 [ 0 14 14  0  0  0  0  0  0  0  0  0  0  0  0  0  0  0  0  0]
 [10 10 10 10 10 10 10 10 10 10 10 10 10 10 10 10 10 10 10 10]
 [10 10 10 10 10 10 10 10 10 10 10 10 10 10 10 10 10 10 10 10]]
State: {'lives': 2, 'score': 100, 'coins': 1, 'stage': 1, 'world': 1, 'x_position': 259, 'time': 396, 'dead_timer': 0, 'dead_jump_timer': 0, 'game_over': False}
Frame: [[[255 255 255]
  [255 255 255]
  [255 255 255]
  ...
  [255 255 255]
  [255 255 255]
  [255 255 255]]

 [[255 255 255]
  [224 224 224]
  [170 170 170]
  ...
  [170 170 170]
  [224 224 224]
  [255 255 255]]

 [[255 255 255]
  [179 179 179]
  [ 42  42  42]
  ...
  [ 42  42  42]
  [179 179 179]
  [255 255 255]]

 ...

 [[  0   0   0]
  [  0   0   0]
  [  0   0   0]
  ...
  [  0   0   0]
  [  0   0   0]
  [  0   0   0]]

 [[  0   0   0]
  [  0   0   0]
  [  0   0   0]
  ...
  [  0   0   0]
  [  0   0   0]
  [  0   0   0]]

 [[  0   0   0]
  [  0   0   0]
  [  0   0   0]
  ...
  [  0   0   0]
  [  0   0   0]
  [  0   0   0]]]
Game Area: [[ 0  0  0  0  0  0  0  0  0  0  0  0  0  0  0  0  0  0  0  0]
 [ 0  0  0  0  0  0  0  0  0  0  0  0  0  0  0  0  0  0  0  0]
 [ 0  0  0  0  0  0  0  0  0  0  0  0  0  0  0  0  0  0  0  0]
 [ 0  0  0  0  0  0  0  0  0  0  0  0  0  0  0  0  0  0  0  0]
 [ 0  0  0  0  0  0  0  0  0  0  0  0  0  0  0  0  0  0  0  0]
 [ 0  0  0  0  0  0  0  0  0  0  0  0  0  0  0  0  0  0  0  0]
 [ 0  0  0  0  0  0  0  0  0  0  0  0  0  0  0  0  0  0  0  0]
 [ 0  0  0  0  0  0  0  0  0  0  0  0  0  0  0  0  0  0  0  0]
 [ 0  0  0  0  0  1  1  0  0  0  0  0  0  0  0  0  0  0  0  0]
 [ 0  0  0  0  0  1  1  0  0  0  0  0  0  0  0  0  0  0  0  0]
 [ 0  0  0  0  0  0  0  0  0  0  0  0  0  0  0  0  0  0  0  0]
 [ 0  0  0  0  0  0  0  0  0  0  0  0  0  0  0  0  0  0  0  0]
 [ 0 14 14  0  0  0  0  0  0  0  0  0  0  0  0  0  0  0  0  0]
 [ 0 14 14  0  0  0  0  0  0  0  0  0  0  0  0  0  0  0  0  0]
 [10 10 10 10 10 10 10 10 10 10 10 10 10 10 10 10 10 10 10 10]
 [10 10 10 10 10 10 10 10 10 10 10 10 10 10 10 10 10 10 10 10]]
State: {'lives': 2, 'score': 100, 'coins': 1, 'stage': 1, 'world': 1, 'x_position': 259, 'time': 396, 'dead_timer': 0, 'dead_jump_timer': 0, 'game_over': False}
Frame: [[[255 255 255]
  [255 255 255]
  [255 255 255]
  ...
  [255 255 255]
  [255 255 255]
  [255 255 255]]

 [[255 255 255]
  [224 224 224]
  [170 170 170]
  ...
  [170 170 170]
  [224 224 224]
  [255 255 255]]

 [[255 255 255]
  [179 179 179]
  [ 42  42  42]
  ...
  [ 42  42  42]
  [179 179 179]
  [255 255 255]]

 ...

 [[  0   0   0]
  [  0   0   0]
  [  0   0   0]
  ...
  [  0   0   0]
  [  0   0   0]
  [  0   0   0]]

 [[  0   0   0]
  [  0   0   0]
  [  0   0   0]
  ...
  [  0   0   0]
  [  0   0   0]
  [  0   0   0]]

 [[  0   0   0]
  [  0   0   0]
  [  0   0   0]
  ...
  [  0   0   0]
  [  0   0   0]
  [  0   0   0]]]
Game Area: [[ 0  0  0  0  0  0  0  0  0  0  0  0  0  0  0  0  0  0  0  0]
 [ 0  0  0  0  0  0  0  0  0  0  0  0  0  0  0  0  0  0  0  0]
 [ 0  0  0  0  0  0  0  0  0  0  0  0  0  0  0  0  0  0  0  0]
 [ 0  0  0  0  0  0  0  0  0  0  0  0  0  0  0  0  0  0  0  0]
 [ 0  0  0  0  0  0  0  0  0  0  0  0  0  0  0  0  0  0  0  0]
 [ 0  0  0  0  0  0  0  0  0  0  0  0  0  0  0  0  0  0  0  0]
 [ 0  0  0  0  0  0  0  0  0  0  0  0  0  0  0  0  0  0  0  0]
 [ 0  0  0  0  0  0  0  0  0  0  0  0  0  0  0  0  0  0  0  0]
 [ 0  0  0  0  0  0  0  0  0  0  0  0  0  0  0  0  0  0  0  0]
 [ 0  0  0  0  0 10  0  0  0  0  0  0  0  0  0  0  0  0  0  0]
 [ 0  0  0  0  0  1  1  0  0  0  0  0  0  0  0  0  0  0  0  0]
 [ 0  0  0  0  0  1  1  0  0  0  0  0  0  0  0  0  0  0  0  0]
 [ 0 14 14  0  0  0  0  0  0  0  0  0  0  0  0  0  0  0  0  0]
 [ 0 14 14  0  0  0  0  0  0  0  0  0  0  0  0  0  0  0  0  0]
 [10 10 10 10 10 10 10 10 10 10 10 10 10 10 10 10 10 10 10 10]
 [10 10 10 10 10 10 10 10 10 10 10 10 10 10 10 10 10 10 10 10]]
State: {'lives': 2, 'score': 100, 'coins': 1, 'stage': 1, 'world': 1, 'x_position': 259, 'time': 395, 'dead_timer': 0, 'dead_jump_timer': 0, 'game_over': False}
Frame: [[[255 255 255]
  [255 255 255]
  [255 255 255]
  ...
  [255 255 255]
  [255 255 255]
  [255 255 255]]

 [[255 255 255]
  [224 224 224]
  [170 170 170]
  ...
  [170 170 170]
  [224 224 224]
  [255 255 255]]

 [[255 255 255]
  [179 179 179]
  [ 42  42  42]
  ...
  [ 42  42  42]
  [179 179 179]
  [255 255 255]]

 ...

 [[  0   0   0]
  [  0   0   0]
  [  0   0   0]
  ...
  [  0   0   0]
  [  0   0   0]
  [  0   0   0]]

 [[  0   0   0]
  [  0   0   0]
  [  0   0   0]
  ...
  [  0   0   0]
  [  0   0   0]
  [  0   0   0]]

 [[  0   0   0]
  [  0   0   0]
  [  0   0   0]
  ...
  [  0   0   0]
  [  0   0   0]
  [  0   0   0]]]
Game Area: [[ 0  0  0  0  0  0  0  0  0  0  0  0  0  0  0  0  0  0  0  0]
 [ 0  0  0  0  0  0  0  0  0  0  0  0  0  0  0  0  0  0  0  0]
 [ 0  0  0  0  0  0  0  0  0  0  0  0  0  0  0  0  0  0  0  0]
 [ 0  0  0  0  0  0  0  0  0  0  0  0  0  0  0  0  0  0  0  0]
 [ 0  0  0  0  0  0  0  0  0  0  0  0  0  0  0  0  0  0  0  0]
 [ 0  0  0  0  0  0  0  0  0  0  0  0  0  0  0  0  0  0  0  0]
 [ 0  0  0  0  0  0  0  0  0  0  0  0  0  0  0  0  0  0  0  0]
 [ 0  0  0  0  0  0  0  0  0  0  0  0  0  0  0  0  0  0  0  0]
 [ 0  0  0  0  0  0  0  0  0  0  0  0  0  0  0  0  0  0  0  0]
 [ 0  0  0  0  0 10  0  0  0  0  0  0  0  0  0  0  0  0  0  0]
 [ 0  0  0  0  0  0  0  0  0  0  0  0  0  0  0  0  0  0  0  0]
 [ 0  0  0  0  0  0  0  0  0  0  0  0  0  0  0  0  0  0  0  0]
 [ 0 14 14  0  0  1  1  0  0  0  0  0  0  0  0  0  0  0  0  0]
 [ 0 14 14  0  0  1  1  0  0  0  0  0  0  0  0  0  0  0  0  0]
 [10 10 10 10 10 10 10 10 10 10 10 10 10 10 10 10 10 10 10 10]
 [10 10 10 10 10 10 10 10 10 10 10 10 10 10 10 10 10 10 10 10]]
State: {'lives': 2, 'score': 100, 'coins': 1, 'stage': 1, 'world': 1, 'x_position': 259, 'time': 395, 'dead_timer': 0, 'dead_jump_timer': 0, 'game_over': False}
Frame: [[[255 255 255]
  [255 255 255]
  [255 255 255]
  ...
  [255 255 255]
  [255 255 255]
  [255 255 255]]

 [[255 255 255]
  [224 224 224]
  [170 170 170]
  ...
  [170 170 170]
  [224 224 224]
  [255 255 255]]

 [[255 255 255]
  [179 179 179]
  [ 42  42  42]
  ...
  [ 42  42  42]
  [179 179 179]
  [255 255 255]]

 ...

 [[  0   0   0]
  [  0   0   0]
  [  0   0   0]
  ...
  [  0   0   0]
  [  0   0   0]
  [  0   0   0]]

 [[  0   0   0]
  [  0   0   0]
  [  0   0   0]
  ...
  [  0   0   0]
  [  0   0   0]
  [  0   0   0]]

 [[  0   0   0]
  [  0   0   0]
  [  0   0   0]
  ...
  [  0   0   0]
  [  0   0   0]
  [  0   0   0]]]
Game Area: [[ 0  0  0  0  0  0  0  0  0  0  0  0  0  0  0  0  0  0  0  0]
 [ 0  0  0  0  0  0  0  0  0  0  0  0  0  0  0  0  0  0  0  0]
 [ 0  0  0  0  0  0  0  0  0  0  0  0  0  0  0  0  0  0  0  0]
 [ 0  0  0  0  0  0  0  0  0  0  0  0  0  0  0  0  0  0  0  0]
 [ 0  0  0  0  0  0  0  0  0  0  0  0  0  0  0  0  0  0  0  0]
 [ 0  0  0  0  0  0  0  0  0  0  0  0  0  0  0  0  0  0  0  0]
 [ 0  0  0  0  0  0  0  0  0  0  0  0  0  0  0  0  0  0  0  0]
 [ 0  0  0  0  0  0  0  0  0  0  0  0  0  0  0  0  0  0  0  0]
 [ 0  0  0  0  0  0  0  0  0  0  0  0  0  0  0  0  0  0  0  0]
 [ 0  0  0  0  0 10  0  0  0  0  0  0  0  0  0  0  0  0  0  0]
 [ 0  0  0  0  0  0  0  0  0  0  0  0  0  0  0  0  0  0  0  0]
 [ 0  0  0  0  0  0  0  0  0  0  0  0  0  0  0  0  0  0  0  0]
 [ 0 14 14  0  0  1  1  0  0  0  0  0  0  0  0  0  0  0  0  0]
 [ 0 14 14  0  0  1  1  0  0  0  0  0  0  0  0  0  0  0  0  0]
 [10 10 10 10 10 10 10 10 10 10 10 10 10 10 10 10 10 10 10 10]
 [10 10 10 10 10 10 10 10 10 10 10 10 10 10 10 10 10 10 10 10]]
State: {'lives': 2, 'score': 100, 'coins': 1, 'stage': 1, 'world': 1, 'x_position': 259, 'time': 395, 'dead_timer': 0, 'dead_jump_timer': 0, 'game_over': False}
Frame: [[[255 255 255]
  [255 255 255]
  [255 255 255]
  ...
  [255 255 255]
  [255 255 255]
  [255 255 255]]

 [[255 255 255]
  [224 224 224]
  [170 170 170]
  ...
  [170 170 170]
  [224 224 224]
  [255 255 255]]

 [[255 255 255]
  [179 179 179]
  [ 42  42  42]
  ...
  [ 42  42  42]
  [179 179 179]
  [255 255 255]]

 ...

 [[  0   0   0]
  [  0   0   0]
  [  0   0   0]
  ...
  [  0   0   0]
  [  0   0   0]
  [  0   0   0]]

 [[  0   0   0]
  [  0   0   0]
  [  0   0   0]
  ...
  [  0   0   0]
  [  0   0   0]
  [  0   0   0]]

 [[  0   0   0]
  [  0   0   0]
  [  0   0   0]
  ...
  [  0   0   0]
  [  0   0   0]
  [  0   0   0]]]
Game Area: [[ 0  0  0  0  0  0  0  0  0  0  0  0  0  0  0  0  0  0  0  0]
 [ 0  0  0  0  0  0  0  0  0  0  0  0  0  0  0  0  0  0  0  0]
 [ 0  0  0  0  0  0  0  0  0  0  0  0  0  0  0  0  0  0  0  0]
 [ 0  0  0  0  0  0  0  0  0  0  0  0  0  0  0  0  0  0  0  0]
 [ 0  0  0  0  0  0  0  0  0  0  0  0  0  0  0  0  0  0  0  0]
 [ 0  0  0  0  0  0  0  0  0  0  0  0  0  0  0  0  0  0  0  0]
 [ 0  0  0  0  0  0  0  0  0  0  0  0  0  0  0  0  0  0  0  0]
 [ 0  0  0  0  0  0  0  0  0  0  0  0  0  0  0  0  0  0  0  0]
 [ 0  0  0  0  0  0  0  0  0  0  0  0  0  0  0  0  0  0  0  0]
 [ 0  0  0  0  0  1  1  0  0  0  0  0  0  0  0  0  0  0  0  0]
 [ 0  0  0  0  0  1  1  0  0  0  0  0  0  0  0  0  0  0  0  0]
 [ 0  0  0  0  0  0  0  0  0  0  0  0  0  0  0  0  0  0  0  0]
 [ 0 14 14  0  0  0  0  0  0  0  0  0  0  0  0  0  0  0  0  0]
 [ 0 14 14  0  0  0  0  0  0  0  0  0  0  0  0  0  0  0  0  0]
 [10 10 10 10 10 10 10 10 10 10 10 10 10 10 10 10 10 10 10 10]
 [10 10 10 10 10 10 10 10 10 10 10 10 10 10 10 10 10 10 10 10]]
State: {'lives': 2, 'score': 100, 'coins': 1, 'stage': 1, 'world': 1, 'x_position': 259, 'time': 395, 'dead_timer': 0, 'dead_jump_timer': 0, 'game_over': False}
Frame: [[[255 255 255]
  [255 255 255]
  [255 255 255]
  ...
  [255 255 255]
  [255 255 255]
  [255 255 255]]

 [[255 255 255]
  [224 224 224]
  [170 170 170]
  ...
  [170 170 170]
  [224 224 224]
  [255 255 255]]

 [[255 255 255]
  [179 179 179]
  [ 42  42  42]
  ...
  [ 42  42  42]
  [179 179 179]
  [255 255 255]]

 ...

 [[  0   0   0]
  [  0   0   0]
  [  0   0   0]
  ...
  [  0   0   0]
  [  0   0   0]
  [  0   0   0]]

 [[  0   0   0]
  [  0   0   0]
  [  0   0   0]
  ...
  [  0   0   0]
  [  0   0   0]
  [  0   0   0]]

 [[  0   0   0]
  [  0   0   0]
  [  0   0   0]
  ...
  [  0   0   0]
  [  0   0   0]
  [  0   0   0]]]
Game Area: [[ 0  0  0  0  0  0  0  0  0  0  0  0  0  0  0  0  0  0  0  0]
 [ 0  0  0  0  0  0  0  0  0  0  0  0  0  0  0  0  0  0  0  0]
 [ 0  0  0  0  0  0  0  0  0  0  0  0  0  0  0  0  0  0  0  0]
 [ 0  0  0  0  0  0  0  0  0  0  0  0  0  0  0  0  0  0  0  0]
 [ 0  0  0  0  0  0  0  0  0  0  0  0  0  0  0  0  0  0  0  0]
 [ 0  0  0  0  0  0  0  0  0  0  0  0  0  0  0  0  0  0  0  0]
 [ 0  0  0  0  0  0  0  0  0  0  0  0  0  0  0  0  0  0  0  0]
 [ 0  0  0  0  0  0  0  0  0  0  0  0  0  0  0  0  0  0  0  0]
 [ 0  0  0  0  0  1  1  0  0  0  0  0  0  0  0  0  0  0  0  0]
 [ 0  0  0  0  0  1  1  0  0  0  0  0  0  0  0  0  0  0  0  0]
 [ 0  0  0  0  0  0  0  0  0  0  0  0  0  0  0  0  0  0  0  0]
 [ 0  0  0  0  0  0  0  0  0  0  0  0  0  0  0  0  0  0  0  0]
 [ 0 14 14  0  0  0  0  0  0  0  0  0  0  0  0  0  0  0  0  0]
 [ 0 14 14  0  0  0  0  0  0  0  0  0  0  0  0  0  0  0  0  0]
 [10 10 10 10 10 10 10 10 10 10 10 10 10 10 10 10 10 10 10 10]
 [10 10 10 10 10 10 10 10 10 10 10 10 10 10 10 10 10 10 10 10]]
State: {'lives': 2, 'score': 100, 'coins': 1, 'stage': 1, 'world': 1, 'x_position': 259, 'time': 394, 'dead_timer': 0, 'dead_jump_timer': 0, 'game_over': False}
Frame: [[[255 255 255]
  [255 255 255]
  [255 255 255]
  ...
  [255 255 255]
  [255 255 255]
  [255 255 255]]

 [[255 255 255]
  [224 224 224]
  [170 170 170]
  ...
  [170 170 170]
  [224 224 224]
  [255 255 255]]

 [[255 255 255]
  [179 179 179]
  [ 42  42  42]
  ...
  [ 42  42  42]
  [179 179 179]
  [255 255 255]]

 ...

 [[  0   0   0]
  [  0   0   0]
  [  0   0   0]
  ...
  [  0   0   0]
  [  0   0   0]
  [  0   0   0]]

 [[  0   0   0]
  [  0   0   0]
  [  0   0   0]
  ...
  [  0   0   0]
  [  0   0   0]
  [  0   0   0]]

 [[  0   0   0]
  [  0   0   0]
  [  0   0   0]
  ...
  [  0   0   0]
  [  0   0   0]
  [  0   0   0]]]
Game Area: [[ 0  0  0  0  0  0  0  0  0  0  0  0  0  0  0  0  0  0  0  0]
 [ 0  0  0  0  0  0  0  0  0  0  0  0  0  0  0  0  0  0  0  0]
 [ 0  0  0  0  0  0  0  0  0  0  0  0  0  0  0  0  0  0  0  0]
 [ 0  0  0  0  0  0  0  0  0  0  0  0  0  0  0  0  0  0  0  0]
 [ 0  0  0  0  0  0  0  0  0  0  0  0  0  0  0  0  0  0  0  0]
 [ 0  0  0  0  0  0  0  0  0  0  0  0  0  0  0  0  0  0  0  0]
 [ 0  0  0  0  0  0  0  0  0  0  0  0  0  0  0  0  0  0  0  0]
 [ 0  0  0  0  0  0  0  0  0  0  0  0  0  0  0  0  0  0  0  0]
 [ 0  0  0  0  0  1  1  0  0  0  0  0  0  0  0  0  0  0  0  0]
 [ 0  0  0  0  0  1  1  0  0  0  0  0  0  0  0  0  0  0  0  0]
 [ 0  0  0  0  0  0  0  0  0  0  0  0  0  0  0  0  0  0  0  0]
 [ 0  0  0  0  0  0  0  0  0  0  0  0  0  0  0  0  0  0  0  0]
 [ 0 14 14  0  0  0  0  0  0  0  0  0  0  0  0  0  0  0  0  0]
 [ 0 14 14  0  0  0  0  0  0  0  0  0  0  0  0  0  0  0  0  0]
 [10 10 10 10 10 10 10 10 10 10 10 10 10 10 10 10 10 10 10 10]
 [10 10 10 10 10 10 10 10 10 10 10 10 10 10 10 10 10 10 10 10]]
State: {'lives': 2, 'score': 100, 'coins': 1, 'stage': 1, 'world': 1, 'x_position': 259, 'time': 394, 'dead_timer': 0, 'dead_jump_timer': 0, 'game_over': False}
Frame: [[[255 255 255]
  [255 255 255]
  [255 255 255]
  ...
  [255 255 255]
  [255 255 255]
  [255 255 255]]

 [[255 255 255]
  [224 224 224]
  [170 170 170]
  ...
  [170 170 170]
  [224 224 224]
  [255 255 255]]

 [[255 255 255]
  [179 179 179]
  [ 42  42  42]
  ...
  [ 42  42  42]
  [179 179 179]
  [255 255 255]]

 ...

 [[  0   0   0]
  [  0   0   0]
  [  0   0   0]
  ...
  [  0   0   0]
  [  0   0   0]
  [  0   0   0]]

 [[  0   0   0]
  [  0   0   0]
  [  0   0   0]
  ...
  [  0   0   0]
  [  0   0   0]
  [  0   0   0]]

 [[  0   0   0]
  [  0   0   0]
  [  0   0   0]
  ...
  [  0   0   0]
  [  0   0   0]
  [  0   0   0]]]
Game Area: [[ 0  0  0  0  0  0  0  0  0  0  0  0  0  0  0  0  0  0  0  0]
 [ 0  0  0  0  0  0  0  0  0  0  0  0  0  0  0  0  0  0  0  0]
 [ 0  0  0  0  0  0  0  0  0  0  0  0  0  0  0  0  0  0  0  0]
 [ 0  0  0  0  0  0  0  0  0  0  0  0  0  0  0  0  0  0  0  0]
 [ 0  0  0  0  0  0  0  0  0  0  0  0  0  0  0  0  0  0  0  0]
 [ 0  0  0  0  0  0  0  0  0  0  0  0  0  0  0  0  0  0  0  0]
 [ 0  0  0  0  0  0  0  0  0  0  0  0  0  0  0  0  0  0  0  0]
 [ 0  0  0  0  0  0  0  0  0  0  0  0  0  0  0  0  0  0  0  0]
 [ 0  0  0  0  0  0  0  0  0  0  0  0  0  0  0  0  0  0  0  0]
 [ 0  0  0  0  0  1  1  0  0  0  0  0  0  0  0  0  0  0  0  0]
 [ 0  0  0  0  0  1  1  0  0  0  0  0  0  0  0  0  0  0  0  0]
 [ 0  0  0  0  0  0  0  0  0  0  0  0  0  0  0  0  0  0  0  0]
 [ 0 14 14  0  0  0  0  0  0  0  0  0  0  0  0  0  0  0  0  0]
 [ 0 14 14  0  0  0  0  0  0  0  0  0  0  0  0  0  0  0  0  0]
 [10 10 10 10 10 10 10 10 10 10 10 10 10 10 10 10 10 10 10 10]
 [10 10 10 10 10 10 10 10 10 10 10 10 10 10 10 10 10 10 10 10]]
State: {'lives': 2, 'score': 100, 'coins': 1, 'stage': 1, 'world': 1, 'x_position': 259, 'time': 394, 'dead_timer': 0, 'dead_jump_timer': 0, 'game_over': False}
Frame: [[[255 255 255]
  [255 255 255]
  [255 255 255]
  ...
  [255 255 255]
  [255 255 255]
  [255 255 255]]

 [[255 255 255]
  [224 224 224]
  [170 170 170]
  ...
  [170 170 170]
  [224 224 224]
  [255 255 255]]

 [[255 255 255]
  [179 179 179]
  [ 42  42  42]
  ...
  [ 42  42  42]
  [179 179 179]
  [255 255 255]]

 ...

 [[  0   0   0]
  [  0   0   0]
  [  0   0   0]
  ...
  [  0   0   0]
  [  0   0   0]
  [  0   0   0]]

 [[  0   0   0]
  [  0   0   0]
  [  0   0   0]
  ...
  [  0   0   0]
  [  0   0   0]
  [  0   0   0]]

 [[  0   0   0]
  [  0   0   0]
  [  0   0   0]
  ...
  [  0   0   0]
  [  0   0   0]
  [  0   0   0]]]
Game Area: [[ 0  0  0  0  0  0  0  0  0  0  0  0  0  0  0  0  0  0  0  0]
 [ 0  0  0  0  0  0  0  0  0  0  0  0  0  0  0  0  0  0  0  0]
 [ 0  0  0  0  0  0  0  0  0  0  0  0  0  0  0  0  0  0  0  0]
 [ 0  0  0  0  0  0  0  0  0  0  0  0  0  0  0  0  0  0  0  0]
 [ 0  0  0  0  0  0  0  0  0  0  0  0  0  0  0  0  0  0  0  0]
 [ 0  0  0  0  0  0  0  0  0  0  0  0  0  0  0  0  0  0  0  0]
 [ 0  0  0  0  0  0  0  0  0  0  0  0  0  0  0  0  0  0  0  0]
 [ 0  0  0  0  0  0  0  0  0  0  0  0  0  0  0  0  0  0  0  0]
 [ 0  0  0  0  0  0  0  0  0  0  0  0  0  0  0  0  0  0  0  0]
 [ 0  0  0  0  0 10  0  0  0  0  0  0  0  0  0  0  0  0  0  0]
 [ 0  0  0  0  0  0  0  0  0  0  0  0  0  0  0  0  0  0  0  0]
 [ 0  0  0  0  0  0  0  0  0  0  0  0  0  0  0  0  0  0  0  0]
 [ 0 14 14  0  0  1  1  0  0  0  0  0  0  0  0  0  0  0  0  0]
 [ 0 14 14  0  0  1  1  0  0  0  0  0  0  0  0  0  0  0  0  0]
 [10 10 10 10 10 10 10 10 10 10 10 10 10 10 10 10 10 10 10 10]
 [10 10 10 10 10 10 10 10 10 10 10 10 10 10 10 10 10 10 10 10]]
State: {'lives': 2, 'score': 100, 'coins': 1, 'stage': 1, 'world': 1, 'x_position': 259, 'time': 394, 'dead_timer': 0, 'dead_jump_timer': 0, 'game_over': False}
Frame: [[[255 255 255]
  [255 255 255]
  [255 255 255]
  ...
  [255 255 255]
  [255 255 255]
  [255 255 255]]

 [[255 255 255]
  [224 224 224]
  [170 170 170]
  ...
  [170 170 170]
  [224 224 224]
  [255 255 255]]

 [[255 255 255]
  [179 179 179]
  [ 42  42  42]
  ...
  [ 42  42  42]
  [179 179 179]
  [255 255 255]]

 ...

 [[  0   0   0]
  [  0   0   0]
  [  0   0   0]
  ...
  [  0   0   0]
  [  0   0   0]
  [  0   0   0]]

 [[  0   0   0]
  [  0   0   0]
  [  0   0   0]
  ...
  [  0   0   0]
  [  0   0   0]
  [  0   0   0]]

 [[  0   0   0]
  [  0   0   0]
  [  0   0   0]
  ...
  [  0   0   0]
  [  0   0   0]
  [  0   0   0]]]
Game Area: [[ 0  0  0  0  0  0  0  0  0  0  0  0  0  0  0  0  0  0  0  0]
 [ 0  0  0  0  0  0  0  0  0  0  0  0  0  0  0  0  0  0  0  0]
 [ 0  0  0  0  0  0  0  0  0  0  0  0  0  0  0  0  0  0  0  0]
 [ 0  0  0  0  0  0  0  0  0  0  0  0  0  0  0  0  0  0  0  0]
 [ 0  0  0  0  0  0  0  0  0  0  0  0  0  0  0  0  0  0  0  0]
 [ 0  0  0  0  0  0  0  0  0  0  0  0  0  0  0  0  0  0  0  0]
 [ 0  0  0  0  0  0  0  0  0  0  0  0  0  0  0  0  0  0  0  0]
 [ 0  0  0  0  0  0  0  0  0  0  0  0  0  0  0  0  0  0  0  0]
 [ 0  0  0  0  0  0  0  0  0  0  0  0  0  0  0  0  0  0  0  0]
 [ 0  0  0  0  0 10  0  0  0  0  0  0  0  0  0  0  0  0  0  0]
 [ 0  0  0  0  0  0  0  0  0  0  0  0  0  0  0  0  0  0  0  0]
 [ 0  0  0  0  0  0  0  0  0  0  0  0  0  0  0  0  0  0  0  0]
 [ 0 14 14  0  0  1  1  0  0  0  0  0  0  0  0  0  0  0  0  0]
 [ 0 14 14  0  0  1  1  0  0  0  0  0  0  0  0  0  0  0  0  0]
 [10 10 10 10 10 10 10 10 10 10 10 10 10 10 10 10 10 10 10 10]
 [10 10 10 10 10 10 10 10 10 10 10 10 10 10 10 10 10 10 10 10]]
State: {'lives': 2, 'score': 100, 'coins': 1, 'stage': 1, 'world': 1, 'x_position': 252, 'time': 393, 'dead_timer': 0, 'dead_jump_timer': 0, 'game_over': False}
Frame: [[[255 255 255]
  [255 255 255]
  [255 255 255]
  ...
  [255 255 255]
  [255 255 255]
  [255 255 255]]

 [[255 255 255]
  [224 224 224]
  [170 170 170]
  ...
  [170 170 170]
  [224 224 224]
  [255 255 255]]

 [[255 255 255]
  [179 179 179]
  [ 42  42  42]
  ...
  [ 42  42  42]
  [179 179 179]
  [255 255 255]]

 ...

 [[  0   0   0]
  [  0   0   0]
  [  0   0   0]
  ...
  [  0   0   0]
  [  0   0   0]
  [  0   0   0]]

 [[  0   0   0]
  [  0   0   0]
  [  0   0   0]
  ...
  [  0   0   0]
  [  0   0   0]
  [  0   0   0]]

 [[  0   0   0]
  [  0   0   0]
  [  0   0   0]
  ...
  [  0   0   0]
  [  0   0   0]
  [  0   0   0]]]
Game Area: [[ 0  0  0  0  0  0  0  0  0  0  0  0  0  0  0  0  0  0  0  0]
 [ 0  0  0  0  0  0  0  0  0  0  0  0  0  0  0  0  0  0  0  0]
 [ 0  0  0  0  0  0  0  0  0  0  0  0  0  0  0  0  0  0  0  0]
 [ 0  0  0  0  0  0  0  0  0  0  0  0  0  0  0  0  0  0  0  0]
 [ 0  0  0  0  0  0  0  0  0  0  0  0  0  0  0  0  0  0  0  0]
 [ 0  0  0  0  0  0  0  0  0  0  0  0  0  0  0  0  0  0  0  0]
 [ 0  0  0  0  0  0  0  0  0  0  0  0  0  0  0  0  0  0  0  0]
 [ 0  0  0  0  0  0  0  0  0  0  0  0  0  0  0  0  0  0  0  0]
 [ 0  0  0  0  0  0  0  0  0  0  0  0  0  0  0  0  0  0  0  0]
 [ 0  0  0  0  0 10  0  0  0  0  0  0  0  0  0  0  0  0  0  0]
 [ 0  0  0  0  0  0  0  0  0  0  0  0  0  0  0  0  0  0  0  0]
 [ 0  0  0  0  0  0  0  0  0  0  0  0  0  0  0  0  0  0  0  0]
 [ 0 14 14  0  1  1  0  0  0  0  0  0  0  0  0  0  0  0  0  0]
 [ 0 14 14  0  1  1  0  0  0  0  0  0  0  0  0  0  0  0  0  0]
 [10 10 10 10 10 10 10 10 10 10 10 10 10 10 10 10 10 10 10 10]
 [10 10 10 10 10 10 10 10 10 10 10 10 10 10 10 10 10 10 10 10]]
State: {'lives': 2, 'score': 100, 'coins': 1, 'stage': 1, 'world': 1, 'x_position': 253, 'time': 393, 'dead_timer': 0, 'dead_jump_timer': 0, 'game_over': False}
Frame: [[[255 255 255]
  [255 255 255]
  [255 255 255]
  ...
  [255 255 255]
  [255 255 255]
  [255 255 255]]

 [[255 255 255]
  [224 224 224]
  [170 170 170]
  ...
  [170 170 170]
  [224 224 224]
  [255 255 255]]

 [[255 255 255]
  [179 179 179]
  [ 42  42  42]
  ...
  [ 42  42  42]
  [179 179 179]
  [255 255 255]]

 ...

 [[  0   0   0]
  [  0   0   0]
  [  0   0   0]
  ...
  [  0   0   0]
  [  0   0   0]
  [  0   0   0]]

 [[  0   0   0]
  [  0   0   0]
  [  0   0   0]
  ...
  [  0   0   0]
  [  0   0   0]
  [  0   0   0]]

 [[  0   0   0]
  [  0   0   0]
  [  0   0   0]
  ...
  [  0   0   0]
  [  0   0   0]
  [  0   0   0]]]
Game Area: [[ 0  0  0  0  0  0  0  0  0  0  0  0  0  0  0  0  0  0  0  0]
 [ 0  0  0  0  0  0  0  0  0  0  0  0  0  0  0  0  0  0  0  0]
 [ 0  0  0  0  0  0  0  0  0  0  0  0  0  0  0  0  0  0  0  0]
 [ 0  0  0  0  0  0  0  0  0  0  0  0  0  0  0  0  0  0  0  0]
 [ 0  0  0  0  0  0  0  0  0  0  0  0  0  0  0  0  0  0  0  0]
 [ 0  0  0  0  0  0  0  0  0  0  0  0  0  0  0  0  0  0  0  0]
 [ 0  0  0  0  0  0  0  0  0  0  0  0  0  0  0  0  0  0  0  0]
 [ 0  0  0  0  0  0  0  0  0  0  0  0  0  0  0  0  0  0  0  0]
 [ 0  0  0  0  0  0  0  0  0  0  0  0  0  0  0  0  0  0  0  0]
 [ 0  0  0  0  0 10  0  0  0  0  0  0  0  0  0  0  0  0  0  0]
 [ 0  0  0  0  0  0  0  0  0  0  0  0  0  0  0  0  0  0  0  0]
 [ 0  0  0  0  0  0  0  0  0  0  0  0  0  0  0  0  0  0  0  0]
 [ 0 14 14  0  1  1  0  0  0  0  0  0  0  0  0  0  0  0  0  0]
 [ 0 14 14  0  1  1  0  0  0  0  0  0  0  0  0  0  0  0  0  0]
 [10 10 10 10 10 10 10 10 10 10 10 10 10 10 10 10 10 10 10 10]
 [10 10 10 10 10 10 10 10 10 10 10 10 10 10 10 10 10 10 10 10]]
State: {'lives': 2, 'score': 100, 'coins': 1, 'stage': 1, 'world': 1, 'x_position': 252, 'time': 393, 'dead_timer': 0, 'dead_jump_timer': 0, 'game_over': False}
Frame: [[[255 255 255]
  [255 255 255]
  [255 255 255]
  ...
  [255 255 255]
  [255 255 255]
  [255 255 255]]

 [[255 255 255]
  [224 224 224]
  [170 170 170]
  ...
  [170 170 170]
  [224 224 224]
  [255 255 255]]

 [[255 255 255]
  [179 179 179]
  [ 42  42  42]
  ...
  [ 42  42  42]
  [179 179 179]
  [255 255 255]]

 ...

 [[  0   0   0]
  [  0   0   0]
  [  0   0   0]
  ...
  [  0   0   0]
  [  0   0   0]
  [  0   0   0]]

 [[  0   0   0]
  [  0   0   0]
  [  0   0   0]
  ...
  [  0   0   0]
  [  0   0   0]
  [  0   0   0]]

 [[  0   0   0]
  [  0   0   0]
  [  0   0   0]
  ...
  [  0   0   0]
  [  0   0   0]
  [  0   0   0]]]
Game Area: [[ 0  0  0  0  0  0  0  0  0  0  0  0  0  0  0  0  0  0  0  0]
 [ 0  0  0  0  0  0  0  0  0  0  0  0  0  0  0  0  0  0  0  0]
 [ 0  0  0  0  0  0  0  0  0  0  0  0  0  0  0  0  0  0  0  0]
 [ 0  0  0  0  0  0  0  0  0  0  0  0  0  0  0  0  0  0  0  0]
 [ 0  0  0  0  0  0  0  0  0  0  0  0  0  0  0  0  0  0  0  0]
 [ 0  0  0  0  0  0  0  0  0  0  0  0  0  0  0  0  0  0  0  0]
 [ 0  0  0  0  0  0  0  0  0  0  0  0  0  0  0  0  0  0  0  0]
 [ 0  0  0  0  0  0  0  0  0  0  0  0  0  0  0  0  0  0  0  0]
 [ 0  0  0  0  0  0  0  0  0  0  0  0  0  0  0  0  0  0  0  0]
 [ 0  0  0  0  0 10  0  0  0  0  0  0  0  0  0  0  0  0  0  0]
 [ 0  0  0  0  0  0  0  0  0  0  0  0  0  0  0  0  0  0  0  0]
 [ 0  0  0  0  0  0  0  0  0  0  0  0  0  0  0  0  0  0  0  0]
 [ 0 14 14  0  1  1  0  0  0  0  0  0  0  0  0  0  0  0  0  0]
 [ 0 14 14  0  1  1  0  0  0  0  0  0  0  0  0  0  0  0  0  0]
 [10 10 10 10 10 10 10 10 10 10 10 10 10 10 10 10 10 10 10 10]
 [10 10 10 10 10 10 10 10 10 10 10 10 10 10 10 10 10 10 10 10]]
State: {'lives': 2, 'score': 100, 'coins': 1, 'stage': 1, 'world': 1, 'x_position': 251, 'time': 393, 'dead_timer': 0, 'dead_jump_timer': 0, 'game_over': False}
Frame: [[[255 255 255]
  [255 255 255]
  [255 255 255]
  ...
  [255 255 255]
  [255 255 255]
  [255 255 255]]

 [[255 255 255]
  [224 224 224]
  [170 170 170]
  ...
  [170 170 170]
  [224 224 224]
  [255 255 255]]

 [[255 255 255]
  [179 179 179]
  [ 42  42  42]
  ...
  [ 42  42  42]
  [179 179 179]
  [255 255 255]]

 ...

 [[  0   0   0]
  [  0   0   0]
  [  0   0   0]
  ...
  [  0   0   0]
  [  0   0   0]
  [  0   0   0]]

 [[  0   0   0]
  [  0   0   0]
  [  0   0   0]
  ...
  [  0   0   0]
  [  0   0   0]
  [  0   0   0]]

 [[  0   0   0]
  [  0   0   0]
  [  0   0   0]
  ...
  [  0   0   0]
  [  0   0   0]
  [  0   0   0]]]
Game Area: [[ 0  0  0  0  0  0  0  0  0  0  0  0  0  0  0  0  0  0  0  0]
 [ 0  0  0  0  0  0  0  0  0  0  0  0  0  0  0  0  0  0  0  0]
 [ 0  0  0  0  0  0  0  0  0  0  0  0  0  0  0  0  0  0  0  0]
 [ 0  0  0  0  0  0  0  0  0  0  0  0  0  0  0  0  0  0  0  0]
 [ 0  0  0  0  0  0  0  0  0  0  0  0  0  0  0  0  0  0  0  0]
 [ 0  0  0  0  0  0  0  0  0  0  0  0  0  0  0  0  0  0  0  0]
 [ 0  0  0  0  0  0  0  0  0  0  0  0  0  0  0  0  0  0  0  0]
 [ 0  0  0  0  0  0  0  0  0  0  0  0  0  0  0  0  0  0  0  0]
 [ 0  0  0  0  0  0  0  0  0  0  0  0  0  0  0  0  0  0  0  0]
 [ 0  0  0  0  0 10  0  0  0  0  0  0  0  0  0  0  0  0  0  0]
 [ 0  0  0  0  0  0  0  0  0  0  0  0  0  0  0  0  0  0  0  0]
 [ 0  0  0  0  0  0  0  0  0  0  0  0  0  0  0  0  0  0  0  0]
 [ 0 14 14  0  1  1  0  0  0  0  0  0  0  0  0  0  0  0  0  0]
 [ 0 14 14  0  1  1  0  0  0  0  0  0  0  0  0  0  0  0  0  0]
 [10 10 10 10 10 10 10 10 10 10 10 10 10 10 10 10 10 10 10 10]
 [10 10 10 10 10 10 10 10 10 10 10 10 10 10 10 10 10 10 10 10]]
State: {'lives': 2, 'score': 100, 'coins': 1, 'stage': 1, 'world': 1, 'x_position': 258, 'time': 392, 'dead_timer': 0, 'dead_jump_timer': 0, 'game_over': False}
Frame: [[[255 255 255]
  [255 255 255]
  [255 255 255]
  ...
  [255 255 255]
  [255 255 255]
  [255 255 255]]

 [[255 255 255]
  [224 224 224]
  [170 170 170]
  ...
  [170 170 170]
  [224 224 224]
  [255 255 255]]

 [[255 255 255]
  [179 179 179]
  [ 42  42  42]
  ...
  [ 42  42  42]
  [179 179 179]
  [255 255 255]]

 ...

 [[  0   0   0]
  [  0   0   0]
  [  0   0   0]
  ...
  [  0   0   0]
  [  0   0   0]
  [  0   0   0]]

 [[  0   0   0]
  [  0   0   0]
  [  0   0   0]
  ...
  [  0   0   0]
  [  0   0   0]
  [  0   0   0]]

 [[  0   0   0]
  [  0   0   0]
  [  0   0   0]
  ...
  [  0   0   0]
  [  0   0   0]
  [  0   0   0]]]
Game Area: [[ 0  0  0  0  0  0  0  0  0  0  0  0  0  0  0  0  0  0  0  0]
 [ 0  0  0  0  0  0  0  0  0  0  0  0  0  0  0  0  0  0  0  0]
 [ 0  0  0  0  0  0  0  0  0  0  0  0  0  0  0  0  0  0  0  0]
 [ 0  0  0  0  0  0  0  0  0  0  0  0  0  0  0  0  0  0  0  0]
 [ 0  0  0  0  0  0  0  0  0  0  0  0  0  0  0  0  0  0  0  0]
 [ 0  0  0  0  0  0  0  0  0  0  0  0  0  0  0  0  0  0  0  0]
 [ 0  0  0  0  0  0  0  0  0  0  0  0  0  0  0  0  0  0  0  0]
 [ 0  0  0  0  0  0  0  0  0  0  0  0  0  0  0  0  0  0  0  0]
 [ 0  0  0  0  0  0  0  0  0  0  0  0  0  0  0  0  0  0  0  0]
 [ 0  0  0  0  0 10  0  0  0  0  0  0  0  0  0  0  0  0  0  0]
 [ 0  0  0  0  0  0  0  0  0  0  0  0  0  0  0  0  0  0  0  0]
 [ 0  0  0  0  0  0  0  0  0  0  0  0  0  0  0  0  0  0  0  0]
 [ 0 14 14  0  0  1  1  0  0  0  0  0  0  0  0  0  0  0  0  0]
 [ 0 14 14  0  0  1  1  0  0  0  0  0  0  0  0  0  0  0  0  0]
 [10 10 10 10 10 10 10 10 10 10 10 10 10 10 10 10 10 10 10 10]
 [10 10 10 10 10 10 10 10 10 10 10 10 10 10 10 10 10 10 10 10]]
State: {'lives': 2, 'score': 100, 'coins': 1, 'stage': 1, 'world': 1, 'x_position': 263, 'time': 392, 'dead_timer': 0, 'dead_jump_timer': 0, 'game_over': False}
Frame: [[[255 255 255]
  [255 255 255]
  [255 255 255]
  ...
  [255 255 255]
  [255 255 255]
  [255 255 255]]

 [[255 255 255]
  [224 224 224]
  [170 170 170]
  ...
  [170 170 170]
  [224 224 224]
  [255 255 255]]

 [[255 255 255]
  [179 179 179]
  [ 42  42  42]
  ...
  [ 42  42  42]
  [179 179 179]
  [255 255 255]]

 ...

 [[  0   0   0]
  [  0   0   0]
  [  0   0   0]
  ...
  [  0   0   0]
  [  0   0   0]
  [  0   0   0]]

 [[  0   0   0]
  [  0   0   0]
  [  0   0   0]
  ...
  [  0   0   0]
  [  0   0   0]
  [  0   0   0]]

 [[  0   0   0]
  [  0   0   0]
  [  0   0   0]
  ...
  [  0   0   0]
  [  0   0   0]
  [  0   0   0]]]
Game Area: [[ 0  0  0  0  0  0  0  0  0  0  0  0  0  0  0  0  0  0  0  0]
 [ 0  0  0  0  0  0  0  0  0  0  0  0  0  0  0  0  0  0  0  0]
 [ 0  0  0  0  0  0  0  0  0  0  0  0  0  0  0  0  0  0  0  0]
 [ 0  0  0  0  0  0  0  0  0  0  0  0  0  0  0  0  0  0  0  0]
 [ 0  0  0  0  0  0  0  0  0  0  0  0  0  0  0  0  0  0  0  0]
 [ 0  0  0  0  0  0  0  0  0  0  0  0  0  0  0  0  0  0  0  0]
 [ 0  0  0  0  0  0  0  0  0  0  0  0  0  0  0  0  0  0  0  0]
 [ 0  0  0  0  0  0  0  0  0  0  0  0  0  0  0  0  0  0  0  0]
 [ 0  0  0  0  0  0  0  0  0  0  0  0  0  0  0  0  0  0  0  0]
 [ 0  0  0  0  0  1  1  0  0  0  0  0  0  0  0  0  0  0  0  0]
 [ 0  0  0  0  0  1  1  0  0  0  0  0  0  0  0  0  0  0  0  0]
 [ 0  0  0  0  0  0  0  0  0  0  0  0  0  0  0  0  0  0  0  0]
 [ 0 14 14  0  0  0  0  0  0  0  0  0  0  0  0  0  0  0  0  0]
 [ 0 14 14  0  0  0  0  0  0  0  0  0  0  0  0  0  0  0  0  0]
 [10 10 10 10 10 10 10 10 10 10 10 10 10 10 10 10 10 10 10 10]
 [10 10 10 10 10 10 10 10 10 10 10 10 10 10 10 10 10 10 10 10]]
State: {'lives': 2, 'score': 100, 'coins': 1, 'stage': 1, 'world': 1, 'x_position': 268, 'time': 392, 'dead_timer': 0, 'dead_jump_timer': 0, 'game_over': False}
Frame: [[[255 255 255]
  [255 255 255]
  [255 255 255]
  ...
  [255 255 255]
  [255 255 255]
  [255 255 255]]

 [[255 255 255]
  [224 224 224]
  [170 170 170]
  ...
  [170 170 170]
  [224 224 224]
  [255 255 255]]

 [[255 255 255]
  [179 179 179]
  [ 42  42  42]
  ...
  [ 42  42  42]
  [179 179 179]
  [255 255 255]]

 ...

 [[  0   0   0]
  [  0   0   0]
  [  0   0   0]
  ...
  [  0   0   0]
  [  0   0   0]
  [  0   0   0]]

 [[  0   0   0]
  [  0   0   0]
  [  0   0   0]
  ...
  [  0   0   0]
  [  0   0   0]
  [  0   0   0]]

 [[  0   0   0]
  [  0   0   0]
  [  0   0   0]
  ...
  [  0   0   0]
  [  0   0   0]
  [  0   0   0]]]
Game Area: [[ 0  0  0  0  0  0  0  0  0  0  0  0  0  0  0  0  0  0  0  0]
 [ 0  0  0  0  0  0  0  0  0  0  0  0  0  0  0  0  0  0  0  0]
 [ 0  0  0  0  0  0  0  0  0  0  0  0  0  0  0  0  0  0  0  0]
 [ 0  0  0  0  0  0  0  0  0  0  0  0  0  0  0  0  0  0  0  0]
 [ 0  0  0  0  0  0  0  0  0  0  0  0  0  0  0  0  0  0  0  0]
 [ 0  0  0  0  0  0  0  0  0  0  0  0  0  0  0  0  0  0  0  0]
 [ 0  0  0  0  0  0  0  0  0  0  0  0  0  0  0  0  0  0  0  0]
 [ 0  0  0  0  0  0  0  0  0  0  0  0  0  0  0  0  0  0  0  0]
 [ 0  0  0  0  0  0  1  1  0  0  0  0  0  0  0  0  0  0  0  0]
 [ 0  0  0  0  0 10  1  1  0  0  0  0  0  0  0  0  0  0  0  0]
 [ 0  0  0  0  0  0  0  0  0  0  0  0  0  0  0  0  0  0  0  0]
 [ 0  0  0  0  0  0  0  0  0  0  0  0  0  0  0  0  0  0  0  0]
 [ 0 14 14  0  0  0  0  0  0  0  0  0  0  0  0  0  0  0  0  0]
 [ 0 14 14  0  0  0  0  0  0  0  0  0  0  0  0  0  0  0  0  0]
 [10 10 10 10 10 10 10 10 10 10 10 10 10 10 10 10 10 10 10 10]
 [10 10 10 10 10 10 10 10 10 10 10 10 10 10 10 10 10 10 10 10]]
State: {'lives': 2, 'score': 100, 'coins': 1, 'stage': 1, 'world': 1, 'x_position': 273, 'time': 392, 'dead_timer': 0, 'dead_jump_timer': 0, 'game_over': False}
Frame: [[[255 255 255]
  [255 255 255]
  [255 255 255]
  ...
  [255 255 255]
  [255 255 255]
  [255 255 255]]

 [[255 255 255]
  [224 224 224]
  [170 170 170]
  ...
  [170 170 170]
  [224 224 224]
  [255 255 255]]

 [[255 255 255]
  [179 179 179]
  [ 42  42  42]
  ...
  [ 42  42  42]
  [179 179 179]
  [255 255 255]]

 ...

 [[  0   0   0]
  [  0   0   0]
  [  0   0   0]
  ...
  [  0   0   0]
  [  0   0   0]
  [  0   0   0]]

 [[  0   0   0]
  [  0   0   0]
  [  0   0   0]
  ...
  [  0   0   0]
  [  0   0   0]
  [  0   0   0]]

 [[  0   0   0]
  [  0   0   0]
  [  0   0   0]
  ...
  [  0   0   0]
  [  0   0   0]
  [  0   0   0]]]
Game Area: [[ 0  0  0  0  0  0  0  0  0  0  0  0  0  0  0  0  0  0  0  0]
 [ 0  0  0  0  0  0  0  0  0  0  0  0  0  0  0  0  0  0  0  0]
 [ 0  0  0  0  0  0  0  0  0  0  0  0  0  0  0  0  0  0  0  0]
 [ 0  0  0  0  0  0  0  0  0  0  0  0  0  0  0  0  0  0  0  0]
 [ 0  0  0  0  0  0  0  0  0  0  0  0  0  0  0  0  0  0  0  0]
 [ 0  0  0  0  0  0  0  0  0  0  0  0  0  0  0  0  0  0  0  0]
 [ 0  0  0  0  0  0  0  0  0  0  0  0  0  0  0  0  0  0  0  0]
 [ 0  0  0  0  0  0  0  0  0  0  0  0  0  0  0  0  0  0  0  0]
 [ 0  0  0  0  0  0  0  1  1  0  0  0  0  0  0  0  0  0  0  0]
 [ 0  0  0  0  0 10  0  1  1  0  0  0  0  0  0  0  0  0  0  0]
 [ 0  0  0  0  0  0  0  0  0  0  0  0  0  0  0  0  0  0  0  0]
 [ 0  0  0  0  0  0  0  0  0  0  0  0  0  0  0  0  0  0  0  0]
 [ 0 14 14  0  0  0  0  0  0  0  0  0  0  0  0  0  0  0  0  0]
 [ 0 14 14  0  0  0  0  0  0  0  0  0  0  0  0  0  0  0  0  0]
 [10 10 10 10 10 10 10 10 10 10 10 10 10 10 10 10 10 10 10 10]
 [10 10 10 10 10 10 10 10 10 10 10 10 10 10 10 10 10 10 10 10]]
State: {'lives': 2, 'score': 100, 'coins': 1, 'stage': 1, 'world': 1, 'x_position': 278, 'time': 391, 'dead_timer': 0, 'dead_jump_timer': 0, 'game_over': False}
Frame: [[[255 255 255]
  [255 255 255]
  [255 255 255]
  ...
  [255 255 255]
  [255 255 255]
  [255 255 255]]

 [[255 255 255]
  [224 224 224]
  [170 170 170]
  ...
  [170 170 170]
  [224 224 224]
  [255 255 255]]

 [[255 255 255]
  [179 179 179]
  [ 42  42  42]
  ...
  [ 42  42  42]
  [179 179 179]
  [255 255 255]]

 ...

 [[  0   0   0]
  [  0   0   0]
  [  0   0   0]
  ...
  [  0   0   0]
  [  0   0   0]
  [  0   0   0]]

 [[  0   0   0]
  [  0   0   0]
  [  0   0   0]
  ...
  [  0   0   0]
  [  0   0   0]
  [  0   0   0]]

 [[  0   0   0]
  [  0   0   0]
  [  0   0   0]
  ...
  [  0   0   0]
  [  0   0   0]
  [  0   0   0]]]
Game Area: [[ 0  0  0  0  0  0  0  0  0  0  0  0  0  0  0  0  0  0  0  0]
 [ 0  0  0  0  0  0  0  0  0  0  0  0  0  0  0  0  0  0  0  0]
 [ 0  0  0  0  0  0  0  0  0  0  0  0  0  0  0  0  0  0  0  0]
 [ 0  0  0  0  0  0  0  0  0  0  0  0  0  0  0  0  0  0  0  0]
 [ 0  0  0  0  0  0  0  0  0  0  0  0  0  0  0  0  0  0  0  0]
 [ 0  0  0  0  0  0  0  0  0  0  0  0  0  0  0  0  0  0  0  0]
 [ 0  0  0  0  0  0  0  0  0  0  0  0  0  0  0  0  0  0  0  0]
 [ 0  0  0  0  0  0  0  0  0  0  0  0  0  0  0  0  0  0  0  0]
 [ 0  0  0  0  0  0  0  0  0  0  0  0  0  0  0  0  0  0  0  0]
 [ 0  0  0  0  0 10  0  0  0  0  0  0  0  0  0  0  0  0  0  0]
 [ 0  0  0  0  0  0  0  1  1  0  0  0  0  0  0  0  0  0  0  0]
 [ 0  0  0  0  0  0  0  1  1  0  0  0  0  0  0  0  0  0  0  0]
 [ 0 14 14  0  0  0  0  0  0  0  0  0  0  0  0  0  0  0  0  0]
 [ 0 14 14  0  0  0  0  0  0  0  0  0  0  0  0  0  0  0  0  0]
 [10 10 10 10 10 10 10 10 10 10 10 10 10 10 10 10 10 10 10 10]
 [10 10 10 10 10 10 10 10 10 10 10 10 10 10 10 10 10 10 10 10]]
State: {'lives': 2, 'score': 100, 'coins': 1, 'stage': 1, 'world': 1, 'x_position': 286, 'time': 391, 'dead_timer': 0, 'dead_jump_timer': 0, 'game_over': False}
Frame: [[[255 255 255]
  [255 255 255]
  [255 255 255]
  ...
  [255 255 255]
  [255 255 255]
  [255 255 255]]

 [[255 255 255]
  [224 224 224]
  [170 170 170]
  ...
  [170 170 170]
  [224 224 224]
  [255 255 255]]

 [[255 255 255]
  [179 179 179]
  [ 42  42  42]
  ...
  [ 42  42  42]
  [179 179 179]
  [255 255 255]]

 ...

 [[  0   0   0]
  [  0   0   0]
  [  0   0   0]
  ...
  [  0   0   0]
  [  0   0   0]
  [  0   0   0]]

 [[  0   0   0]
  [  0   0   0]
  [  0   0   0]
  ...
  [  0   0   0]
  [  0   0   0]
  [  0   0   0]]

 [[  0   0   0]
  [  0   0   0]
  [  0   0   0]
  ...
  [  0   0   0]
  [  0   0   0]
  [  0   0   0]]]
Game Area: [[ 0  0  0  0  0  0  0  0  0  0  0  0  0  0  0  0  0  0  0  0]
 [ 0  0  0  0  0  0  0  0  0  0  0  0  0  0  0  0  0  0  0  0]
 [ 0  0  0  0  0  0  0  0  0  0  0  0  0  0  0  0  0  0  0  0]
 [ 0  0  0  0  0  0  0  0  0  0  0  0  0  0  0  0  0  0  0  0]
 [ 0  0  0  0  0  0  0  0  0  0  0  0  0  0  0  0  0  0  0  0]
 [ 0  0  0  0  0  0  0  0  0  0  0  0  0  0  0  0  0  0  0  0]
 [ 0  0  0  0  0  0  0  0  0  0  0  0  0  0  0  0  0  0  0  0]
 [ 0  0  0  0  0  0  0  0  0  0  0  0  0  0  0  0  0  0  0  0]
 [ 0  0  0  0  0  0  0  0  0  0  0  0  0  0  0  0  0  0  0  0]
 [ 0  0  0  0  0 10  0  0  0  0  0  0  0  0  0  0  0  0  0  0]
 [ 0  0  0  0  0  0  0  0  0  0  0  0  0  0  0  0  0  0  0  0]
 [ 0  0  0  0  0  0  0  0  0  0  0  0  0  0  0  0  0  0  0  0]
 [ 0 14 14  0  0  0  0  0  1  1  0  0  0  0  0  0  0  0  0  0]
 [ 0 14 14  0  0  0  0  0  1  1  0  0  0  0  0  0  0  0  0  0]
 [10 10 10 10 10 10 10 10 10 10 10 10 10 10 10 10 10 10 10 10]
 [10 10 10 10 10 10 10 10 10 10 10 10 10 10 10 10 10 10 10 10]]
State: {'lives': 2, 'score': 100, 'coins': 1, 'stage': 1, 'world': 1, 'x_position': 291, 'time': 391, 'dead_timer': 0, 'dead_jump_timer': 0, 'game_over': False}
Frame: [[[255 255 255]
  [255 255 255]
  [255 255 255]
  ...
  [255 255 255]
  [255 255 255]
  [255 255 255]]

 [[255 255 255]
  [224 224 224]
  [170 170 170]
  ...
  [170 170 170]
  [224 224 224]
  [255 255 255]]

 [[255 255 255]
  [179 179 179]
  [ 42  42  42]
  ...
  [ 42  42  42]
  [179 179 179]
  [255 255 255]]

 ...

 [[  0   0   0]
  [  0   0   0]
  [  0   0   0]
  ...
  [  0   0   0]
  [  0   0   0]
  [  0   0   0]]

 [[  0   0   0]
  [  0   0   0]
  [  0   0   0]
  ...
  [  0   0   0]
  [  0   0   0]
  [  0   0   0]]

 [[  0   0   0]
  [  0   0   0]
  [  0   0   0]
  ...
  [  0   0   0]
  [  0   0   0]
  [  0   0   0]]]
Game Area: [[ 0  0  0  0  0  0  0  0  0  0  0  0  0  0  0  0  0  0  0  0]
 [ 0  0  0  0  0  0  0  0  0  0  0  0  0  0  0  0  0  0  0  0]
 [ 0  0  0  0  0  0  0  0  0  0  0  0  0  0  0  0  0  0  0  0]
 [ 0  0  0  0  0  0  0  0  0  0  0  0  0  0  0  0  0  0  0  0]
 [ 0  0  0  0  0  0  0  0  0  0  0  0  0  0  0  0  0  0  0  0]
 [ 0  0  0  0  0  0  0  0  0  0  0  0  0  0  0  0  0  0  0  0]
 [ 0  0  0  0  0  0  0  0  0  0  0  0  0  0  0  0  0  0  0  0]
 [ 0  0  0  0  0  0  0  0  0  0  0  0  0  0  0  0  0  0  0  0]
 [ 0  0  0  0  0  0  0  0  0  0  0  0  0  0  0  0  0  0  0  0]
 [ 0  0  0  0 10  0  0  0  0  0  0  0  0  0  0  0  0  0  0  0]
 [ 0  0  0  0  0  0  0  0  0  0  0  0  0  0  0  0  0  0  0  0]
 [ 0  0  0  0  0  0  0  0  0  0  0  0  0  0  0  0  0  0  0  0]
 [14 14  0  0  0  0  0  0  1  1  0  0  0  0  0  0  0  0  0  0]
 [14 14  0  0  0  0  0  0  1  1  0  0  0  0  0  0  0  0  0  0]
 [10 10 10 10 10 10 10 10 10 10 10 10 10 10 10 10 10 10 10 10]
 [10 10 10 10 10 10 10 10 10 10 10 10 10 10 10 10 10 10 10 10]]
State: {'lives': 2, 'score': 100, 'coins': 1, 'stage': 1, 'world': 1, 'x_position': 291, 'time': 391, 'dead_timer': 0, 'dead_jump_timer': 0, 'game_over': False}
Frame: [[[255 255 255]
  [255 255 255]
  [255 255 255]
  ...
  [255 255 255]
  [255 255 255]
  [255 255 255]]

 [[255 255 255]
  [224 224 224]
  [170 170 170]
  ...
  [170 170 170]
  [224 224 224]
  [255 255 255]]

 [[255 255 255]
  [179 179 179]
  [ 42  42  42]
  ...
  [ 42  42  42]
  [179 179 179]
  [255 255 255]]

 ...

 [[  0   0   0]
  [  0   0   0]
  [  0   0   0]
  ...
  [  0   0   0]
  [  0   0   0]
  [  0   0   0]]

 [[  0   0   0]
  [  0   0   0]
  [  0   0   0]
  ...
  [  0   0   0]
  [  0   0   0]
  [  0   0   0]]

 [[  0   0   0]
  [  0   0   0]
  [  0   0   0]
  ...
  [  0   0   0]
  [  0   0   0]
  [  0   0   0]]]
Game Area: [[ 0  0  0  0  0  0  0  0  0  0  0  0  0  0  0  0  0  0  0  0]
 [ 0  0  0  0  0  0  0  0  0  0  0  0  0  0  0  0  0  0  0  0]
 [ 0  0  0  0  0  0  0  0  0  0  0  0  0  0  0  0  0  0  0  0]
 [ 0  0  0  0  0  0  0  0  0  0  0  0  0  0  0  0  0  0  0  0]
 [ 0  0  0  0  0  0  0  0  0  0  0  0  0  0  0  0  0  0  0  0]
 [ 0  0  0  0  0  0  0  0  0  0  0  0  0  0  0  0  0  0  0  0]
 [ 0  0  0  0  0  0  0  0  0  0  0  0  0  0  0  0  0  0  0  0]
 [ 0  0  0  0  0  0  0  0  0  0  0  0  0  0  0  0  0  0  0  0]
 [ 0  0  0  0  0  0  0  0  0  0  0  0  0  0  0  0  0  0  0  0]
 [ 0  0  0  0 10  0  0  0  0  0  0  0  0  0  0  0  0  0  0  0]
 [ 0  0  0  0  0  0  0  0  0  0  0  0  0  0  0  0  0  0  0  0]
 [ 0  0  0  0  0  0  0  0  0  0  0  0  0  0  0  0  0  0  0  0]
 [14 14  0  0  0  0  0  0  1  1  0  0  0  0  0  0  0  0  0  0]
 [14 14  0  0  0  0  0  0  1  1  0  0  0  0  0  0  0  0  0  0]
 [10 10 10 10 10 10 10 10 10 10 10 10 10 10 10 10 10 10 10 10]
 [10 10 10 10 10 10 10 10 10 10 10 10 10 10 10 10 10 10 10 10]]
State: {'lives': 2, 'score': 100, 'coins': 1, 'stage': 1, 'world': 1, 'x_position': 291, 'time': 390, 'dead_timer': 0, 'dead_jump_timer': 0, 'game_over': False}
Frame: [[[255 255 255]
  [255 255 255]
  [255 255 255]
  ...
  [255 255 255]
  [255 255 255]
  [255 255 255]]

 [[255 255 255]
  [224 224 224]
  [170 170 170]
  ...
  [170 170 170]
  [224 224 224]
  [255 255 255]]

 [[255 255 255]
  [179 179 179]
  [ 42  42  42]
  ...
  [ 42  42  42]
  [179 179 179]
  [255 255 255]]

 ...

 [[  0   0   0]
  [  0   0   0]
  [  0   0   0]
  ...
  [  0   0   0]
  [  0   0   0]
  [  0   0   0]]

 [[  0   0   0]
  [  0   0   0]
  [  0   0   0]
  ...
  [  0   0   0]
  [  0   0   0]
  [  0   0   0]]

 [[  0   0   0]
  [  0   0   0]
  [  0   0   0]
  ...
  [  0   0   0]
  [  0   0   0]
  [  0   0   0]]]
Game Area: [[ 0  0  0  0  0  0  0  0  0  0  0  0  0  0  0  0  0  0  0  0]
 [ 0  0  0  0  0  0  0  0  0  0  0  0  0  0  0  0  0  0  0  0]
 [ 0  0  0  0  0  0  0  0  0  0  0  0  0  0  0  0  0  0  0  0]
 [ 0  0  0  0  0  0  0  0  0  0  0  0  0  0  0  0  0  0  0  0]
 [ 0  0  0  0  0  0  0  0  0  0  0  0  0  0  0  0  0  0  0  0]
 [ 0  0  0  0  0  0  0  0  0  0  0  0  0  0  0  0  0  0  0  0]
 [ 0  0  0  0  0  0  0  0  0  0  0  0  0  0  0  0  0  0  0  0]
 [ 0  0  0  0  0  0  0  0  0  0  0  0  0  0  0  0  0  0  0  0]
 [ 0  0  0  0  0  0  0  0  0  0  0  0  0  0  0  0  0  0  0  0]
 [ 0  0  0  0 10  0  0  0  0  0  0  0  0  0  0  0  0  0  0  0]
 [ 0  0  0  0  0  0  0  0  0  0  0  0  0  0  0  0  0  0  0  0]
 [ 0  0  0  0  0  0  0  0  0  0  0  0  0  0  0  0  0  0  0  0]
 [14 14  0  0  0  0  0  0  1  1  0  0  0  0  0  0  0  0  0  0]
 [14 14  0  0  0  0  0  0  1  1  0  0  0  0  0  0  0  0  0  0]
 [10 10 10 10 10 10 10 10 10 10 10 10 10 10 10 10 10 10 10 10]
 [10 10 10 10 10 10 10 10 10 10 10 10 10 10 10 10 10 10 10 10]]
State: {'lives': 2, 'score': 100, 'coins': 1, 'stage': 1, 'world': 1, 'x_position': 291, 'time': 390, 'dead_timer': 0, 'dead_jump_timer': 0, 'game_over': False}
Frame: [[[255 255 255]
  [255 255 255]
  [255 255 255]
  ...
  [255 255 255]
  [255 255 255]
  [255 255 255]]

 [[255 255 255]
  [224 224 224]
  [170 170 170]
  ...
  [170 170 170]
  [224 224 224]
  [255 255 255]]

 [[255 255 255]
  [179 179 179]
  [ 42  42  42]
  ...
  [ 42  42  42]
  [179 179 179]
  [255 255 255]]

 ...

 [[  0   0   0]
  [  0   0   0]
  [  0   0   0]
  ...
  [  0   0   0]
  [  0   0   0]
  [  0   0   0]]

 [[  0   0   0]
  [  0   0   0]
  [  0   0   0]
  ...
  [  0   0   0]
  [  0   0   0]
  [  0   0   0]]

 [[  0   0   0]
  [  0   0   0]
  [  0   0   0]
  ...
  [  0   0   0]
  [  0   0   0]
  [  0   0   0]]]
Game Area: [[ 0  0  0  0  0  0  0  0  0  0  0  0  0  0  0  0  0  0  0  0]
 [ 0  0  0  0  0  0  0  0  0  0  0  0  0  0  0  0  0  0  0  0]
 [ 0  0  0  0  0  0  0  0  0  0  0  0  0  0  0  0  0  0  0  0]
 [ 0  0  0  0  0  0  0  0  0  0  0  0  0  0  0  0  0  0  0  0]
 [ 0  0  0  0  0  0  0  0  0  0  0  0  0  0  0  0  0  0  0  0]
 [ 0  0  0  0  0  0  0  0  0  0  0  0  0  0  0  0  0  0  0  0]
 [ 0  0  0  0  0  0  0  0  0  0  0  0  0  0  0  0  0  0  0  0]
 [ 0  0  0  0  0  0  0  0  0  0  0  0  0  0  0  0  0  0  0  0]
 [ 0  0  0  0  0  0  0  0  0  0  0  0  0  0  0  0  0  0  0  0]
 [ 0  0  0  0 10  0  0  0  1  1  0  0  0  0  0  0  0  0  0  0]
 [ 0  0  0  0  0  0  0  0  1  1  0  0  0  0  0  0  0  0  0  0]
 [ 0  0  0  0  0  0  0  0  0  0  0  0  0  0  0  0  0  0  0  0]
 [14 14  0  0  0  0  0  0  0  0  0  0  0  0  0  0  0  0  0  0]
 [14 14  0  0  0  0  0  0  0  0  0  0  0  0  0  0  0  0  0  0]
 [10 10 10 10 10 10 10 10 10 10 10 10 10 10 10 10 10 10 10 10]
 [10 10 10 10 10 10 10 10 10 10 10 10 10 10 10 10 10 10 10 10]]
State: {'lives': 2, 'score': 100, 'coins': 1, 'stage': 1, 'world': 1, 'x_position': 297, 'time': 390, 'dead_timer': 0, 'dead_jump_timer': 0, 'game_over': False}
Frame: [[[255 255 255]
  [255 255 255]
  [255 255 255]
  ...
  [255 255 255]
  [255 255 255]
  [255 255 255]]

 [[255 255 255]
  [224 224 224]
  [170 170 170]
  ...
  [170 170 170]
  [224 224 224]
  [255 255 255]]

 [[255 255 255]
  [179 179 179]
  [ 42  42  42]
  ...
  [ 42  42  42]
  [179 179 179]
  [255 255 255]]

 ...

 [[  0   0   0]
  [  0   0   0]
  [  0   0   0]
  ...
  [  0   0   0]
  [  0   0   0]
  [  0   0   0]]

 [[  0   0   0]
  [  0   0   0]
  [  0   0   0]
  ...
  [  0   0   0]
  [  0   0   0]
  [  0   0   0]]

 [[  0   0   0]
  [  0   0   0]
  [  0   0   0]
  ...
  [  0   0   0]
  [  0   0   0]
  [  0   0   0]]]
Game Area: [[ 0  0  0  0  0  0  0  0  0  0  0  0  0  0  0  0  0  0  0  0]
 [ 0  0  0  0  0  0  0  0  0  0  0  0  0  0  0  0  0  0  0  0]
 [ 0  0  0  0  0  0  0  0  0  0  0  0  0  0  0  0  0  0  0  0]
 [ 0  0  0  0  0  0  0  0  0  0  0  0  0  0  0  0  0  0  0  0]
 [ 0  0  0  0  0  0  0  0  0  0  0  0  0  0  0  0  0  0  0  0]
 [ 0  0  0  0  0  0  0  0  0  0  0  0  0  0  0  0  0  0  0  0]
 [ 0  0  0  0  0  0  0  0  0  0  0  0  0  0  0  0  0  0  0  0]
 [ 0  0  0  0  0  0  0  0  0  0  0  0  0  0  0  0  0  0  0  0]
 [ 0  0  0  0  0  0  0  0  1  1  0  0  0  0  0  0  0  0  0  0]
 [ 0  0  0  0 10  0  0  0  1  1  0  0  0  0  0  0  0  0  0  0]
 [ 0  0  0  0  0  0  0  0  0  0  0  0  0  0  0  0  0  0  0  0]
 [ 0  0  0  0  0  0  0  0  0  0  0  0  0  0  0  0  0  0  0  0]
 [14 14  0  0  0  0  0  0  0  0  0  0  0  0  0  0  0  0  0  0]
 [14 14  0  0  0  0  0  0  0  0  0  0  0  0  0  0  0  0  0  0]
 [10 10 10 10 10 10 10 10 10 10 10 10 10 10 10 10 10 10 10 10]
 [10 10 10 10 10 10 10 10 10 10 10 10 10 10 10 10 10 10 10 10]]
State: {'lives': 2, 'score': 100, 'coins': 1, 'stage': 1, 'world': 1, 'x_position': 301, 'time': 390, 'dead_timer': 0, 'dead_jump_timer': 0, 'game_over': False}
Frame: [[[255 255 255]
  [255 255 255]
  [255 255 255]
  ...
  [255 255 255]
  [255 255 255]
  [255 255 255]]

 [[255 255 255]
  [224 224 224]
  [170 170 170]
  ...
  [170 170 170]
  [224 224 224]
  [255 255 255]]

 [[255 255 255]
  [179 179 179]
  [ 42  42  42]
  ...
  [ 42  42  42]
  [179 179 179]
  [255 255 255]]

 ...

 [[  0   0   0]
  [  0   0   0]
  [  0   0   0]
  ...
  [  0   0   0]
  [  0   0   0]
  [  0   0   0]]

 [[  0   0   0]
  [  0   0   0]
  [  0   0   0]
  ...
  [  0   0   0]
  [  0   0   0]
  [  0   0   0]]

 [[  0   0   0]
  [  0   0   0]
  [  0   0   0]
  ...
  [  0   0   0]
  [  0   0   0]
  [  0   0   0]]]
Game Area: [[ 0  0  0  0  0  0  0  0  0  0  0  0  0  0  0  0  0  0  0  0]
 [ 0  0  0  0  0  0  0  0  0  0  0  0  0  0  0  0  0  0  0  0]
 [ 0  0  0  0  0  0  0  0  0  0  0  0  0  0  0  0  0  0  0  0]
 [ 0  0  0  0  0  0  0  0  0  0  0  0  0  0  0  0  0  0  0  0]
 [ 0  0  0  0  0  0  0  0  0  0  0  0  0  0  0  0  0  0  0  0]
 [ 0  0  0  0  0  0  0  0  0  0  0  0  0  0  0  0  0  0  0  0]
 [ 0  0  0  0  0  0  0  0  0  0  0  0  0  0  0  0  0  0  0  0]
 [ 0  0  0  0  0  0  0  0  0  0  0  0  0  0  0  0  0  0  0  0]
 [ 0  0  0  0  0  0  0  0  1  1  0  0  0  0  0  0  0  0  0  0]
 [ 0  0  0 10  0  0  0  0  1  1  0  0  0  0  0  0  0  0  0  0]
 [ 0  0  0  0  0  0  0  0  0  0  0  0  0  0  0  0  0  0  0  0]
 [ 0  0  0  0  0  0  0  0  0  0  0  0  0  0  0  0  0  0  0  0]
 [14  0  0  0  0  0  0  0  0  0  0  0  0  0  0  0  0  0  0  0]
 [14  0  0  0  0  0  0  0  0  0  0  0  0  0  0  0  0  0  0 15]
 [10 10 10 10 10 10 10 10 10 10 10 10 10 10 10 10 10 10 10 10]
 [10 10 10 10 10 10 10 10 10 10 10 10 10 10 10 10 10 10 10 10]]
State: {'lives': 2, 'score': 100, 'coins': 1, 'stage': 1, 'world': 1, 'x_position': 301, 'time': 389, 'dead_timer': 0, 'dead_jump_timer': 0, 'game_over': False}
Frame: [[[255 255 255]
  [255 255 255]
  [255 255 255]
  ...
  [255 255 255]
  [255 255 255]
  [255 255 255]]

 [[255 255 255]
  [224 224 224]
  [170 170 170]
  ...
  [170 170 170]
  [224 224 224]
  [255 255 255]]

 [[255 255 255]
  [179 179 179]
  [ 42  42  42]
  ...
  [ 42  42  42]
  [179 179 179]
  [255 255 255]]

 ...

 [[  0   0   0]
  [  0   0   0]
  [  0   0   0]
  ...
  [  0   0   0]
  [  0   0   0]
  [  0   0   0]]

 [[  0   0   0]
  [  0   0   0]
  [  0   0   0]
  ...
  [  0   0   0]
  [  0   0   0]
  [  0   0   0]]

 [[  0   0   0]
  [  0   0   0]
  [  0   0   0]
  ...
  [  0   0   0]
  [  0   0   0]
  [  0   0   0]]]
Game Area: [[ 0  0  0  0  0  0  0  0  0  0  0  0  0  0  0  0  0  0  0  0]
 [ 0  0  0  0  0  0  0  0  0  0  0  0  0  0  0  0  0  0  0  0]
 [ 0  0  0  0  0  0  0  0  0  0  0  0  0  0  0  0  0  0  0  0]
 [ 0  0  0  0  0  0  0  0  0  0  0  0  0  0  0  0  0  0  0  0]
 [ 0  0  0  0  0  0  0  0  0  0  0  0  0  0  0  0  0  0  0  0]
 [ 0  0  0  0  0  0  0  0  0  0  0  0  0  0  0  0  0  0  0  0]
 [ 0  0  0  0  0  0  0  0  0  0  0  0  0  0  0  0  0  0  0  0]
 [ 0  0  0  0  0  0  0  0  0  0  0  0  0  0  0  0  0  0  0  0]
 [ 0  0  0  0  0  0  0  0  0  0  0  0  0  0  0  0  0  0  0  0]
 [ 0  0  0 10  0  0  0  0  0  0  0  0  0  0  0  0  0  0  0  0]
 [ 0  0  0  0  0  0  0  0  1  1  0  0  0  0  0  0  0  0  0  0]
 [ 0  0  0  0  0  0  0  0  1  1  0  0  0  0  0  0  0  0  0  0]
 [14  0  0  0  0  0  0  0  0  0  0  0  0  0  0  0  0  0  0  0]
 [14  0  0  0  0  0  0  0  0  0  0  0  0  0  0  0  0  0  0 15]
 [10 10 10 10 10 10 10 10 10 10 10 10 10 10 10 10 10 10 10 10]
 [10 10 10 10 10 10 10 10 10 10 10 10 10 10 10 10 10 10 10 10]]
State: {'lives': 2, 'score': 100, 'coins': 1, 'stage': 1, 'world': 1, 'x_position': 301, 'time': 389, 'dead_timer': 0, 'dead_jump_timer': 0, 'game_over': False}
Frame: [[[255 255 255]
  [255 255 255]
  [255 255 255]
  ...
  [255 255 255]
  [255 255 255]
  [255 255 255]]

 [[255 255 255]
  [224 224 224]
  [170 170 170]
  ...
  [170 170 170]
  [224 224 224]
  [255 255 255]]

 [[255 255 255]
  [179 179 179]
  [ 42  42  42]
  ...
  [ 42  42  42]
  [179 179 179]
  [255 255 255]]

 ...

 [[  0   0   0]
  [  0   0   0]
  [  0   0   0]
  ...
  [  0   0   0]
  [  0   0   0]
  [  0   0   0]]

 [[  0   0   0]
  [  0   0   0]
  [  0   0   0]
  ...
  [  0   0   0]
  [  0   0   0]
  [  0   0   0]]

 [[  0   0   0]
  [  0   0   0]
  [  0   0   0]
  ...
  [  0   0   0]
  [  0   0   0]
  [  0   0   0]]]
Game Area: [[ 0  0  0  0  0  0  0  0  0  0  0  0  0  0  0  0  0  0  0  0]
 [ 0  0  0  0  0  0  0  0  0  0  0  0  0  0  0  0  0  0  0  0]
 [ 0  0  0  0  0  0  0  0  0  0  0  0  0  0  0  0  0  0  0  0]
 [ 0  0  0  0  0  0  0  0  0  0  0  0  0  0  0  0  0  0  0  0]
 [ 0  0  0  0  0  0  0  0  0  0  0  0  0  0  0  0  0  0  0  0]
 [ 0  0  0  0  0  0  0  0  0  0  0  0  0  0  0  0  0  0  0  0]
 [ 0  0  0  0  0  0  0  0  0  0  0  0  0  0  0  0  0  0  0  0]
 [ 0  0  0  0  0  0  0  0  0  0  0  0  0  0  0  0  0  0  0  0]
 [ 0  0  0  0  0  0  0  0  0  0  0  0  0  0  0  0  0  0  0  0]
 [ 0  0  0 10  0  0  0  0  0  0  0  0  0  0  0  0  0  0  0  0]
 [ 0  0  0  0  0  0  0  0  0  0  0  0  0  0  0  0  0  0  0  0]
 [ 0  0  0  0  0  0  0  0  0  0  0  0  0  0  0  0  0  0  0  0]
 [14  0  0  0  0  0  0  0  1  1  0  0  0  0  0  0  0  0  0  0]
 [14  0  0  0  0  0  0  0  1  1  0  0  0  0  0  0  0  0 15  0]
 [10 10 10 10 10 10 10 10 10 10 10 10 10 10 10 10 10 10 10 10]
 [10 10 10 10 10 10 10 10 10 10 10 10 10 10 10 10 10 10 10 10]]
State: {'lives': 2, 'score': 100, 'coins': 1, 'stage': 1, 'world': 1, 'x_position': 301, 'time': 389, 'dead_timer': 0, 'dead_jump_timer': 0, 'game_over': False}
Frame: [[[255 255 255]
  [255 255 255]
  [255 255 255]
  ...
  [255 255 255]
  [255 255 255]
  [255 255 255]]

 [[255 255 255]
  [224 224 224]
  [170 170 170]
  ...
  [170 170 170]
  [224 224 224]
  [255 255 255]]

 [[255 255 255]
  [179 179 179]
  [ 42  42  42]
  ...
  [ 42  42  42]
  [179 179 179]
  [255 255 255]]

 ...

 [[  0   0   0]
  [  0   0   0]
  [  0   0   0]
  ...
  [  0   0   0]
  [  0   0   0]
  [  0   0   0]]

 [[  0   0   0]
  [  0   0   0]
  [  0   0   0]
  ...
  [  0   0   0]
  [  0   0   0]
  [  0   0   0]]

 [[  0   0   0]
  [  0   0   0]
  [  0   0   0]
  ...
  [  0   0   0]
  [  0   0   0]
  [  0   0   0]]]
Game Area: [[ 0  0  0  0  0  0  0  0  0  0  0  0  0  0  0  0  0  0  0  0]
 [ 0  0  0  0  0  0  0  0  0  0  0  0  0  0  0  0  0  0  0  0]
 [ 0  0  0  0  0  0  0  0  0  0  0  0  0  0  0  0  0  0  0  0]
 [ 0  0  0  0  0  0  0  0  0  0  0  0  0  0  0  0  0  0  0  0]
 [ 0  0  0  0  0  0  0  0  0  0  0  0  0  0  0  0  0  0  0  0]
 [ 0  0  0  0  0  0  0  0  0  0  0  0  0  0  0  0  0  0  0  0]
 [ 0  0  0  0  0  0  0  0  0  0  0  0  0  0  0  0  0  0  0  0]
 [ 0  0  0  0  0  0  0  0  0  0  0  0  0  0  0  0  0  0  0  0]
 [ 0  0  0  0  0  0  0  0  0  0  0  0  0  0  0  0  0  0  0  0]
 [ 0  0  0 10  0  0  0  0  0  0  0  0  0  0  0  0  0  0  0  0]
 [ 0  0  0  0  0  0  0  0  0  0  0  0  0  0  0  0  0  0  0  0]
 [ 0  0  0  0  0  0  0  0  0  0  0  0  0  0  0  0  0  0  0  0]
 [14  0  0  0  0  0  0  0  1  1  0  0  0  0  0  0  0  0  0  0]
 [14  0  0  0  0  0  0  0  1  1  0  0  0  0  0  0  0  0 15  0]
 [10 10 10 10 10 10 10 10 10 10 10 10 10 10 10 10 10 10 10 10]
 [10 10 10 10 10 10 10 10 10 10 10 10 10 10 10 10 10 10 10 10]]
State: {'lives': 2, 'score': 100, 'coins': 1, 'stage': 1, 'world': 1, 'x_position': 301, 'time': 389, 'dead_timer': 0, 'dead_jump_timer': 0, 'game_over': False}
Frame: [[[255 255 255]
  [255 255 255]
  [255 255 255]
  ...
  [255 255 255]
  [255 255 255]
  [255 255 255]]

 [[255 255 255]
  [224 224 224]
  [170 170 170]
  ...
  [170 170 170]
  [224 224 224]
  [255 255 255]]

 [[255 255 255]
  [179 179 179]
  [ 42  42  42]
  ...
  [ 42  42  42]
  [179 179 179]
  [255 255 255]]

 ...

 [[  0   0   0]
  [  0   0   0]
  [  0   0   0]
  ...
  [  0   0   0]
  [  0   0   0]
  [  0   0   0]]

 [[  0   0   0]
  [  0   0   0]
  [  0   0   0]
  ...
  [  0   0   0]
  [  0   0   0]
  [  0   0   0]]

 [[  0   0   0]
  [  0   0   0]
  [  0   0   0]
  ...
  [  0   0   0]
  [  0   0   0]
  [  0   0   0]]]
Game Area: [[ 0  0  0  0  0  0  0  0  0  0  0  0  0  0  0  0  0  0  0  0]
 [ 0  0  0  0  0  0  0  0  0  0  0  0  0  0  0  0  0  0  0  0]
 [ 0  0  0  0  0  0  0  0  0  0  0  0  0  0  0  0  0  0  0  0]
 [ 0  0  0  0  0  0  0  0  0  0  0  0  0  0  0  0  0  0  0  0]
 [ 0  0  0  0  0  0  0  0  0  0  0  0  0  0  0  0  0  0  0  0]
 [ 0  0  0  0  0  0  0  0  0  0  0  0  0  0  0  0  0  0  0  0]
 [ 0  0  0  0  0  0  0  0  0  0  0  0  0  0  0  0  0  0  0  0]
 [ 0  0  0  0  0  0  0  0  0  0  0  0  0  0  0  0  0  0  0  0]
 [ 0  0  0  0  0  0  0  0  0  0  0  0  0  0  0  0  0  0  0  0]
 [ 0  0  0 10  0  0  0  0  0  0  0  0  0  0  0  0  0  0  0  0]
 [ 0  0  0  0  0  0  0  0  0  0  0  0  0  0  0  0  0  0  0  0]
 [ 0  0  0  0  0  0  0  0  0  0  0  0  0  0  0  0  0  0  0  0]
 [14  0  0  0  0  0  0  0  1  1  0  0  0  0  0  0  0  0  0  0]
 [14  0  0  0  0  0  0  0  1  1  0  0  0  0  0  0  0 15  0  0]
 [10 10 10 10 10 10 10 10 10 10 10 10 10 10 10 10 10 10 10 10]
 [10 10 10 10 10 10 10 10 10 10 10 10 10 10 10 10 10 10 10 10]]
State: {'lives': 2, 'score': 100, 'coins': 1, 'stage': 1, 'world': 1, 'x_position': 307, 'time': 388, 'dead_timer': 0, 'dead_jump_timer': 0, 'game_over': False}
Frame: [[[255 255 255]
  [255 255 255]
  [255 255 255]
  ...
  [255 255 255]
  [255 255 255]
  [255 255 255]]

 [[255 255 255]
  [224 224 224]
  [170 170 170]
  ...
  [170 170 170]
  [224 224 224]
  [255 255 255]]

 [[255 255 255]
  [179 179 179]
  [ 42  42  42]
  ...
  [ 42  42  42]
  [179 179 179]
  [255 255 255]]

 ...

 [[  0   0   0]
  [  0   0   0]
  [  0   0   0]
  ...
  [  0   0   0]
  [  0   0   0]
  [  0   0   0]]

 [[  0   0   0]
  [  0   0   0]
  [  0   0   0]
  ...
  [  0   0   0]
  [  0   0   0]
  [  0   0   0]]

 [[  0   0   0]
  [  0   0   0]
  [  0   0   0]
  ...
  [  0   0   0]
  [  0   0   0]
  [  0   0   0]]]
Game Area: [[ 0  0  0  0  0  0  0  0  0  0  0  0  0  0  0  0  0  0  0  0]
 [ 0  0  0  0  0  0  0  0  0  0  0  0  0  0  0  0  0  0  0  0]
 [ 0  0  0  0  0  0  0  0  0  0  0  0  0  0  0  0  0  0  0  0]
 [ 0  0  0  0  0  0  0  0  0  0  0  0  0  0  0  0  0  0  0  0]
 [ 0  0  0  0  0  0  0  0  0  0  0  0  0  0  0  0  0  0  0  0]
 [ 0  0  0  0  0  0  0  0  0  0  0  0  0  0  0  0  0  0  0  0]
 [ 0  0  0  0  0  0  0  0  0  0  0  0  0  0  0  0  0  0  0  0]
 [ 0  0  0  0  0  0  0  0  0  0  0  0  0  0  0  0  0  0  0  0]
 [ 0  0  0  0  0  0  0  0  0  0  0  0  0  0  0  0  0  0  0  0]
 [ 0  0 10  0  0  0  0  0  0  0  0  0  0  0  0  0  0  0  0 13]
 [ 0  0  0  0  0  0  0  0  0  0  0  0  0  0  0  0  0  0  0  0]
 [ 0  0  0  0  0  0  0  0  0  0  0  0  0  0  0  0  0  0  0  0]
 [ 0  0  0  0  0  0  0  0  1  1  0  0  0  0  0  0  0  0  0  0]
 [ 0  0  0  0  0  0  0  0  1  1  0  0  0  0  0  0 15  0  0  0]
 [10 10 10 10 10 10 10 10 10 10 10 10 10 10 10 10 10 10 10 10]
 [10 10 10 10 10 10 10 10 10 10 10 10 10 10 10 10 10 10 10 10]]
State: {'lives': 2, 'score': 100, 'coins': 1, 'stage': 1, 'world': 1, 'x_position': 312, 'time': 388, 'dead_timer': 0, 'dead_jump_timer': 0, 'game_over': False}
Frame: [[[255 255 255]
  [255 255 255]
  [255 255 255]
  ...
  [255 255 255]
  [255 255 255]
  [255 255 255]]

 [[255 255 255]
  [224 224 224]
  [170 170 170]
  ...
  [170 170 170]
  [224 224 224]
  [255 255 255]]

 [[255 255 255]
  [179 179 179]
  [ 42  42  42]
  ...
  [ 42  42  42]
  [179 179 179]
  [255 255 255]]

 ...

 [[  0   0   0]
  [  0   0   0]
  [  0   0   0]
  ...
  [  0   0   0]
  [  0   0   0]
  [  0   0   0]]

 [[  0   0   0]
  [  0   0   0]
  [  0   0   0]
  ...
  [  0   0   0]
  [  0   0   0]
  [  0   0   0]]

 [[  0   0   0]
  [  0   0   0]
  [  0   0   0]
  ...
  [  0   0   0]
  [  0   0   0]
  [  0   0   0]]]
Game Area: [[ 0  0  0  0  0  0  0  0  0  0  0  0  0  0  0  0  0  0  0  0]
 [ 0  0  0  0  0  0  0  0  0  0  0  0  0  0  0  0  0  0  0  0]
 [ 0  0  0  0  0  0  0  0  0  0  0  0  0  0  0  0  0  0  0  0]
 [ 0  0  0  0  0  0  0  0  0  0  0  0  0  0  0  0  0  0  0  0]
 [ 0  0  0  0  0  0  0  0  0  0  0  0  0  0  0  0  0  0  0  0]
 [ 0  0  0  0  0  0  0  0  0  0  0  0  0  0  0  0  0  0  0  0]
 [ 0  0  0  0  0  0  0  0  0  0  0  0  0  0  0  0  0  0  0  0]
 [ 0  0  0  0  0  0  0  0  0  0  0  0  0  0  0  0  0  0  0  0]
 [ 0  0  0  0  0  0  0  0  0  0  0  0  0  0  0  0  0  0  0  0]
 [ 0  0 10  0  0  0  0  0  1  1  0  0  0  0  0  0  0  0  0 13]
 [ 0  0  0  0  0  0  0  0  1  1  0  0  0  0  0  0  0  0  0  0]
 [ 0  0  0  0  0  0  0  0  0  0  0  0  0  0  0  0  0  0  0  0]
 [ 0  0  0  0  0  0  0  0  0  0  0  0  0  0  0  0  0  0  0  0]
 [ 0  0  0  0  0  0  0  0  0  0  0  0  0  0  0 15  0  0  0  0]
 [10 10 10 10 10 10 10 10 10 10 10 10 10 10 10 10 10 10 10 10]
 [10 10 10 10 10 10 10 10 10 10 10 10 10 10 10 10 10 10 10 10]]
State: {'lives': 2, 'score': 100, 'coins': 1, 'stage': 1, 'world': 1, 'x_position': 317, 'time': 388, 'dead_timer': 0, 'dead_jump_timer': 0, 'game_over': False}
Frame: [[[255 255 255]
  [255 255 255]
  [255 255 255]
  ...
  [255 255 255]
  [255 255 255]
  [255 255 255]]

 [[255 255 255]
  [224 224 224]
  [170 170 170]
  ...
  [170 170 170]
  [224 224 224]
  [255 255 255]]

 [[255 255 255]
  [179 179 179]
  [ 42  42  42]
  ...
  [ 42  42  42]
  [179 179 179]
  [255 255 255]]

 ...

 [[  0   0   0]
  [  0   0   0]
  [  0   0   0]
  ...
  [  0   0   0]
  [  0   0   0]
  [  0   0   0]]

 [[  0   0   0]
  [  0   0   0]
  [  0   0   0]
  ...
  [  0   0   0]
  [  0   0   0]
  [  0   0   0]]

 [[  0   0   0]
  [  0   0   0]
  [  0   0   0]
  ...
  [  0   0   0]
  [  0   0   0]
  [  0   0   0]]]
Game Area: [[ 0  0  0  0  0  0  0  0  0  0  0  0  0  0  0  0  0  0  0  0]
 [ 0  0  0  0  0  0  0  0  0  0  0  0  0  0  0  0  0  0  0  0]
 [ 0  0  0  0  0  0  0  0  0  0  0  0  0  0  0  0  0  0  0  0]
 [ 0  0  0  0  0  0  0  0  0  0  0  0  0  0  0  0  0  0  0  0]
 [ 0  0  0  0  0  0  0  0  0  0  0  0  0  0  0  0  0  0  0  0]
 [ 0  0  0  0  0  0  0  0  0  0  0  0  0  0  0  0  0  0  0  0]
 [ 0  0  0  0  0  0  0  0  0  0  0  0  0  0  0  0  0  0  0  0]
 [ 0  0  0  0  0  0  0  0  0  0  0  0  0  0  0  0  0  0  0  0]
 [ 0  0  0  0  0  0  0  0  1  1  0  0  0  0  0  0  0  0  0  0]
 [ 0 10  0  0  0  0  0  0  1  1  0  0  0  0  0  0  0  0 13  0]
 [ 0  0  0  0  0  0  0  0  0  0  0  0  0  0  0  0  0  0  0  0]
 [ 0  0  0  0  0  0  0  0  0  0  0  0  0  0  0  0  0  0  0  0]
 [ 0  0  0  0  0  0  0  0  0  0  0  0  0  0  0  0  0  0  0  0]
 [ 0  0  0  0  0  0  0  0  0  0  0  0  0  0 15  0  0  0  0  0]
 [10 10 10 10 10 10 10 10 10 10 10 10 10 10 10 10 10 10 10 10]
 [10 10 10 10 10 10 10 10 10 10 10 10 10 10 10 10 10 10 10 10]]
State: {'lives': 2, 'score': 100, 'coins': 1, 'stage': 1, 'world': 1, 'x_position': 322, 'time': 388, 'dead_timer': 0, 'dead_jump_timer': 0, 'game_over': False}
Frame: [[[255 255 255]
  [255 255 255]
  [255 255 255]
  ...
  [255 255 255]
  [255 255 255]
  [255 255 255]]

 [[255 255 255]
  [224 224 224]
  [170 170 170]
  ...
  [170 170 170]
  [224 224 224]
  [255 255 255]]

 [[255 255 255]
  [179 179 179]
  [ 42  42  42]
  ...
  [ 42  42  42]
  [179 179 179]
  [255 255 255]]

 ...

 [[  0   0   0]
  [  0   0   0]
  [  0   0   0]
  ...
  [  0   0   0]
  [  0   0   0]
  [  0   0   0]]

 [[  0   0   0]
  [  0   0   0]
  [  0   0   0]
  ...
  [  0   0   0]
  [  0   0   0]
  [  0   0   0]]

 [[  0   0   0]
  [  0   0   0]
  [  0   0   0]
  ...
  [  0   0   0]
  [  0   0   0]
  [  0   0   0]]]
Game Area: [[ 0  0  0  0  0  0  0  0  0  0  0  0  0  0  0  0  0  0  0  0]
 [ 0  0  0  0  0  0  0  0  0  0  0  0  0  0  0  0  0  0  0  0]
 [ 0  0  0  0  0  0  0  0  0  0  0  0  0  0  0  0  0  0  0  0]
 [ 0  0  0  0  0  0  0  0  0  0  0  0  0  0  0  0  0  0  0  0]
 [ 0  0  0  0  0  0  0  0  0  0  0  0  0  0  0  0  0  0  0  0]
 [ 0  0  0  0  0  0  0  0  0  0  0  0  0  0  0  0  0  0  0  0]
 [ 0  0  0  0  0  0  0  0  0  0  0  0  0  0  0  0  0  0  0  0]
 [ 0  0  0  0  0  0  0  0  0  0  0  0  0  0  0  0  0  0  0  0]
 [ 0  0  0  0  0  0  0  0  1  1  0  0  0  0  0  0  0  0  0  0]
 [10  0  0  0  0  0  0  0  1  1  0  0  0  0  0  0  0 13  0  0]
 [ 0  0  0  0  0  0  0  0  0  0  0  0  0  0  0  0  0  0  0  0]
 [ 0  0  0  0  0  0  0  0  0  0  0  0  0  0  0  0  0  0  0  0]
 [ 0  0  0  0  0  0  0  0  0  0  0  0  0  0  0  0  0  0  0  0]
 [ 0  0  0  0  0  0  0  0  0  0  0  0  0 15  0  0  0  0  0  0]
 [10 10 10 10 10 10 10 10 10 10 10 10 10 10 10 10 10 10 10 10]
 [10 10 10 10 10 10 10 10 10 10 10 10 10 10 10 10 10 10 10 10]]
State: {'lives': 2, 'score': 100, 'coins': 1, 'stage': 1, 'world': 1, 'x_position': 327, 'time': 387, 'dead_timer': 0, 'dead_jump_timer': 0, 'game_over': False}
Frame: [[[255 255 255]
  [255 255 255]
  [255 255 255]
  ...
  [255 255 255]
  [255 255 255]
  [255 255 255]]

 [[255 255 255]
  [224 224 224]
  [170 170 170]
  ...
  [170 170 170]
  [224 224 224]
  [255 255 255]]

 [[255 255 255]
  [179 179 179]
  [ 42  42  42]
  ...
  [ 42  42  42]
  [179 179 179]
  [255 255 255]]

 ...

 [[  0   0   0]
  [  0   0   0]
  [  0   0   0]
  ...
  [  0   0   0]
  [  0   0   0]
  [  0   0   0]]

 [[  0   0   0]
  [  0   0   0]
  [  0   0   0]
  ...
  [  0   0   0]
  [  0   0   0]
  [  0   0   0]]

 [[  0   0   0]
  [  0   0   0]
  [  0   0   0]
  ...
  [  0   0   0]
  [  0   0   0]
  [  0   0   0]]]
Game Area: [[ 0  0  0  0  0  0  0  0  0  0  0  0  0  0  0  0  0  0  0  0]
 [ 0  0  0  0  0  0  0  0  0  0  0  0  0  0  0  0  0  0  0  0]
 [ 0  0  0  0  0  0  0  0  0  0  0  0  0  0  0  0  0  0  0  0]
 [ 0  0  0  0  0  0  0  0  0  0  0  0  0  0  0  0  0  0  0  0]
 [ 0  0  0  0  0  0  0  0  0  0  0  0  0  0  0  0  0  0  0  0]
 [ 0  0  0  0  0  0  0  0  0  0  0  0  0  0  0  0  0  0  0  0]
 [ 0  0  0  0  0  0  0  0  0  0  0  0  0  0  0  0  0  0  0  0]
 [ 0  0  0  0  0  0  0  0  0  0  0  0  0  0  0  0  0  0  0  0]
 [ 0  0  0  0  0  0  0  0  0  0  0  0  0  0  0  0  0  0  0  0]
 [10  0  0  0  0  0  0  0  0  0  0  0  0  0  0  0  0 13  0  0]
 [ 0  0  0  0  0  0  0  0  1  1  0  0  0  0  0  0  0  0  0  0]
 [ 0  0  0  0  0  0  0  0  1  1  0  0  0  0  0  0  0  0  0  0]
 [ 0  0  0  0  0  0  0  0  0  0  0  0  0  0  0  0  0  0  0  0]
 [ 0  0  0  0  0  0  0  0  0  0  0  0 15  0  0  0  0  0  0  0]
 [10 10 10 10 10 10 10 10 10 10 10 10 10 10 10 10 10 10 10 10]
 [10 10 10 10 10 10 10 10 10 10 10 10 10 10 10 10 10 10 10 10]]
State: {'lives': 2, 'score': 100, 'coins': 1, 'stage': 1, 'world': 1, 'x_position': 332, 'time': 387, 'dead_timer': 0, 'dead_jump_timer': 0, 'game_over': False}
Frame: [[[255 255 255]
  [255 255 255]
  [255 255 255]
  ...
  [255 255 255]
  [255 255 255]
  [255 255 255]]

 [[255 255 255]
  [224 224 224]
  [170 170 170]
  ...
  [170 170 170]
  [224 224 224]
  [255 255 255]]

 [[255 255 255]
  [179 179 179]
  [ 42  42  42]
  ...
  [ 42  42  42]
  [179 179 179]
  [255 255 255]]

 ...

 [[  0   0   0]
  [  0   0   0]
  [  0   0   0]
  ...
  [  0   0   0]
  [  0   0   0]
  [  0   0   0]]

 [[  0   0   0]
  [  0   0   0]
  [  0   0   0]
  ...
  [  0   0   0]
  [  0   0   0]
  [  0   0   0]]

 [[  0   0   0]
  [  0   0   0]
  [  0   0   0]
  ...
  [  0   0   0]
  [  0   0   0]
  [  0   0   0]]]
Game Area: [[ 0  0  0  0  0  0  0  0  0  0  0  0  0  0  0  0  0  0  0  0]
 [ 0  0  0  0  0  0  0  0  0  0  0  0  0  0  0  0  0  0  0  0]
 [ 0  0  0  0  0  0  0  0  0  0  0  0  0  0  0  0  0  0  0  0]
 [ 0  0  0  0  0  0  0  0  0  0  0  0  0  0  0  0  0  0  0  0]
 [ 0  0  0  0  0  0  0  0  0  0  0  0  0  0  0  0  0  0  0  0]
 [ 0  0  0  0  0  0  0  0  0  0  0  0  0  0  0  0  0  0  0  0]
 [ 0  0  0  0  0  0  0  0  0  0  0  0  0  0  0  0  0  0  0  0]
 [ 0  0  0  0  0  0  0  0  0  0  0  0  0  0  0  0  0  0  0  0]
 [ 0  0  0  0  0  0  0  0  0  0  0  0  0  0  0  0  0  0  0  0]
 [ 0  0  0  0  0  0  0  0  0  0  0  0  0  0  0  0 13  0  0  0]
 [ 0  0  0  0  0  0  0  0  0  0  0  0  0  0  0  0  0  0  0  0]
 [ 0  0  0  0  0  0  0  0  0  0  0  0  0  0  0  0  0  0  0  0]
 [ 0  0  0  0  0  0  0  0  1  1  0  0  0  0  0  0  0  0  0  0]
 [ 0  0  0  0  0  0  0  0  1  1  0 15  0  0  0  0  0  0  0  0]
 [10 10 10 10 10 10 10 10 10 10 10 10 10 10 10 10 10 10 10 10]
 [10 10 10 10 10 10 10 10 10 10 10 10 10 10 10 10 10 10 10 10]]
State: {'lives': 2, 'score': 100, 'coins': 1, 'stage': 1, 'world': 1, 'x_position': 332, 'time': 387, 'dead_timer': 0, 'dead_jump_timer': 0, 'game_over': False}
Frame: [[[255 255 255]
  [255 255 255]
  [255 255 255]
  ...
  [255 255 255]
  [255 255 255]
  [255 255 255]]

 [[255 255 255]
  [224 224 224]
  [170 170 170]
  ...
  [170 170 170]
  [224 224 224]
  [255 255 255]]

 [[255 255 255]
  [179 179 179]
  [ 42  42  42]
  ...
  [ 42  42  42]
  [179 179 179]
  [255 255 255]]

 ...

 [[  0   0   0]
  [  0   0   0]
  [  0   0   0]
  ...
  [  0   0   0]
  [  0   0   0]
  [  0   0   0]]

 [[  0   0   0]
  [  0   0   0]
  [  0   0   0]
  ...
  [  0   0   0]
  [  0   0   0]
  [  0   0   0]]

 [[  0   0   0]
  [  0   0   0]
  [  0   0   0]
  ...
  [  0   0   0]
  [  0   0   0]
  [  0   0   0]]]
Game Area: [[ 0  0  0  0  0  0  0  0  0  0  0  0  0  0  0  0  0  0  0  0]
 [ 0  0  0  0  0  0  0  0  0  0  0  0  0  0  0  0  0  0  0  0]
 [ 0  0  0  0  0  0  0  0  0  0  0  0  0  0  0  0  0  0  0  0]
 [ 0  0  0  0  0  0  0  0  0  0  0  0  0  0  0  0  0  0  0  0]
 [ 0  0  0  0  0  0  0  0  0  0  0  0  0  0  0  0  0  0  0  0]
 [ 0  0  0  0  0  0  0  0  0  0  0  0  0  0  0  0  0  0  0  0]
 [ 0  0  0  0  0  0  0  0  0  0  0  0  0  0  0  0  0  0  0  0]
 [ 0  0  0  0  0  0  0  0  0  0  0  0  0  0  0  0  0  0  0  0]
 [ 0  0  0  0  0  0  0  0  0  0  0  0  0  0  0  0  0  0  0  0]
 [ 0  0  0  0  0  0  0  0  1  1  0  0  0  0  0  0 13  0  0  0]
 [ 0  0  0  0  0  0  0  0  1  1  0  0  0  0  0  0  0  0  0  0]
 [ 0  0  0  0  0  0  0  0  0  0  0  0  0  0  0  0  0  0  0  0]
 [ 0  0  0  0  0  0  0  0  0  0  0  0  0  0  0  0  0  0  0  0]
 [ 0  0  0  0  0  0  0  0  0  0  0 15  0  0  0  0  0  0  0  0]
 [10 10 10 10 10 10 10 10 10 10 10 10 10 10 10 10 10 10 10 10]
 [10 10 10 10 10 10 10 10 10 10 10 10 10 10 10 10 10 10 10 10]]
State: {'lives': 2, 'score': 100, 'coins': 1, 'stage': 1, 'world': 1, 'x_position': 338, 'time': 387, 'dead_timer': 0, 'dead_jump_timer': 0, 'game_over': False}
Frame: [[[255 255 255]
  [255 255 255]
  [255 255 255]
  ...
  [255 255 255]
  [255 255 255]
  [255 255 255]]

 [[255 255 255]
  [224 224 224]
  [170 170 170]
  ...
  [170 170 170]
  [224 224 224]
  [255 255 255]]

 [[255 255 255]
  [179 179 179]
  [ 42  42  42]
  ...
  [ 42  42  42]
  [179 179 179]
  [255 255 255]]

 ...

 [[  0   0   0]
  [  0   0   0]
  [  0   0   0]
  ...
  [  0   0   0]
  [  0   0   0]
  [  0   0   0]]

 [[  0   0   0]
  [  0   0   0]
  [  0   0   0]
  ...
  [  0   0   0]
  [  0   0   0]
  [  0   0   0]]

 [[  0   0   0]
  [  0   0   0]
  [  0   0   0]
  ...
  [  0   0   0]
  [  0   0   0]
  [  0   0   0]]]
Game Area: [[ 0  0  0  0  0  0  0  0  0  0  0  0  0  0  0  0  0  0  0  0]
 [ 0  0  0  0  0  0  0  0  0  0  0  0  0  0  0  0  0  0  0  0]
 [ 0  0  0  0  0  0  0  0  0  0  0  0  0  0  0  0  0  0  0  0]
 [ 0  0  0  0  0  0  0  0  0  0  0  0  0  0  0  0  0  0  0  0]
 [ 0  0  0  0  0  0  0  0  0  0  0  0  0  0  0  0  0  0  0  0]
 [ 0  0  0  0  0  0  0  0  0  0  0  0  0  0  0  0  0  0  0  0]
 [ 0  0  0  0  0  0  0  0  0  0  0  0  0  0  0  0  0  0  0  0]
 [ 0  0  0  0  0  0  0  0  0  0  0  0  0  0  0  0  0  0  0  0]
 [ 0  0  0  0  0  0  0  0  1  1  0  0  0  0  0  0  0  0  0  0]
 [ 0  0  0  0  0  0  0  0  1  1  0  0  0  0  0 13  0  0  0  0]
 [ 0  0  0  0  0  0  0  0  0  0  0  0  0  0  0  0  0  0  0  0]
 [ 0  0  0  0  0  0  0  0  0  0  0  0  0  0  0  0  0  0  0  0]
 [ 0  0  0  0  0  0  0  0  0  0  0  0  0  0  0  0  0  0  0  0]
 [ 0  0  0  0  0  0  0  0  0 15  0  0  0  0  0  0  0  0  0  0]
 [10 10 10 10 10 10 10 10 10 10 10 10 10 10 10 10 10 10 10 10]
 [10 10 10 10 10 10 10 10 10 10 10 10 10 10 10 10 10 10 10 10]]
State: {'lives': 2, 'score': 100, 'coins': 1, 'stage': 1, 'world': 1, 'x_position': 342, 'time': 386, 'dead_timer': 0, 'dead_jump_timer': 0, 'game_over': False}
Frame: [[[255 255 255]
  [255 255 255]
  [255 255 255]
  ...
  [255 255 255]
  [255 255 255]
  [255 255 255]]

 [[255 255 255]
  [224 224 224]
  [170 170 170]
  ...
  [170 170 170]
  [224 224 224]
  [255 255 255]]

 [[255 255 255]
  [179 179 179]
  [ 42  42  42]
  ...
  [ 42  42  42]
  [179 179 179]
  [255 255 255]]

 ...

 [[  0   0   0]
  [  0   0   0]
  [  0   0   0]
  ...
  [  0   0   0]
  [  0   0   0]
  [  0   0   0]]

 [[  0   0   0]
  [  0   0   0]
  [  0   0   0]
  ...
  [  0   0   0]
  [  0   0   0]
  [  0   0   0]]

 [[  0   0   0]
  [  0   0   0]
  [  0   0   0]
  ...
  [  0   0   0]
  [  0   0   0]
  [  0   0   0]]]
Game Area: [[ 0  0  0  0  0  0  0  0  0  0  0  0  0  0  0  0  0  0  0  0]
 [ 0  0  0  0  0  0  0  0  0  0  0  0  0  0  0  0  0  0  0  0]
 [ 0  0  0  0  0  0  0  0  0  0  0  0  0  0  0  0  0  0  0  0]
 [ 0  0  0  0  0  0  0  0  0  0  0  0  0  0  0  0  0  0  0  0]
 [ 0  0  0  0  0  0  0  0  0  0  0  0  0  0  0  0  0  0  0  0]
 [ 0  0  0  0  0  0  0  0  0  0  0  0  0  0  0  0  0  0  0  0]
 [ 0  0  0  0  0  0  0  0  0  0  0  0  0  0  0  0  0  0  0  0]
 [ 0  0  0  0  0  0  0  0  0  0  0  0  0  0  0  0  0  0  0  0]
 [ 0  0  0  0  0  0  0  0  1  1  0  0  0  0  0  0  0  0  0  0]
 [ 0  0  0  0  0  0  0  0  1  1  0  0  0  0  0 13  0  0  0  0]
 [ 0  0  0  0  0  0  0  0  0  0  0  0  0  0  0  0  0  0  0  0]
 [ 0  0  0  0  0  0  0  0  0  0  0  0  0  0  0  0  0  0  0  0]
 [ 0  0  0  0  0  0  0  0  0  0  0  0  0  0  0  0  0  0  0  0]
 [ 0  0  0  0  0  0  0  0 15  0  0  0  0  0  0  0  0  0  0  0]
 [10 10 10 10 10 10 10 10 10 10 10 10 10 10 10 10 10 10 10 10]
 [10 10 10 10 10 10 10 10 10 10 10 10 10 10 10 10 10 10 10 10]]
State: {'lives': 2, 'score': 100, 'coins': 1, 'stage': 1, 'world': 1, 'x_position': 348, 'time': 386, 'dead_timer': 0, 'dead_jump_timer': 0, 'game_over': False}
Frame: [[[255 255 255]
  [255 255 255]
  [255 255 255]
  ...
  [255 255 255]
  [255 255 255]
  [255 255 255]]

 [[255 255 255]
  [224 224 224]
  [170 170 170]
  ...
  [170 170 170]
  [224 224 224]
  [255 255 255]]

 [[255 255 255]
  [179 179 179]
  [ 42  42  42]
  ...
  [ 42  42  42]
  [179 179 179]
  [255 255 255]]

 ...

 [[  0   0   0]
  [  0   0   0]
  [  0   0   0]
  ...
  [  0   0   0]
  [  0   0   0]
  [  0   0   0]]

 [[  0   0   0]
  [  0   0   0]
  [  0   0   0]
  ...
  [  0   0   0]
  [  0   0   0]
  [  0   0   0]]

 [[  0   0   0]
  [  0   0   0]
  [  0   0   0]
  ...
  [  0   0   0]
  [  0   0   0]
  [  0   0   0]]]
Game Area: [[ 0  0  0  0  0  0  0  0  0  0  0  0  0  0  0  0  0  0  0  0]
 [ 0  0  0  0  0  0  0  0  0  0  0  0  0  0  0  0  0  0  0  0]
 [ 0  0  0  0  0  0  0  0  0  0  0  0  0  0  0  0  0  0  0  0]
 [ 0  0  0  0  0  0  0  0  0  0  0  0  0  0  0  0  0  0  0  0]
 [ 0  0  0  0  0  0  0  0  0  0  0  0  0  0  0  0  0  0  0  0]
 [ 0  0  0  0  0  0  0  0  0  0  0  0  0  0  0  0  0  0  0  0]
 [ 0  0  0  0  0  0  0  0  0  0  0  0  0  0  0  0  0  0  0  0]
 [ 0  0  0  0  0  0  0  0  0  0  0  0  0  0  0  0  0  0  0  0]
 [ 0  0  0  0  0  0  0  0  0  0  0  0  0  0  0  0  0  0  0  0]
 [ 0  0  0  0  0  0  0  0  0  0  0  0  0  0 13  0  0  0  0  0]
 [ 0  0  0  0  0  0  0  0  1  1  0  0  0  0  0  0  0  0  0  0]
 [ 0  0  0  0  0  0  0  0  1  1  0  0  0  0  0  0  0  0  0  0]
 [ 0  0  0  0  0  0  0  0  0  0  0  0  0  0  0  0  0  0  0 14]
 [ 0  0  0  0  0  0  0 15  0  0  0  0  0  0  0  0  0  0  0 14]
 [10 10 10 10 10 10 10 10 10 10 10 10 10 10 10 10 10 10 10 10]
 [10 10 10 10 10 10 10 10 10 10 10 10 10 10 10 10 10 10 10 10]]
State: {'lives': 2, 'score': 100, 'coins': 1, 'stage': 1, 'world': 1, 'x_position': 349, 'time': 386, 'dead_timer': 0, 'dead_jump_timer': 0, 'game_over': False}
Frame: [[[255 255 255]
  [255 255 255]
  [255 255 255]
  ...
  [255 255 255]
  [255 255 255]
  [255 255 255]]

 [[255 255 255]
  [224 224 224]
  [170 170 170]
  ...
  [170 170 170]
  [224 224 224]
  [255 255 255]]

 [[255 255 255]
  [179 179 179]
  [ 42  42  42]
  ...
  [ 42  42  42]
  [179 179 179]
  [255 255 255]]

 ...

 [[  0   0   0]
  [  0   0   0]
  [  0   0   0]
  ...
  [  0   0   0]
  [  0   0   0]
  [  0   0   0]]

 [[  0   0   0]
  [  0   0   0]
  [  0   0   0]
  ...
  [  0   0   0]
  [  0   0   0]
  [  0   0   0]]

 [[  0   0   0]
  [  0   0   0]
  [  0   0   0]
  ...
  [  0   0   0]
  [  0   0   0]
  [  0   0   0]]]
Game Area: [[ 0  0  0  0  0  0  0  0  0  0  0  0  0  0  0  0  0  0  0  0]
 [ 0  0  0  0  0  0  0  0  0  0  0  0  0  0  0  0  0  0  0  0]
 [ 0  0  0  0  0  0  0  0  0  0  0  0  0  0  0  0  0  0  0  0]
 [ 0  0  0  0  0  0  0  0  0  0  0  0  0  0  0  0  0  0  0  0]
 [ 0  0  0  0  0  0  0  0  0  0  0  0  0  0  0  0  0  0  0  0]
 [ 0  0  0  0  0  0  0  0  0  0  0  0  0  0  0  0  0  0  0  0]
 [ 0  0  0  0  0  0  0  0  0  0  0  0  0  0  0  0  0  0  0  0]
 [ 0  0  0  0  0  0  0  0  0  0  0  0  0  0  0  0  0  0  0  0]
 [ 0  0  0  0  0  0  0  0  0  0  0  0  0  0  0  0  0  0  0  0]
 [ 0  0  0  0  0  0  0  0  0  0  0  0  0  0 13  0  0  0  0  0]
 [ 0  0  0  0  0  0  0  0  0  0  0  0  0  0  0  0  0  0  0  0]
 [ 0  0  0  0  0  0  0  0  0  0  0  0  0  0  0  0  0  0  0  0]
 [ 0  0  0  0  0  0  0  0  1  1  0  0  0  0  0  0  0  0  0 14]
 [ 0  0  0  0  0  0  0 15  1  1  0  0  0  0  0  0  0  0  0 14]
 [10 10 10 10 10 10 10 10 10 10 10 10 10 10 10 10 10 10 10 10]
 [10 10 10 10 10 10 10 10 10 10 10 10 10 10 10 10 10 10 10 10]]
State: {'lives': 2, 'score': 100, 'coins': 1, 'stage': 1, 'world': 1, 'x_position': 355, 'time': 386, 'dead_timer': 0, 'dead_jump_timer': 0, 'game_over': False}
Frame: [[[255 255 255]
  [255 255 255]
  [255 255 255]
  ...
  [255 255 255]
  [255 255 255]
  [255 255 255]]

 [[255 255 255]
  [224 224 224]
  [170 170 170]
  ...
  [170 170 170]
  [224 224 224]
  [255 255 255]]

 [[255 255 255]
  [179 179 179]
  [ 42  42  42]
  ...
  [ 42  42  42]
  [179 179 179]
  [255 255 255]]

 ...

 [[  0   0   0]
  [  0   0   0]
  [  0   0   0]
  ...
  [  0   0   0]
  [  0   0   0]
  [  0   0   0]]

 [[  0   0   0]
  [  0   0   0]
  [  0   0   0]
  ...
  [  0   0   0]
  [  0   0   0]
  [  0   0   0]]

 [[  0   0   0]
  [  0   0   0]
  [  0   0   0]
  ...
  [  0   0   0]
  [  0   0   0]
  [  0   0   0]]]
Game Area: [[ 0  0  0  0  0  0  0  0  0  0  0  0  0  0  0  0  0  0  0  0]
 [ 0  0  0  0  0  0  0  0  0  0  0  0  0  0  0  0  0  0  0  0]
 [ 0  0  0  0  0  0  0  0  0  0  0  0  0  0  0  0  0  0  0  0]
 [ 0  0  0  0  0  0  0  0  0  0  0  0  0  0  0  0  0  0  0  0]
 [ 0  0  0  0  0  0  0  0  0  0  0  0  0  0  0  0  0  0  0  0]
 [ 0  0  0  0  0  0  0  0  0  0  0  0  0  0  0  0  0  0  0  0]
 [ 0  0  0  0  0  0  0  0  0  0  0  0  0  0  0  0  0  0  0  0]
 [ 0  0  0  0  0  0  0  0  0  0  0  0  0  0  0  0  0  0  0  0]
 [ 0  0  0  0  0  0  0  0  0  0  0  0  0  0  0  0  0  0  0  0]
 [ 0  0  0  0  0  0  0  0  0  0  0  0  0 13  0  0  0  0  0  0]
 [ 0  0  0  0  0  0  0  0  0  0  0  0  0  0  0  0  0  0  0  0]
 [ 0  0  0  0  0  0  0  0  0  0  0  0  0  0  0  0  0  0  0  0]
 [ 0  0  0  0  0  0  0  0  1  1  0  0  0  0  0  0  0  0 14 14]
 [ 0  0  0  0  0  0 15  0  1  1  0  0  0  0  0  0  0  0 14 14]
 [10 10 10 10 10 10 10 10 10 10 10 10 10 10 10 10 10 10 10 10]
 [10 10 10 10 10 10 10 10 10 10 10 10 10 10 10 10 10 10 10 10]]
State: {'lives': 2, 'score': 100, 'coins': 1, 'stage': 1, 'world': 1, 'x_position': 359, 'time': 385, 'dead_timer': 0, 'dead_jump_timer': 0, 'game_over': False}
Frame: [[[255 255 255]
  [255 255 255]
  [255 255 255]
  ...
  [255 255 255]
  [255 255 255]
  [255 255 255]]

 [[255 255 255]
  [224 224 224]
  [170 170 170]
  ...
  [170 170 170]
  [224 224 224]
  [255 255 255]]

 [[255 255 255]
  [179 179 179]
  [ 42  42  42]
  ...
  [ 42  42  42]
  [179 179 179]
  [255 255 255]]

 ...

 [[  0   0   0]
  [  0   0   0]
  [  0   0   0]
  ...
  [  0   0   0]
  [  0   0   0]
  [  0   0   0]]

 [[  0   0   0]
  [  0   0   0]
  [  0   0   0]
  ...
  [  0   0   0]
  [  0   0   0]
  [  0   0   0]]

 [[  0   0   0]
  [  0   0   0]
  [  0   0   0]
  ...
  [  0   0   0]
  [  0   0   0]
  [  0   0   0]]]
Game Area: [[ 0  0  0  0  0  0  0  0  0  0  0  0  0  0  0  0  0  0  0  0]
 [ 0  0  0  0  0  0  0  0  0  0  0  0  0  0  0  0  0  0  0  0]
 [ 0  0  0  0  0  0  0  0  0  0  0  0  0  0  0  0  0  0  0  0]
 [ 0  0  0  0  0  0  0  0  0  0  0  0  0  0  0  0  0  0  0  0]
 [ 0  0  0  0  0  0  0  0  0  0  0  0  0  0  0  0  0  0  0  0]
 [ 0  0  0  0  0  0  0  0  0  0  0  0  0  0  0  0  0  0  0  0]
 [ 0  0  0  0  0  0  0  0  0  0  0  0  0  0  0  0  0  0  0  0]
 [ 0  0  0  0  0  0  0  0  0  0  0  0  0  0  0  0  0  0  0  0]
 [ 0  0  0  0  0  0  0  0  0  0  0  0  0  0  0  0  0  0  0  0]
 [ 0  0  0  0  0  0  0  0  0  0  0  0  0 13  0  0  0  0  0  0]
 [ 0  0  0  0  0  0  0  0  0  0  0  0  0  0  0  0  0  0  0  0]
 [ 0  0  0  0  0  0  0  0  0  0  0  0  0  0  0  0  0  0  0  0]
 [ 0  0  0  0  0  0  0  0  1  1  0  0  0  0  0  0  0  0 14 14]
 [ 0  0  0  0  0 15  0  0  1  1  0  0  0  0  0  0  0  0 14 14]
 [10 10 10 10 10 10 10 10 10 10 10 10 10 10 10 10 10 10 10 10]
 [10 10 10 10 10 10 10 10 10 10 10 10 10 10 10 10 10 10 10 10]]
State: {'lives': 2, 'score': 100, 'coins': 1, 'stage': 1, 'world': 1, 'x_position': 359, 'time': 385, 'dead_timer': 0, 'dead_jump_timer': 0, 'game_over': False}
Frame: [[[255 255 255]
  [255 255 255]
  [255 255 255]
  ...
  [255 255 255]
  [255 255 255]
  [255 255 255]]

 [[255 255 255]
  [224 224 224]
  [170 170 170]
  ...
  [170 170 170]
  [224 224 224]
  [255 255 255]]

 [[255 255 255]
  [179 179 179]
  [ 42  42  42]
  ...
  [ 42  42  42]
  [179 179 179]
  [255 255 255]]

 ...

 [[  0   0   0]
  [  0   0   0]
  [  0   0   0]
  ...
  [  0   0   0]
  [  0   0   0]
  [  0   0   0]]

 [[  0   0   0]
  [  0   0   0]
  [  0   0   0]
  ...
  [  0   0   0]
  [  0   0   0]
  [  0   0   0]]

 [[  0   0   0]
  [  0   0   0]
  [  0   0   0]
  ...
  [  0   0   0]
  [  0   0   0]
  [  0   0   0]]]
Game Area: [[ 0  0  0  0  0  0  0  0  0  0  0  0  0  0  0  0  0  0  0  0]
 [ 0  0  0  0  0  0  0  0  0  0  0  0  0  0  0  0  0  0  0  0]
 [ 0  0  0  0  0  0  0  0  0  0  0  0  0  0  0  0  0  0  0  0]
 [ 0  0  0  0  0  0  0  0  0  0  0  0  0  0  0  0  0  0  0  0]
 [ 0  0  0  0  0  0  0  0  0  0  0  0  0  0  0  0  0  0  0  0]
 [ 0  0  0  0  0  0  0  0  0  0  0  0  0  0  0  0  0  0  0  0]
 [ 0  0  0  0  0  0  0  0  0  0  0  0  0  0  0  0  0  0  0  0]
 [ 0  0  0  0  0  0  0  0  0  0  0  0  0  0  0  0  0  0  0  0]
 [ 0  0  0  0  0  0  0  0  0  0  0  0  0  0  0  0  0  0  0  0]
 [ 0  0  0  0  0  0  0  0  0  0  0  0  0 13  0  0  0  0  0  0]
 [ 0  0  0  0  0  0  0  0  0  0  0  0  0  0  0  0  0  0  0  0]
 [ 0  0  0  0  0  0  0  0  0  0  0  0  0  0  0  0  0  0  0  0]
 [ 0  0  0  0  0  0  0  0  1  1  0  0  0  0  0  0  0  0 14 14]
 [ 0  0  0  0 15  0  0  0  1  1  0  0  0  0  0  0  0  0 14 14]
 [10 10 10 10 10 10 10 10 10 10 10 10 10 10 10 10 10 10 10 10]
 [10 10 10 10 10 10 10 10 10 10 10 10 10 10 10 10 10 10 10 10]]
State: {'lives': 2, 'score': 100, 'coins': 1, 'stage': 1, 'world': 1, 'x_position': 359, 'time': 385, 'dead_timer': 0, 'dead_jump_timer': 0, 'game_over': False}
Frame: [[[255 255 255]
  [255 255 255]
  [255 255 255]
  ...
  [255 255 255]
  [255 255 255]
  [255 255 255]]

 [[255 255 255]
  [224 224 224]
  [170 170 170]
  ...
  [170 170 170]
  [224 224 224]
  [255 255 255]]

 [[255 255 255]
  [179 179 179]
  [ 42  42  42]
  ...
  [ 42  42  42]
  [179 179 179]
  [255 255 255]]

 ...

 [[  0   0   0]
  [  0   0   0]
  [  0   0   0]
  ...
  [  0   0   0]
  [  0   0   0]
  [  0   0   0]]

 [[  0   0   0]
  [  0   0   0]
  [  0   0   0]
  ...
  [  0   0   0]
  [  0   0   0]
  [  0   0   0]]

 [[  0   0   0]
  [  0   0   0]
  [  0   0   0]
  ...
  [  0   0   0]
  [  0   0   0]
  [  0   0   0]]]
Game Area: [[ 0  0  0  0  0  0  0  0  0  0  0  0  0  0  0  0  0  0  0  0]
 [ 0  0  0  0  0  0  0  0  0  0  0  0  0  0  0  0  0  0  0  0]
 [ 0  0  0  0  0  0  0  0  0  0  0  0  0  0  0  0  0  0  0  0]
 [ 0  0  0  0  0  0  0  0  0  0  0  0  0  0  0  0  0  0  0  0]
 [ 0  0  0  0  0  0  0  0  0  0  0  0  0  0  0  0  0  0  0  0]
 [ 0  0  0  0  0  0  0  0  0  0  0  0  0  0  0  0  0  0  0  0]
 [ 0  0  0  0  0  0  0  0  0  0  0  0  0  0  0  0  0  0  0  0]
 [ 0  0  0  0  0  0  0  0  0  0  0  0  0  0  0  0  0  0  0  0]
 [ 0  0  0  0  0  0  0  0  0  0  0  0  0  0  0  0  0  0  0  0]
 [ 0  0  0  0  0  0  0  0  0  0  0  0  0 13  0  0  0  0  0  0]
 [ 0  0  0  0  0  0  0  0  0  0  0  0  0  0  0  0  0  0  0  0]
 [ 0  0  0  0  0  0  0  0  0  0  0  0  0  0  0  0  0  0  0  0]
 [ 0  0  0  0  0  0  0  0  1  1  0  0  0  0  0  0  0  0 14 14]
 [ 0  0  0  0 15  0  0  0  1  1  0  0  0  0  0  0  0  0 14 14]
 [10 10 10 10 10 10 10 10 10 10 10 10 10 10 10 10 10 10 10 10]
 [10 10 10 10 10 10 10 10 10 10 10 10 10 10 10 10 10 10 10 10]]
State: {'lives': 2, 'score': 100, 'coins': 1, 'stage': 1, 'world': 1, 'x_position': 359, 'time': 385, 'dead_timer': 0, 'dead_jump_timer': 0, 'game_over': False}
Frame: [[[255 255 255]
  [255 255 255]
  [255 255 255]
  ...
  [255 255 255]
  [255 255 255]
  [255 255 255]]

 [[255 255 255]
  [224 224 224]
  [170 170 170]
  ...
  [170 170 170]
  [224 224 224]
  [255 255 255]]

 [[255 255 255]
  [179 179 179]
  [ 42  42  42]
  ...
  [ 42  42  42]
  [179 179 179]
  [255 255 255]]

 ...

 [[  0   0   0]
  [  0   0   0]
  [  0   0   0]
  ...
  [  0   0   0]
  [  0   0   0]
  [  0   0   0]]

 [[  0   0   0]
  [  0   0   0]
  [  0   0   0]
  ...
  [  0   0   0]
  [  0   0   0]
  [  0   0   0]]

 [[  0   0   0]
  [  0   0   0]
  [  0   0   0]
  ...
  [  0   0   0]
  [  0   0   0]
  [  0   0   0]]]
Game Area: [[ 0  0  0  0  0  0  0  0  0  0  0  0  0  0  0  0  0  0  0  0]
 [ 0  0  0  0  0  0  0  0  0  0  0  0  0  0  0  0  0  0  0  0]
 [ 0  0  0  0  0  0  0  0  0  0  0  0  0  0  0  0  0  0  0  0]
 [ 0  0  0  0  0  0  0  0  0  0  0  0  0  0  0  0  0  0  0  0]
 [ 0  0  0  0  0  0  0  0  0  0  0  0  0  0  0  0  0  0  0  0]
 [ 0  0  0  0  0  0  0  0  0  0  0  0  0  0  0  0  0  0  0  0]
 [ 0  0  0  0  0  0  0  0  0  0  0  0  0  0  0  0  0  0  0  0]
 [ 0  0  0  0  0  0  0  0  0  0  0  0  0  0  0  0  0  0  0  0]
 [ 0  0  0  0  0  0  0  0  0  0  0  0  0  0  0  0  0  0  0  0]
 [ 0  0  0  0  0  0  0  0  1  1  0  0  0 13  0  0  0  0  0  0]
 [ 0  0  0  0  0  0  0  0  1  1  0  0  0  0  0  0  0  0  0  0]
 [ 0  0  0  0  0  0  0  0  0  0  0  0  0  0  0  0  0  0  0  0]
 [ 0  0  0  0  0  0  0  0  0  0  0  0  0  0  0  0  0  0 14 14]
 [ 0  0  0 15  0  0  0  0  0  0  0  0  0  0  0  0  0  0 14 14]
 [10 10 10 10 10 10 10 10 10 10 10 10 10 10 10 10 10 10 10 10]
 [10 10 10 10 10 10 10 10 10 10 10 10 10 10 10 10 10 10 10 10]]
State: {'lives': 2, 'score': 100, 'coins': 1, 'stage': 1, 'world': 1, 'x_position': 365, 'time': 384, 'dead_timer': 0, 'dead_jump_timer': 0, 'game_over': False}
Frame: [[[255 255 255]
  [255 255 255]
  [255 255 255]
  ...
  [255 255 255]
  [255 255 255]
  [255 255 255]]

 [[255 255 255]
  [224 224 224]
  [170 170 170]
  ...
  [170 170 170]
  [224 224 224]
  [255 255 255]]

 [[255 255 255]
  [179 179 179]
  [ 42  42  42]
  ...
  [ 42  42  42]
  [179 179 179]
  [255 255 255]]

 ...

 [[  0   0   0]
  [  0   0   0]
  [  0   0   0]
  ...
  [  0   0   0]
  [  0   0   0]
  [  0   0   0]]

 [[  0   0   0]
  [  0   0   0]
  [  0   0   0]
  ...
  [  0   0   0]
  [  0   0   0]
  [  0   0   0]]

 [[  0   0   0]
  [  0   0   0]
  [  0   0   0]
  ...
  [  0   0   0]
  [  0   0   0]
  [  0   0   0]]]
Game Area: [[ 0  0  0  0  0  0  0  0  0  0  0  0  0  0  0  0  0  0  0  0]
 [ 0  0  0  0  0  0  0  0  0  0  0  0  0  0  0  0  0  0  0  0]
 [ 0  0  0  0  0  0  0  0  0  0  0  0  0  0  0  0  0  0  0  0]
 [ 0  0  0  0  0  0  0  0  0  0  0  0  0  0  0  0  0  0  0  0]
 [ 0  0  0  0  0  0  0  0  0  0  0  0  0  0  0  0  0  0  0  0]
 [ 0  0  0  0  0  0  0  0  0  0  0  0  0  0  0  0  0  0  0  0]
 [ 0  0  0  0  0  0  0  0  0  0  0  0  0  0  0  0  0  0  0  0]
 [ 0  0  0  0  0  0  0  0  0  0  0  0  0  0  0  0  0  0  0  0]
 [ 0  0  0  0  0  0  0  0  1  1  0  0  0  0  0  0  0  0  0  0]
 [ 0  0  0  0  0  0  0  0  1  1  0  0 13  0  0  0  0  0  0  0]
 [ 0  0  0  0  0  0  0  0  0  0  0  0  0  0  0  0  0  0  0  0]
 [ 0  0  0  0  0  0  0  0  0  0  0  0  0  0  0  0  0  0  0  0]
 [ 0  0  0  0  0  0  0  0  0  0  0  0  0  0  0  0  0 14 14  0]
 [ 0  0 15  0  0  0  0  0  0  0  0  0  0  0  0  0  0 14 14  0]
 [10 10 10 10 10 10 10 10 10 10 10 10 10 10 10 10 10 10 10 10]
 [10 10 10 10 10 10 10 10 10 10 10 10 10 10 10 10 10 10 10 10]]
State: {'lives': 2, 'score': 100, 'coins': 1, 'stage': 1, 'world': 1, 'x_position': 366, 'time': 384, 'dead_timer': 0, 'dead_jump_timer': 0, 'game_over': False}
Frame: [[[255 255 255]
  [255 255 255]
  [255 255 255]
  ...
  [255 255 255]
  [255 255 255]
  [255 255 255]]

 [[255 255 255]
  [224 224 224]
  [170 170 170]
  ...
  [170 170 170]
  [224 224 224]
  [255 255 255]]

 [[255 255 255]
  [179 179 179]
  [ 42  42  42]
  ...
  [ 42  42  42]
  [179 179 179]
  [255 255 255]]

 ...

 [[  0   0   0]
  [  0   0   0]
  [  0   0   0]
  ...
  [  0   0   0]
  [  0   0   0]
  [  0   0   0]]

 [[  0   0   0]
  [  0   0   0]
  [  0   0   0]
  ...
  [  0   0   0]
  [  0   0   0]
  [  0   0   0]]

 [[  0   0   0]
  [  0   0   0]
  [  0   0   0]
  ...
  [  0   0   0]
  [  0   0   0]
  [  0   0   0]]]
Game Area: [[ 0  0  0  0  0  0  0  0  0  0  0  0  0  0  0  0  0  0  0  0]
 [ 0  0  0  0  0  0  0  0  0  0  0  0  0  0  0  0  0  0  0  0]
 [ 0  0  0  0  0  0  0  0  0  0  0  0  0  0  0  0  0  0  0  0]
 [ 0  0  0  0  0  0  0  0  0  0  0  0  0  0  0  0  0  0  0  0]
 [ 0  0  0  0  0  0  0  0  0  0  0  0  0  0  0  0  0  0  0  0]
 [ 0  0  0  0  0  0  0  0  0  0  0  0  0  0  0  0  0  0  0  0]
 [ 0  0  0  0  0  0  0  0  0  0  0  0  0  0  0  0  0  0  0  0]
 [ 0  0  0  0  0  0  0  0  0  0  0  0  0  0  0  0  0  0  0  0]
 [ 0  0  0  0  0  0  0  0  1  1  0  0  0  0  0  0  0  0  0  0]
 [ 0  0  0  0  0  0  0  0  1  1  0  0 13  0  0  0  0  0  0  0]
 [ 0  0  0  0  0  0  0  0  0  0  0  0  0  0  0  0  0  0  0  0]
 [ 0  0  0  0  0  0  0  0  0  0  0  0  0  0  0  0  0  0  0  0]
 [ 0  0  0  0  0  0  0  0  0  0  0  0  0  0  0  0  0 14 14  0]
 [ 0  0 15  0  0  0  0  0  0  0  0  0  0  0  0  0  0 14 14  0]
 [10 10 10 10 10 10 10 10 10 10 10 10 10 10 10 10 10 10 10 10]
 [10 10 10 10 10 10 10 10 10 10 10 10 10 10 10 10 10 10 10 10]]
State: {'lives': 2, 'score': 100, 'coins': 1, 'stage': 1, 'world': 1, 'x_position': 356, 'time': 384, 'dead_timer': 0, 'dead_jump_timer': 0, 'game_over': False}
Frame: [[[255 255 255]
  [255 255 255]
  [255 255 255]
  ...
  [255 255 255]
  [255 255 255]
  [255 255 255]]

 [[255 255 255]
  [224 224 224]
  [170 170 170]
  ...
  [170 170 170]
  [224 224 224]
  [255 255 255]]

 [[255 255 255]
  [179 179 179]
  [ 42  42  42]
  ...
  [ 42  42  42]
  [179 179 179]
  [255 255 255]]

 ...

 [[  0   0   0]
  [  0   0   0]
  [  0   0   0]
  ...
  [  0   0   0]
  [  0   0   0]
  [  0   0   0]]

 [[  0   0   0]
  [  0   0   0]
  [  0   0   0]
  ...
  [  0   0   0]
  [  0   0   0]
  [  0   0   0]]

 [[  0   0   0]
  [  0   0   0]
  [  0   0   0]
  ...
  [  0   0   0]
  [  0   0   0]
  [  0   0   0]]]
Game Area: [[ 0  0  0  0  0  0  0  0  0  0  0  0  0  0  0  0  0  0  0  0]
 [ 0  0  0  0  0  0  0  0  0  0  0  0  0  0  0  0  0  0  0  0]
 [ 0  0  0  0  0  0  0  0  0  0  0  0  0  0  0  0  0  0  0  0]
 [ 0  0  0  0  0  0  0  0  0  0  0  0  0  0  0  0  0  0  0  0]
 [ 0  0  0  0  0  0  0  0  0  0  0  0  0  0  0  0  0  0  0  0]
 [ 0  0  0  0  0  0  0  0  0  0  0  0  0  0  0  0  0  0  0  0]
 [ 0  0  0  0  0  0  0  0  0  0  0  0  0  0  0  0  0  0  0  0]
 [ 0  0  0  0  0  0  0  0  0  0  0  0  0  0  0  0  0  0  0  0]
 [ 0  0  0  0  0  0  0  0  0  0  0  0  0  0  0  0  0  0  0  0]
 [ 0  0  0  0  0  0  0  0  0  0  0  0 13  0  0  0  0  0  0  0]
 [ 0  0  0  0  0  0  0  1  1  0  0  0  0  0  0  0  0  0  0  0]
 [ 0  0  0  0  0  0  0  1  1  0  0  0  0  0  0  0  0  0  0  0]
 [ 0  0  0  0  0  0  0  0  0  0  0  0  0  0  0  0  0 14 14  0]
 [ 0 15  0  0  0  0  0  0  0  0  0  0  0  0  0  0  0 14 14  0]
 [10 10 10 10 10 10 10 10 10 10 10 10 10 10 10 10 10 10 10 10]
 [10 10 10 10 10 10 10 10 10 10 10 10 10 10 10 10 10 10 10 10]]
State: {'lives': 2, 'score': 100, 'coins': 1, 'stage': 1, 'world': 1, 'x_position': 353, 'time': 384, 'dead_timer': 0, 'dead_jump_timer': 0, 'game_over': False}
Frame: [[[255 255 255]
  [255 255 255]
  [255 255 255]
  ...
  [255 255 255]
  [255 255 255]
  [255 255 255]]

 [[255 255 255]
  [224 224 224]
  [170 170 170]
  ...
  [170 170 170]
  [224 224 224]
  [255 255 255]]

 [[255 255 255]
  [179 179 179]
  [ 42  42  42]
  ...
  [ 42  42  42]
  [179 179 179]
  [255 255 255]]

 ...

 [[  0   0   0]
  [  0   0   0]
  [  0   0   0]
  ...
  [  0   0   0]
  [  0   0   0]
  [  0   0   0]]

 [[  0   0   0]
  [  0   0   0]
  [  0   0   0]
  ...
  [  0   0   0]
  [  0   0   0]
  [  0   0   0]]

 [[  0   0   0]
  [  0   0   0]
  [  0   0   0]
  ...
  [  0   0   0]
  [  0   0   0]
  [  0   0   0]]]
Game Area: [[ 0  0  0  0  0  0  0  0  0  0  0  0  0  0  0  0  0  0  0  0]
 [ 0  0  0  0  0  0  0  0  0  0  0  0  0  0  0  0  0  0  0  0]
 [ 0  0  0  0  0  0  0  0  0  0  0  0  0  0  0  0  0  0  0  0]
 [ 0  0  0  0  0  0  0  0  0  0  0  0  0  0  0  0  0  0  0  0]
 [ 0  0  0  0  0  0  0  0  0  0  0  0  0  0  0  0  0  0  0  0]
 [ 0  0  0  0  0  0  0  0  0  0  0  0  0  0  0  0  0  0  0  0]
 [ 0  0  0  0  0  0  0  0  0  0  0  0  0  0  0  0  0  0  0  0]
 [ 0  0  0  0  0  0  0  0  0  0  0  0  0  0  0  0  0  0  0  0]
 [ 0  0  0  0  0  0  0  0  0  0  0  0  0  0  0  0  0  0  0  0]
 [ 0  0  0  0  0  0  0  0  0  0  0  0 13  0  0  0  0  0  0  0]
 [ 0  0  0  0  0  0  0  0  0  0  0  0  0  0  0  0  0  0  0  0]
 [ 0  0  0  0  0  0  0  0  0  0  0  0  0  0  0  0  0  0  0  0]
 [ 0  0  0  0  0  0  1  1  0  0  0  0  0  0  0  0  0 14 14  0]
 [ 0 15  0  0  0  0  1  1  0  0  0  0  0  0  0  0  0 14 14  0]
 [10 10 10 10 10 10 10 10 10 10 10 10 10 10 10 10 10 10 10 10]
 [10 10 10 10 10 10 10 10 10 10 10 10 10 10 10 10 10 10 10 10]]
State: {'lives': 2, 'score': 100, 'coins': 1, 'stage': 1, 'world': 1, 'x_position': 353, 'time': 383, 'dead_timer': 0, 'dead_jump_timer': 0, 'game_over': False}
Frame: [[[255 255 255]
  [255 255 255]
  [255 255 255]
  ...
  [255 255 255]
  [255 255 255]
  [255 255 255]]

 [[255 255 255]
  [224 224 224]
  [170 170 170]
  ...
  [170 170 170]
  [224 224 224]
  [255 255 255]]

 [[255 255 255]
  [179 179 179]
  [ 42  42  42]
  ...
  [ 42  42  42]
  [179 179 179]
  [255 255 255]]

 ...

 [[  0   0   0]
  [  0   0   0]
  [  0   0   0]
  ...
  [  0   0   0]
  [  0   0   0]
  [  0   0   0]]

 [[  0   0   0]
  [  0   0   0]
  [  0   0   0]
  ...
  [  0   0   0]
  [  0   0   0]
  [  0   0   0]]

 [[  0   0   0]
  [  0   0   0]
  [  0   0   0]
  ...
  [  0   0   0]
  [  0   0   0]
  [  0   0   0]]]
Game Area: [[ 0  0  0  0  0  0  0  0  0  0  0  0  0  0  0  0  0  0  0  0]
 [ 0  0  0  0  0  0  0  0  0  0  0  0  0  0  0  0  0  0  0  0]
 [ 0  0  0  0  0  0  0  0  0  0  0  0  0  0  0  0  0  0  0  0]
 [ 0  0  0  0  0  0  0  0  0  0  0  0  0  0  0  0  0  0  0  0]
 [ 0  0  0  0  0  0  0  0  0  0  0  0  0  0  0  0  0  0  0  0]
 [ 0  0  0  0  0  0  0  0  0  0  0  0  0  0  0  0  0  0  0  0]
 [ 0  0  0  0  0  0  0  0  0  0  0  0  0  0  0  0  0  0  0  0]
 [ 0  0  0  0  0  0  0  0  0  0  0  0  0  0  0  0  0  0  0  0]
 [ 0  0  0  0  0  0  0  0  0  0  0  0  0  0  0  0  0  0  0  0]
 [ 0  0  0  0  0  0  0  0  0  0  0  0 13  0  0  0  0  0  0  0]
 [ 0  0  0  0  0  0  0  0  0  0  0  0  0  0  0  0  0  0  0  0]
 [ 0  0  0  0  0  0  0  0  0  0  0  0  0  0  0  0  0  0  0  0]
 [ 0  0  0  0  0  0  1  1  0  0  0  0  0  0  0  0  0 14 14  0]
 [15  0  0  0  0  0  1  1  0  0  0  0  0  0  0  0  0 14 14  0]
 [10 10 10 10 10 10 10 10 10 10 10 10 10 10 10 10 10 10 10 10]
 [10 10 10 10 10 10 10 10 10 10 10 10 10 10 10 10 10 10 10 10]]
State: {'lives': 2, 'score': 100, 'coins': 1, 'stage': 1, 'world': 1, 'x_position': 360, 'time': 383, 'dead_timer': 0, 'dead_jump_timer': 0, 'game_over': False}
Frame: [[[255 255 255]
  [255 255 255]
  [255 255 255]
  ...
  [255 255 255]
  [255 255 255]
  [255 255 255]]

 [[255 255 255]
  [224 224 224]
  [170 170 170]
  ...
  [170 170 170]
  [224 224 224]
  [255 255 255]]

 [[255 255 255]
  [179 179 179]
  [ 42  42  42]
  ...
  [ 42  42  42]
  [179 179 179]
  [255 255 255]]

 ...

 [[  0   0   0]
  [  0   0   0]
  [  0   0   0]
  ...
  [  0   0   0]
  [  0   0   0]
  [  0   0   0]]

 [[  0   0   0]
  [  0   0   0]
  [  0   0   0]
  ...
  [  0   0   0]
  [  0   0   0]
  [  0   0   0]]

 [[  0   0   0]
  [  0   0   0]
  [  0   0   0]
  ...
  [  0   0   0]
  [  0   0   0]
  [  0   0   0]]]
Game Area: [[ 0  0  0  0  0  0  0  0  0  0  0  0  0  0  0  0  0  0  0  0]
 [ 0  0  0  0  0  0  0  0  0  0  0  0  0  0  0  0  0  0  0  0]
 [ 0  0  0  0  0  0  0  0  0  0  0  0  0  0  0  0  0  0  0  0]
 [ 0  0  0  0  0  0  0  0  0  0  0  0  0  0  0  0  0  0  0  0]
 [ 0  0  0  0  0  0  0  0  0  0  0  0  0  0  0  0  0  0  0  0]
 [ 0  0  0  0  0  0  0  0  0  0  0  0  0  0  0  0  0  0  0  0]
 [ 0  0  0  0  0  0  0  0  0  0  0  0  0  0  0  0  0  0  0  0]
 [ 0  0  0  0  0  0  0  0  0  0  0  0  0  0  0  0  0  0  0  0]
 [ 0  0  0  0  0  0  0  0  0  0  0  0  0  0  0  0  0  0  0  0]
 [ 0  0  0  0  0  0  0  0  0  0  0  0 13  0  0  0  0  0  0  0]
 [ 0  0  0  0  0  0  0  0  0  0  0  0  0  0  0  0  0  0  0  0]
 [ 0  0  0  0  0  0  0  0  0  0  0  0  0  0  0  0  0  0  0  0]
 [ 0  0  0  0  0  0  0  1  1  0  0  0  0  0  0  0  0 14 14  0]
 [15  0  0  0  0  0  0  1  1  0  0  0  0  0  0  0  0 14 14  0]
 [10 10 10 10 10 10 10 10 10 10 10 10 10 10 10 10 10 10 10 10]
 [10 10 10 10 10 10 10 10 10 10 10 10 10 10 10 10 10 10 10 10]]
State: {'lives': 2, 'score': 100, 'coins': 1, 'stage': 1, 'world': 1, 'x_position': 360, 'time': 383, 'dead_timer': 0, 'dead_jump_timer': 0, 'game_over': False}
Frame: [[[255 255 255]
  [255 255 255]
  [255 255 255]
  ...
  [255 255 255]
  [255 255 255]
  [255 255 255]]

 [[255 255 255]
  [224 224 224]
  [170 170 170]
  ...
  [170 170 170]
  [224 224 224]
  [255 255 255]]

 [[255 255 255]
  [179 179 179]
  [ 42  42  42]
  ...
  [ 42  42  42]
  [179 179 179]
  [255 255 255]]

 ...

 [[  0   0   0]
  [  0   0   0]
  [  0   0   0]
  ...
  [  0   0   0]
  [  0   0   0]
  [  0   0   0]]

 [[  0   0   0]
  [  0   0   0]
  [  0   0   0]
  ...
  [  0   0   0]
  [  0   0   0]
  [  0   0   0]]

 [[  0   0   0]
  [  0   0   0]
  [  0   0   0]
  ...
  [  0   0   0]
  [  0   0   0]
  [  0   0   0]]]
Game Area: [[ 0  0  0  0  0  0  0  0  0  0  0  0  0  0  0  0  0  0  0  0]
 [ 0  0  0  0  0  0  0  0  0  0  0  0  0  0  0  0  0  0  0  0]
 [ 0  0  0  0  0  0  0  0  0  0  0  0  0  0  0  0  0  0  0  0]
 [ 0  0  0  0  0  0  0  0  0  0  0  0  0  0  0  0  0  0  0  0]
 [ 0  0  0  0  0  0  0  0  0  0  0  0  0  0  0  0  0  0  0  0]
 [ 0  0  0  0  0  0  0  0  0  0  0  0  0  0  0  0  0  0  0  0]
 [ 0  0  0  0  0  0  0  0  0  0  0  0  0  0  0  0  0  0  0  0]
 [ 0  0  0  0  0  0  0  0  0  0  0  0  0  0  0  0  0  0  0  0]
 [ 0  0  0  0  0  0  0  0  0  0  0  0  0  0  0  0  0  0  0  0]
 [ 0  0  0  0  0  0  0  0  0  0  0  0 13  0  0  0  0  0  0  0]
 [ 0  0  0  0  0  0  0  0  0  0  0  0  0  0  0  0  0  0  0  0]
 [ 0  0  0  0  0  0  0  0  0  0  0  0  0  0  0  0  0  0  0  0]
 [ 0  0  0  0  0  0  0  1  1  0  0  0  0  0  0  0  0 14 14  0]
 [15  0  0  0  0  0  0  1  1  0  0  0  0  0  0  0  0 14 14  0]
 [10 10 10 10 10 10 10 10 10 10 10 10 10 10 10 10 10 10 10 10]
 [10 10 10 10 10 10 10 10 10 10 10 10 10 10 10 10 10 10 10 10]]
State: {'lives': 2, 'score': 100, 'coins': 1, 'stage': 1, 'world': 1, 'x_position': 360, 'time': 383, 'dead_timer': 0, 'dead_jump_timer': 0, 'game_over': False}
Frame: [[[255 255 255]
  [255 255 255]
  [255 255 255]
  ...
  [255 255 255]
  [255 255 255]
  [255 255 255]]

 [[255 255 255]
  [224 224 224]
  [170 170 170]
  ...
  [170 170 170]
  [224 224 224]
  [255 255 255]]

 [[255 255 255]
  [179 179 179]
  [ 42  42  42]
  ...
  [ 42  42  42]
  [179 179 179]
  [255 255 255]]

 ...

 [[  0   0   0]
  [  0   0   0]
  [  0   0   0]
  ...
  [  0   0   0]
  [  0   0   0]
  [  0   0   0]]

 [[  0   0   0]
  [  0   0   0]
  [  0   0   0]
  ...
  [  0   0   0]
  [  0   0   0]
  [  0   0   0]]

 [[  0   0   0]
  [  0   0   0]
  [  0   0   0]
  ...
  [  0   0   0]
  [  0   0   0]
  [  0   0   0]]]
Game Area: [[ 0  0  0  0  0  0  0  0  0  0  0  0  0  0  0  0  0  0  0  0]
 [ 0  0  0  0  0  0  0  0  0  0  0  0  0  0  0  0  0  0  0  0]
 [ 0  0  0  0  0  0  0  0  0  0  0  0  0  0  0  0  0  0  0  0]
 [ 0  0  0  0  0  0  0  0  0  0  0  0  0  0  0  0  0  0  0  0]
 [ 0  0  0  0  0  0  0  0  0  0  0  0  0  0  0  0  0  0  0  0]
 [ 0  0  0  0  0  0  0  0  0  0  0  0  0  0  0  0  0  0  0  0]
 [ 0  0  0  0  0  0  0  0  0  0  0  0  0  0  0  0  0  0  0  0]
 [ 0  0  0  0  0  0  0  0  0  0  0  0  0  0  0  0  0  0  0  0]
 [ 0  0  0  0  0  0  0  0  0  0  0  0  0  0  0  0  0  0  0  0]
 [ 0  0  0  0  0  0  0  0  0  0  0  0 13  0  0  0  0  0  0  0]
 [ 0  0  0  0  0  0  0  0  0  0  0  0  0  0  0  0  0  0  0  0]
 [ 0  0  0  0  0  0  0  0  0  0  0  0  0  0  0  0  0  0  0  0]
 [ 0  0  0  0  0  0  0  1  1  0  0  0  0  0  0  0  0 14 14  0]
 [ 0  0  0  0  0  0  0  1  1  0  0  0  0  0  0  0  0 14 14  0]
 [10 10 10 10 10 10 10 10 10 10 10 10 10 10 10 10 10 10 10 10]
 [10 10 10 10 10 10 10 10 10 10 10 10 10 10 10 10 10 10 10 10]]
State: {'lives': 2, 'score': 100, 'coins': 1, 'stage': 1, 'world': 1, 'x_position': 360, 'time': 382, 'dead_timer': 0, 'dead_jump_timer': 0, 'game_over': False}
Frame: [[[255 255 255]
  [255 255 255]
  [255 255 255]
  ...
  [255 255 255]
  [255 255 255]
  [255 255 255]]

 [[255 255 255]
  [224 224 224]
  [170 170 170]
  ...
  [170 170 170]
  [224 224 224]
  [255 255 255]]

 [[255 255 255]
  [179 179 179]
  [ 42  42  42]
  ...
  [ 42  42  42]
  [179 179 179]
  [255 255 255]]

 ...

 [[  0   0   0]
  [  0   0   0]
  [  0   0   0]
  ...
  [  0   0   0]
  [  0   0   0]
  [  0   0   0]]

 [[  0   0   0]
  [  0   0   0]
  [  0   0   0]
  ...
  [  0   0   0]
  [  0   0   0]
  [  0   0   0]]

 [[  0   0   0]
  [  0   0   0]
  [  0   0   0]
  ...
  [  0   0   0]
  [  0   0   0]
  [  0   0   0]]]
Game Area: [[ 0  0  0  0  0  0  0  0  0  0  0  0  0  0  0  0  0  0  0  0]
 [ 0  0  0  0  0  0  0  0  0  0  0  0  0  0  0  0  0  0  0  0]
 [ 0  0  0  0  0  0  0  0  0  0  0  0  0  0  0  0  0  0  0  0]
 [ 0  0  0  0  0  0  0  0  0  0  0  0  0  0  0  0  0  0  0  0]
 [ 0  0  0  0  0  0  0  0  0  0  0  0  0  0  0  0  0  0  0  0]
 [ 0  0  0  0  0  0  0  0  0  0  0  0  0  0  0  0  0  0  0  0]
 [ 0  0  0  0  0  0  0  0  0  0  0  0  0  0  0  0  0  0  0  0]
 [ 0  0  0  0  0  0  0  0  0  0  0  0  0  0  0  0  0  0  0  0]
 [ 0  0  0  0  0  0  0  0  0  0  0  0  0  0  0  0  0  0  0  0]
 [ 0  0  0  0  0  0  0  0  0  0  0  0 13  0  0  0  0  0  0  0]
 [ 0  0  0  0  0  0  0  0  0  0  0  0  0  0  0  0  0  0  0  0]
 [ 0  0  0  0  0  0  0  0  0  0  0  0  0  0  0  0  0  0  0  0]
 [ 0  0  0  0  0  0  0  1  1  0  0  0  0  0  0  0  0 14 14  0]
 [ 0  0  0  0  0  0  0  1  1  0  0  0  0  0  0  0  0 14 14  0]
 [10 10 10 10 10 10 10 10 10 10 10 10 10 10 10 10 10 10 10 10]
 [10 10 10 10 10 10 10 10 10 10 10 10 10 10 10 10 10 10 10 10]]
State: {'lives': 2, 'score': 100, 'coins': 1, 'stage': 1, 'world': 1, 'x_position': 360, 'time': 382, 'dead_timer': 0, 'dead_jump_timer': 0, 'game_over': False}
Frame: [[[255 255 255]
  [255 255 255]
  [255 255 255]
  ...
  [255 255 255]
  [255 255 255]
  [255 255 255]]

 [[255 255 255]
  [224 224 224]
  [170 170 170]
  ...
  [170 170 170]
  [224 224 224]
  [255 255 255]]

 [[255 255 255]
  [179 179 179]
  [ 42  42  42]
  ...
  [ 42  42  42]
  [179 179 179]
  [255 255 255]]

 ...

 [[  0   0   0]
  [  0   0   0]
  [  0   0   0]
  ...
  [  0   0   0]
  [  0   0   0]
  [  0   0   0]]

 [[  0   0   0]
  [  0   0   0]
  [  0   0   0]
  ...
  [  0   0   0]
  [  0   0   0]
  [  0   0   0]]

 [[  0   0   0]
  [  0   0   0]
  [  0   0   0]
  ...
  [  0   0   0]
  [  0   0   0]
  [  0   0   0]]]
Game Area: [[ 0  0  0  0  0  0  0  0  0  0  0  0  0  0  0  0  0  0  0  0]
 [ 0  0  0  0  0  0  0  0  0  0  0  0  0  0  0  0  0  0  0  0]
 [ 0  0  0  0  0  0  0  0  0  0  0  0  0  0  0  0  0  0  0  0]
 [ 0  0  0  0  0  0  0  0  0  0  0  0  0  0  0  0  0  0  0  0]
 [ 0  0  0  0  0  0  0  0  0  0  0  0  0  0  0  0  0  0  0  0]
 [ 0  0  0  0  0  0  0  0  0  0  0  0  0  0  0  0  0  0  0  0]
 [ 0  0  0  0  0  0  0  0  0  0  0  0  0  0  0  0  0  0  0  0]
 [ 0  0  0  0  0  0  0  0  0  0  0  0  0  0  0  0  0  0  0  0]
 [ 0  0  0  0  0  0  0  0  0  0  0  0  0  0  0  0  0  0  0  0]
 [ 0  0  0  0  0  0  0  0  0  0  0  0 13  0  0  0  0  0  0  0]
 [ 0  0  0  0  0  0  0  0  0  0  0  0  0  0  0  0  0  0  0  0]
 [ 0  0  0  0  0  0  0  0  0  0  0  0  0  0  0  0  0  0  0  0]
 [ 0  0  0  0  0  0  0  1  1  0  0  0  0  0  0  0  0 14 14  0]
 [ 0  0  0  0  0  0  0  1  1  0  0  0  0  0  0  0  0 14 14  0]
 [10 10 10 10 10 10 10 10 10 10 10 10 10 10 10 10 10 10 10 10]
 [10 10 10 10 10 10 10 10 10 10 10 10 10 10 10 10 10 10 10 10]]
State: {'lives': 2, 'score': 100, 'coins': 1, 'stage': 1, 'world': 1, 'x_position': 360, 'time': 382, 'dead_timer': 0, 'dead_jump_timer': 0, 'game_over': False}
Frame: [[[255 255 255]
  [255 255 255]
  [255 255 255]
  ...
  [255 255 255]
  [255 255 255]
  [255 255 255]]

 [[255 255 255]
  [224 224 224]
  [170 170 170]
  ...
  [170 170 170]
  [224 224 224]
  [255 255 255]]

 [[255 255 255]
  [179 179 179]
  [ 42  42  42]
  ...
  [ 42  42  42]
  [179 179 179]
  [255 255 255]]

 ...

 [[  0   0   0]
  [  0   0   0]
  [  0   0   0]
  ...
  [  0   0   0]
  [  0   0   0]
  [  0   0   0]]

 [[  0   0   0]
  [  0   0   0]
  [  0   0   0]
  ...
  [  0   0   0]
  [  0   0   0]
  [  0   0   0]]

 [[  0   0   0]
  [  0   0   0]
  [  0   0   0]
  ...
  [  0   0   0]
  [  0   0   0]
  [  0   0   0]]]
Game Area: [[ 0  0  0  0  0  0  0  0  0  0  0  0  0  0  0  0  0  0  0  0]
 [ 0  0  0  0  0  0  0  0  0  0  0  0  0  0  0  0  0  0  0  0]
 [ 0  0  0  0  0  0  0  0  0  0  0  0  0  0  0  0  0  0  0  0]
 [ 0  0  0  0  0  0  0  0  0  0  0  0  0  0  0  0  0  0  0  0]
 [ 0  0  0  0  0  0  0  0  0  0  0  0  0  0  0  0  0  0  0  0]
 [ 0  0  0  0  0  0  0  0  0  0  0  0  0  0  0  0  0  0  0  0]
 [ 0  0  0  0  0  0  0  0  0  0  0  0  0  0  0  0  0  0  0  0]
 [ 0  0  0  0  0  0  0  0  0  0  0  0  0  0  0  0  0  0  0  0]
 [ 0  0  0  0  0  0  0  0  0  0  0  0  0  0  0  0  0  0  0  0]
 [ 0  0  0  0  0  0  0  0  0  0  0  0 13  0  0  0  0  0  0  0]
 [ 0  0  0  0  0  0  0  0  0  0  0  0  0  0  0  0  0  0  0  0]
 [ 0  0  0  0  0  0  0  0  0  0  0  0  0  0  0  0  0  0  0  0]
 [ 0  0  0  0  0  0  0  1  1  0  0  0  0  0  0  0  0 14 14  0]
 [ 0  0  0  0  0  0  0  1  1  0  0  0  0  0  0  0  0 14 14  0]
 [10 10 10 10 10 10 10 10 10 10 10 10 10 10 10 10 10 10 10 10]
 [10 10 10 10 10 10 10 10 10 10 10 10 10 10 10 10 10 10 10 10]]
State: {'lives': 2, 'score': 100, 'coins': 1, 'stage': 1, 'world': 1, 'x_position': 353, 'time': 382, 'dead_timer': 0, 'dead_jump_timer': 0, 'game_over': False}
Frame: [[[255 255 255]
  [255 255 255]
  [255 255 255]
  ...
  [255 255 255]
  [255 255 255]
  [255 255 255]]

 [[255 255 255]
  [224 224 224]
  [170 170 170]
  ...
  [170 170 170]
  [224 224 224]
  [255 255 255]]

 [[255 255 255]
  [179 179 179]
  [ 42  42  42]
  ...
  [ 42  42  42]
  [179 179 179]
  [255 255 255]]

 ...

 [[  0   0   0]
  [  0   0   0]
  [  0   0   0]
  ...
  [  0   0   0]
  [  0   0   0]
  [  0   0   0]]

 [[  0   0   0]
  [  0   0   0]
  [  0   0   0]
  ...
  [  0   0   0]
  [  0   0   0]
  [  0   0   0]]

 [[  0   0   0]
  [  0   0   0]
  [  0   0   0]
  ...
  [  0   0   0]
  [  0   0   0]
  [  0   0   0]]]
Game Area: [[ 0  0  0  0  0  0  0  0  0  0  0  0  0  0  0  0  0  0  0  0]
 [ 0  0  0  0  0  0  0  0  0  0  0  0  0  0  0  0  0  0  0  0]
 [ 0  0  0  0  0  0  0  0  0  0  0  0  0  0  0  0  0  0  0  0]
 [ 0  0  0  0  0  0  0  0  0  0  0  0  0  0  0  0  0  0  0  0]
 [ 0  0  0  0  0  0  0  0  0  0  0  0  0  0  0  0  0  0  0  0]
 [ 0  0  0  0  0  0  0  0  0  0  0  0  0  0  0  0  0  0  0  0]
 [ 0  0  0  0  0  0  0  0  0  0  0  0  0  0  0  0  0  0  0  0]
 [ 0  0  0  0  0  0  0  0  0  0  0  0  0  0  0  0  0  0  0  0]
 [ 0  0  0  0  0  0  0  0  0  0  0  0  0  0  0  0  0  0  0  0]
 [ 0  0  0  0  0  0  0  0  0  0  0  0 13  0  0  0  0  0  0  0]
 [ 0  0  0  0  0  0  0  0  0  0  0  0  0  0  0  0  0  0  0  0]
 [ 0  0  0  0  0  0  0  0  0  0  0  0  0  0  0  0  0  0  0  0]
 [ 0  0  0  0  0  0  1  1  0  0  0  0  0  0  0  0  0 14 14  0]
 [ 0  0  0  0  0  0  1  1  0  0  0  0  0  0  0  0  0 14 14  0]
 [10 10 10 10 10 10 10 10 10 10 10 10 10 10 10 10 10 10 10 10]
 [10 10 10 10 10 10 10 10 10 10 10 10 10 10 10 10 10 10 10 10]]
State: {'lives': 2, 'score': 100, 'coins': 1, 'stage': 1, 'world': 1, 'x_position': 353, 'time': 381, 'dead_timer': 0, 'dead_jump_timer': 0, 'game_over': False}
Frame: [[[255 255 255]
  [255 255 255]
  [255 255 255]
  ...
  [255 255 255]
  [255 255 255]
  [255 255 255]]

 [[255 255 255]
  [224 224 224]
  [170 170 170]
  ...
  [170 170 170]
  [224 224 224]
  [255 255 255]]

 [[255 255 255]
  [179 179 179]
  [ 42  42  42]
  ...
  [ 42  42  42]
  [179 179 179]
  [255 255 255]]

 ...

 [[  0   0   0]
  [  0   0   0]
  [  0   0   0]
  ...
  [  0   0   0]
  [  0   0   0]
  [  0   0   0]]

 [[  0   0   0]
  [  0   0   0]
  [  0   0   0]
  ...
  [  0   0   0]
  [  0   0   0]
  [  0   0   0]]

 [[  0   0   0]
  [  0   0   0]
  [  0   0   0]
  ...
  [  0   0   0]
  [  0   0   0]
  [  0   0   0]]]
Game Area: [[ 0  0  0  0  0  0  0  0  0  0  0  0  0  0  0  0  0  0  0  0]
 [ 0  0  0  0  0  0  0  0  0  0  0  0  0  0  0  0  0  0  0  0]
 [ 0  0  0  0  0  0  0  0  0  0  0  0  0  0  0  0  0  0  0  0]
 [ 0  0  0  0  0  0  0  0  0  0  0  0  0  0  0  0  0  0  0  0]
 [ 0  0  0  0  0  0  0  0  0  0  0  0  0  0  0  0  0  0  0  0]
 [ 0  0  0  0  0  0  0  0  0  0  0  0  0  0  0  0  0  0  0  0]
 [ 0  0  0  0  0  0  0  0  0  0  0  0  0  0  0  0  0  0  0  0]
 [ 0  0  0  0  0  0  0  0  0  0  0  0  0  0  0  0  0  0  0  0]
 [ 0  0  0  0  0  0  0  0  0  0  0  0  0  0  0  0  0  0  0  0]
 [ 0  0  0  0  0  0  0  0  0  0  0  0 13  0  0  0  0  0  0  0]
 [ 0  0  0  0  0  0  0  0  0  0  0  0  0  0  0  0  0  0  0  0]
 [ 0  0  0  0  0  0  0  0  0  0  0  0  0  0  0  0  0  0  0  0]
 [ 0  0  0  0  0  0  1  1  0  0  0  0  0  0  0  0  0 14 14  0]
 [ 0  0  0  0  0  0  1  1  0  0  0  0  0  0  0  0  0 14 14  0]
 [10 10 10 10 10 10 10 10 10 10 10 10 10 10 10 10 10 10 10 10]
 [10 10 10 10 10 10 10 10 10 10 10 10 10 10 10 10 10 10 10 10]]
State: {'lives': 2, 'score': 100, 'coins': 1, 'stage': 1, 'world': 1, 'x_position': 353, 'time': 381, 'dead_timer': 0, 'dead_jump_timer': 0, 'game_over': False}
Frame: [[[255 255 255]
  [255 255 255]
  [255 255 255]
  ...
  [255 255 255]
  [255 255 255]
  [255 255 255]]

 [[255 255 255]
  [224 224 224]
  [170 170 170]
  ...
  [170 170 170]
  [224 224 224]
  [255 255 255]]

 [[255 255 255]
  [179 179 179]
  [ 42  42  42]
  ...
  [ 42  42  42]
  [179 179 179]
  [255 255 255]]

 ...

 [[  0   0   0]
  [  0   0   0]
  [  0   0   0]
  ...
  [  0   0   0]
  [  0   0   0]
  [  0   0   0]]

 [[  0   0   0]
  [  0   0   0]
  [  0   0   0]
  ...
  [  0   0   0]
  [  0   0   0]
  [  0   0   0]]

 [[  0   0   0]
  [  0   0   0]
  [  0   0   0]
  ...
  [  0   0   0]
  [  0   0   0]
  [  0   0   0]]]
Game Area: [[ 0  0  0  0  0  0  0  0  0  0  0  0  0  0  0  0  0  0  0  0]
 [ 0  0  0  0  0  0  0  0  0  0  0  0  0  0  0  0  0  0  0  0]
 [ 0  0  0  0  0  0  0  0  0  0  0  0  0  0  0  0  0  0  0  0]
 [ 0  0  0  0  0  0  0  0  0  0  0  0  0  0  0  0  0  0  0  0]
 [ 0  0  0  0  0  0  0  0  0  0  0  0  0  0  0  0  0  0  0  0]
 [ 0  0  0  0  0  0  0  0  0  0  0  0  0  0  0  0  0  0  0  0]
 [ 0  0  0  0  0  0  0  0  0  0  0  0  0  0  0  0  0  0  0  0]
 [ 0  0  0  0  0  0  0  0  0  0  0  0  0  0  0  0  0  0  0  0]
 [ 0  0  0  0  0  0  0  0  0  0  0  0  0  0  0  0  0  0  0  0]
 [ 0  0  0  0  0  0  1  1  0  0  0  0 13  0  0  0  0  0  0  0]
 [ 0  0  0  0  0  0  1  1  0  0  0  0  0  0  0  0  0  0  0  0]
 [ 0  0  0  0  0  0  0  0  0  0  0  0  0  0  0  0  0  0  0  0]
 [ 0  0  0  0  0  0  0  0  0  0  0  0  0  0  0  0  0 14 14  0]
 [ 0  0  0  0  0  0  0  0  0  0  0  0  0  0  0  0  0 14 14  0]
 [10 10 10 10 10 10 10 10 10 10 10 10 10 10 10 10 10 10 10 10]
 [10 10 10 10 10 10 10 10 10 10 10 10 10 10 10 10 10 10 10 10]]
State: {'lives': 2, 'score': 100, 'coins': 1, 'stage': 1, 'world': 1, 'x_position': 353, 'time': 381, 'dead_timer': 0, 'dead_jump_timer': 0, 'game_over': False}
Frame: [[[255 255 255]
  [255 255 255]
  [255 255 255]
  ...
  [255 255 255]
  [255 255 255]
  [255 255 255]]

 [[255 255 255]
  [224 224 224]
  [170 170 170]
  ...
  [170 170 170]
  [224 224 224]
  [255 255 255]]

 [[255 255 255]
  [179 179 179]
  [ 42  42  42]
  ...
  [ 42  42  42]
  [179 179 179]
  [255 255 255]]

 ...

 [[  0   0   0]
  [  0   0   0]
  [  0   0   0]
  ...
  [  0   0   0]
  [  0   0   0]
  [  0   0   0]]

 [[  0   0   0]
  [  0   0   0]
  [  0   0   0]
  ...
  [  0   0   0]
  [  0   0   0]
  [  0   0   0]]

 [[  0   0   0]
  [  0   0   0]
  [  0   0   0]
  ...
  [  0   0   0]
  [  0   0   0]
  [  0   0   0]]]
Game Area: [[ 0  0  0  0  0  0  0  0  0  0  0  0  0  0  0  0  0  0  0  0]
 [ 0  0  0  0  0  0  0  0  0  0  0  0  0  0  0  0  0  0  0  0]
 [ 0  0  0  0  0  0  0  0  0  0  0  0  0  0  0  0  0  0  0  0]
 [ 0  0  0  0  0  0  0  0  0  0  0  0  0  0  0  0  0  0  0  0]
 [ 0  0  0  0  0  0  0  0  0  0  0  0  0  0  0  0  0  0  0  0]
 [ 0  0  0  0  0  0  0  0  0  0  0  0  0  0  0  0  0  0  0  0]
 [ 0  0  0  0  0  0  0  0  0  0  0  0  0  0  0  0  0  0  0  0]
 [ 0  0  0  0  0  0  0  0  0  0  0  0  0  0  0  0  0  0  0  0]
 [ 0  0  0  0  0  0  1  1  0  0  0  0  0  0  0  0  0  0  0  0]
 [ 0  0  0  0  0  0  1  1  0  0  0  0 13  0  0  0  0  0  0  0]
 [ 0  0  0  0  0  0  0  0  0  0  0  0  0  0  0  0  0  0  0  0]
 [ 0  0  0  0  0  0  0  0  0  0  0  0  0  0  0  0  0  0  0  0]
 [ 0  0  0  0  0  0  0  0  0  0  0  0  0  0  0  0  0 14 14  0]
 [ 0  0  0  0  0  0  0  0  0  0  0  0  0  0  0  0  0 14 14  0]
 [10 10 10 10 10 10 10 10 10 10 10 10 10 10 10 10 10 10 10 10]
 [10 10 10 10 10 10 10 10 10 10 10 10 10 10 10 10 10 10 10 10]]
State: {'lives': 2, 'score': 100, 'coins': 1, 'stage': 1, 'world': 1, 'x_position': 353, 'time': 381, 'dead_timer': 0, 'dead_jump_timer': 0, 'game_over': False}
Frame: [[[255 255 255]
  [255 255 255]
  [255 255 255]
  ...
  [255 255 255]
  [255 255 255]
  [255 255 255]]

 [[255 255 255]
  [224 224 224]
  [170 170 170]
  ...
  [170 170 170]
  [224 224 224]
  [255 255 255]]

 [[255 255 255]
  [179 179 179]
  [ 42  42  42]
  ...
  [ 42  42  42]
  [179 179 179]
  [255 255 255]]

 ...

 [[  0   0   0]
  [  0   0   0]
  [  0   0   0]
  ...
  [  0   0   0]
  [  0   0   0]
  [  0   0   0]]

 [[  0   0   0]
  [  0   0   0]
  [  0   0   0]
  ...
  [  0   0   0]
  [  0   0   0]
  [  0   0   0]]

 [[  0   0   0]
  [  0   0   0]
  [  0   0   0]
  ...
  [  0   0   0]
  [  0   0   0]
  [  0   0   0]]]
Game Area: [[ 0  0  0  0  0  0  0  0  0  0  0  0  0  0  0  0  0  0  0  0]
 [ 0  0  0  0  0  0  0  0  0  0  0  0  0  0  0  0  0  0  0  0]
 [ 0  0  0  0  0  0  0  0  0  0  0  0  0  0  0  0  0  0  0  0]
 [ 0  0  0  0  0  0  0  0  0  0  0  0  0  0  0  0  0  0  0  0]
 [ 0  0  0  0  0  0  0  0  0  0  0  0  0  0  0  0  0  0  0  0]
 [ 0  0  0  0  0  0  0  0  0  0  0  0  0  0  0  0  0  0  0  0]
 [ 0  0  0  0  0  0  0  0  0  0  0  0  0  0  0  0  0  0  0  0]
 [ 0  0  0  0  0  0  0  0  0  0  0  0  0  0  0  0  0  0  0  0]
 [ 0  0  0  0  0  0  1  1  0  0  0  0  0  0  0  0  0  0  0  0]
 [ 0  0  0  0  0  0  1  1  0  0  0  0 13  0  0  0  0  0  0  0]
 [ 0  0  0  0  0  0  0  0  0  0  0  0  0  0  0  0  0  0  0  0]
 [ 0  0  0  0  0  0  0  0  0  0  0  0  0  0  0  0  0  0  0  0]
 [ 0  0  0  0  0  0  0  0  0  0  0  0  0  0  0  0  0 14 14  0]
 [ 0  0  0  0  0  0  0  0  0  0  0  0  0  0  0  0  0 14 14  0]
 [10 10 10 10 10 10 10 10 10 10 10 10 10 10 10 10 10 10 10 10]
 [10 10 10 10 10 10 10 10 10 10 10 10 10 10 10 10 10 10 10 10]]
State: {'lives': 2, 'score': 100, 'coins': 1, 'stage': 1, 'world': 1, 'x_position': 346, 'time': 380, 'dead_timer': 0, 'dead_jump_timer': 0, 'game_over': False}
Frame: [[[255 255 255]
  [255 255 255]
  [255 255 255]
  ...
  [255 255 255]
  [255 255 255]
  [255 255 255]]

 [[255 255 255]
  [224 224 224]
  [170 170 170]
  ...
  [170 170 170]
  [224 224 224]
  [255 255 255]]

 [[255 255 255]
  [179 179 179]
  [ 42  42  42]
  ...
  [ 42  42  42]
  [179 179 179]
  [255 255 255]]

 ...

 [[  0   0   0]
  [  0   0   0]
  [  0   0   0]
  ...
  [  0   0   0]
  [  0   0   0]
  [  0   0   0]]

 [[  0   0   0]
  [  0   0   0]
  [  0   0   0]
  ...
  [  0   0   0]
  [  0   0   0]
  [  0   0   0]]

 [[  0   0   0]
  [  0   0   0]
  [  0   0   0]
  ...
  [  0   0   0]
  [  0   0   0]
  [  0   0   0]]]
Game Area: [[ 0  0  0  0  0  0  0  0  0  0  0  0  0  0  0  0  0  0  0  0]
 [ 0  0  0  0  0  0  0  0  0  0  0  0  0  0  0  0  0  0  0  0]
 [ 0  0  0  0  0  0  0  0  0  0  0  0  0  0  0  0  0  0  0  0]
 [ 0  0  0  0  0  0  0  0  0  0  0  0  0  0  0  0  0  0  0  0]
 [ 0  0  0  0  0  0  0  0  0  0  0  0  0  0  0  0  0  0  0  0]
 [ 0  0  0  0  0  0  0  0  0  0  0  0  0  0  0  0  0  0  0  0]
 [ 0  0  0  0  0  0  0  0  0  0  0  0  0  0  0  0  0  0  0  0]
 [ 0  0  0  0  0  0  0  0  0  0  0  0  0  0  0  0  0  0  0  0]
 [ 0  0  0  0  0  0  0  0  0  0  0  0  0  0  0  0  0  0  0  0]
 [ 0  0  0  0  0  0  0  0  0  0  0  0 13  0  0  0  0  0  0  0]
 [ 0  0  0  0  0  1  1  0  0  0  0  0  0  0  0  0  0  0  0  0]
 [ 0  0  0  0  0  1  1  0  0  0  0  0  0  0  0  0  0  0  0  0]
 [ 0  0  0  0  0  0  0  0  0  0  0  0  0  0  0  0  0 14 14  0]
 [ 0  0  0  0  0  0  0  0  0  0  0  0  0  0  0  0  0 14 14  0]
 [10 10 10 10 10 10 10 10 10 10 10 10 10 10 10 10 10 10 10 10]
 [10 10 10 10 10 10 10 10 10 10 10 10 10 10 10 10 10 10 10 10]]
State: {'lives': 2, 'score': 100, 'coins': 1, 'stage': 1, 'world': 1, 'x_position': 343, 'time': 380, 'dead_timer': 0, 'dead_jump_timer': 0, 'game_over': False}
Frame: [[[255 255 255]
  [255 255 255]
  [255 255 255]
  ...
  [255 255 255]
  [255 255 255]
  [255 255 255]]

 [[255 255 255]
  [224 224 224]
  [170 170 170]
  ...
  [170 170 170]
  [224 224 224]
  [255 255 255]]

 [[255 255 255]
  [179 179 179]
  [ 42  42  42]
  ...
  [ 42  42  42]
  [179 179 179]
  [255 255 255]]

 ...

 [[  0   0   0]
  [  0   0   0]
  [  0   0   0]
  ...
  [  0   0   0]
  [  0   0   0]
  [  0   0   0]]

 [[  0   0   0]
  [  0   0   0]
  [  0   0   0]
  ...
  [  0   0   0]
  [  0   0   0]
  [  0   0   0]]

 [[  0   0   0]
  [  0   0   0]
  [  0   0   0]
  ...
  [  0   0   0]
  [  0   0   0]
  [  0   0   0]]]
Game Area: [[ 0  0  0  0  0  0  0  0  0  0  0  0  0  0  0  0  0  0  0  0]
 [ 0  0  0  0  0  0  0  0  0  0  0  0  0  0  0  0  0  0  0  0]
 [ 0  0  0  0  0  0  0  0  0  0  0  0  0  0  0  0  0  0  0  0]
 [ 0  0  0  0  0  0  0  0  0  0  0  0  0  0  0  0  0  0  0  0]
 [ 0  0  0  0  0  0  0  0  0  0  0  0  0  0  0  0  0  0  0  0]
 [ 0  0  0  0  0  0  0  0  0  0  0  0  0  0  0  0  0  0  0  0]
 [ 0  0  0  0  0  0  0  0  0  0  0  0  0  0  0  0  0  0  0  0]
 [ 0  0  0  0  0  0  0  0  0  0  0  0  0  0  0  0  0  0  0  0]
 [ 0  0  0  0  0  0  0  0  0  0  0  0  0  0  0  0  0  0  0  0]
 [ 0  0  0  0  0  0  0  0  0  0  0  0 13  0  0  0  0  0  0  0]
 [ 0  0  0  0  0  0  0  0  0  0  0  0  0  0  0  0  0  0  0  0]
 [ 0  0  0  0  0  0  0  0  0  0  0  0  0  0  0  0  0  0  0  0]
 [ 0  0  0  0  0  1  1  0  0  0  0  0  0  0  0  0  0 14 14  0]
 [ 0  0  0  0  0  1  1  0  0  0  0  0  0  0  0  0  0 14 14  0]
 [10 10 10 10 10 10 10 10 10 10 10 10 10 10 10 10 10 10 10 10]
 [10 10 10 10 10 10 10 10 10 10 10 10 10 10 10 10 10 10 10 10]]
State: {'lives': 2, 'score': 100, 'coins': 1, 'stage': 1, 'world': 1, 'x_position': 343, 'time': 380, 'dead_timer': 0, 'dead_jump_timer': 0, 'game_over': False}
Frame: [[[255 255 255]
  [255 255 255]
  [255 255 255]
  ...
  [255 255 255]
  [255 255 255]
  [255 255 255]]

 [[255 255 255]
  [224 224 224]
  [170 170 170]
  ...
  [170 170 170]
  [224 224 224]
  [255 255 255]]

 [[255 255 255]
  [179 179 179]
  [ 42  42  42]
  ...
  [ 42  42  42]
  [179 179 179]
  [255 255 255]]

 ...

 [[  0   0   0]
  [  0   0   0]
  [  0   0   0]
  ...
  [  0   0   0]
  [  0   0   0]
  [  0   0   0]]

 [[  0   0   0]
  [  0   0   0]
  [  0   0   0]
  ...
  [  0   0   0]
  [  0   0   0]
  [  0   0   0]]

 [[  0   0   0]
  [  0   0   0]
  [  0   0   0]
  ...
  [  0   0   0]
  [  0   0   0]
  [  0   0   0]]]
Game Area: [[ 0  0  0  0  0  0  0  0  0  0  0  0  0  0  0  0  0  0  0  0]
 [ 0  0  0  0  0  0  0  0  0  0  0  0  0  0  0  0  0  0  0  0]
 [ 0  0  0  0  0  0  0  0  0  0  0  0  0  0  0  0  0  0  0  0]
 [ 0  0  0  0  0  0  0  0  0  0  0  0  0  0  0  0  0  0  0  0]
 [ 0  0  0  0  0  0  0  0  0  0  0  0  0  0  0  0  0  0  0  0]
 [ 0  0  0  0  0  0  0  0  0  0  0  0  0  0  0  0  0  0  0  0]
 [ 0  0  0  0  0  0  0  0  0  0  0  0  0  0  0  0  0  0  0  0]
 [ 0  0  0  0  0  0  0  0  0  0  0  0  0  0  0  0  0  0  0  0]
 [ 0  0  0  0  0  0  0  0  0  0  0  0  0  0  0  0  0  0  0  0]
 [ 0  0  0  0  0  0  0  0  0  0  0  0 13  0  0  0  0  0  0  0]
 [ 0  0  0  0  0  0  0  0  0  0  0  0  0  0  0  0  0  0  0  0]
 [ 0  0  0  0  0  0  0  0  0  0  0  0  0  0  0  0  0  0  0  0]
 [ 0  0  0  0  0  1  1  0  0  0  0  0  0  0  0  0  0 14 14  0]
 [ 0  0  0  0  0  1  1  0  0  0  0  0  0  0  0  0  0 14 14  0]
 [10 10 10 10 10 10 10 10 10 10 10 10 10 10 10 10 10 10 10 10]
 [10 10 10 10 10 10 10 10 10 10 10 10 10 10 10 10 10 10 10 10]]
State: {'lives': 2, 'score': 100, 'coins': 1, 'stage': 1, 'world': 1, 'x_position': 343, 'time': 380, 'dead_timer': 0, 'dead_jump_timer': 0, 'game_over': False}
Frame: [[[255 255 255]
  [255 255 255]
  [255 255 255]
  ...
  [255 255 255]
  [255 255 255]
  [255 255 255]]

 [[255 255 255]
  [224 224 224]
  [170 170 170]
  ...
  [170 170 170]
  [224 224 224]
  [255 255 255]]

 [[255 255 255]
  [179 179 179]
  [ 42  42  42]
  ...
  [ 42  42  42]
  [179 179 179]
  [255 255 255]]

 ...

 [[  0   0   0]
  [  0   0   0]
  [  0   0   0]
  ...
  [  0   0   0]
  [  0   0   0]
  [  0   0   0]]

 [[  0   0   0]
  [  0   0   0]
  [  0   0   0]
  ...
  [  0   0   0]
  [  0   0   0]
  [  0   0   0]]

 [[  0   0   0]
  [  0   0   0]
  [  0   0   0]
  ...
  [  0   0   0]
  [  0   0   0]
  [  0   0   0]]]
Game Area: [[ 0  0  0  0  0  0  0  0  0  0  0  0  0  0  0  0  0  0  0  0]
 [ 0  0  0  0  0  0  0  0  0  0  0  0  0  0  0  0  0  0  0  0]
 [ 0  0  0  0  0  0  0  0  0  0  0  0  0  0  0  0  0  0  0  0]
 [ 0  0  0  0  0  0  0  0  0  0  0  0  0  0  0  0  0  0  0  0]
 [ 0  0  0  0  0  0  0  0  0  0  0  0  0  0  0  0  0  0  0  0]
 [ 0  0  0  0  0  0  0  0  0  0  0  0  0  0  0  0  0  0  0  0]
 [ 0  0  0  0  0  0  0  0  0  0  0  0  0  0  0  0  0  0  0  0]
 [ 0  0  0  0  0  0  0  0  0  0  0  0  0  0  0  0  0  0  0  0]
 [ 0  0  0  0  0  0  0  0  0  0  0  0  0  0  0  0  0  0  0  0]
 [ 0  0  0  0  0  0  0  0  0  0  0  0 13  0  0  0  0  0  0  0]
 [ 0  0  0  0  0  0  0  0  0  0  0  0  0  0  0  0  0  0  0  0]
 [ 0  0  0  0  0  0  0  0  0  0  0  0  0  0  0  0  0  0  0  0]
 [ 0  0  0  0  0  1  1  0  0  0  0  0  0  0  0  0  0 14 14  0]
 [ 0  0  0  0  0  1  1  0  0  0  0  0  0  0  0  0  0 14 14  0]
 [10 10 10 10 10 10 10 10 10 10 10 10 10 10 10 10 10 10 10 10]
 [10 10 10 10 10 10 10 10 10 10 10 10 10 10 10 10 10 10 10 10]]
State: {'lives': 2, 'score': 100, 'coins': 1, 'stage': 1, 'world': 1, 'x_position': 343, 'time': 379, 'dead_timer': 0, 'dead_jump_timer': 0, 'game_over': False}
Frame: [[[255 255 255]
  [255 255 255]
  [255 255 255]
  ...
  [255 255 255]
  [255 255 255]
  [255 255 255]]

 [[255 255 255]
  [224 224 224]
  [170 170 170]
  ...
  [170 170 170]
  [224 224 224]
  [255 255 255]]

 [[255 255 255]
  [179 179 179]
  [ 42  42  42]
  ...
  [ 42  42  42]
  [179 179 179]
  [255 255 255]]

 ...

 [[  0   0   0]
  [  0   0   0]
  [  0   0   0]
  ...
  [  0   0   0]
  [  0   0   0]
  [  0   0   0]]

 [[  0   0   0]
  [  0   0   0]
  [  0   0   0]
  ...
  [  0   0   0]
  [  0   0   0]
  [  0   0   0]]

 [[  0   0   0]
  [  0   0   0]
  [  0   0   0]
  ...
  [  0   0   0]
  [  0   0   0]
  [  0   0   0]]]
Game Area: [[ 0  0  0  0  0  0  0  0  0  0  0  0  0  0  0  0  0  0  0  0]
 [ 0  0  0  0  0  0  0  0  0  0  0  0  0  0  0  0  0  0  0  0]
 [ 0  0  0  0  0  0  0  0  0  0  0  0  0  0  0  0  0  0  0  0]
 [ 0  0  0  0  0  0  0  0  0  0  0  0  0  0  0  0  0  0  0  0]
 [ 0  0  0  0  0  0  0  0  0  0  0  0  0  0  0  0  0  0  0  0]
 [ 0  0  0  0  0  0  0  0  0  0  0  0  0  0  0  0  0  0  0  0]
 [ 0  0  0  0  0  0  0  0  0  0  0  0  0  0  0  0  0  0  0  0]
 [ 0  0  0  0  0  0  0  0  0  0  0  0  0  0  0  0  0  0  0  0]
 [ 0  0  0  0  0  0  0  0  0  0  0  0  0  0  0  0  0  0  0  0]
 [ 0  0  0  0  0  0  0  0  0  0  0  0 13  0  0  0  0  0  0  0]
 [ 0  0  0  0  0  0  0  0  0  0  0  0  0  0  0  0  0  0  0  0]
 [ 0  0  0  0  0  0  0  0  0  0  0  0  0  0  0  0  0  0  0  0]
 [ 0  0  0  0  0  1  1  0  0  0  0  0  0  0  0  0  0 14 14  0]
 [ 0  0  0  0  0  1  1  0  0  0  0  0  0  0  0  0  0 14 14  0]
 [10 10 10 10 10 10 10 10 10 10 10 10 10 10 10 10 10 10 10 10]
 [10 10 10 10 10 10 10 10 10 10 10 10 10 10 10 10 10 10 10 10]]
State: {'lives': 2, 'score': 100, 'coins': 1, 'stage': 1, 'world': 1, 'x_position': 343, 'time': 379, 'dead_timer': 0, 'dead_jump_timer': 0, 'game_over': False}
Frame: [[[255 255 255]
  [255 255 255]
  [255 255 255]
  ...
  [255 255 255]
  [255 255 255]
  [255 255 255]]

 [[255 255 255]
  [224 224 224]
  [170 170 170]
  ...
  [170 170 170]
  [224 224 224]
  [255 255 255]]

 [[255 255 255]
  [179 179 179]
  [ 42  42  42]
  ...
  [ 42  42  42]
  [179 179 179]
  [255 255 255]]

 ...

 [[  0   0   0]
  [  0   0   0]
  [  0   0   0]
  ...
  [  0   0   0]
  [  0   0   0]
  [  0   0   0]]

 [[  0   0   0]
  [  0   0   0]
  [  0   0   0]
  ...
  [  0   0   0]
  [  0   0   0]
  [  0   0   0]]

 [[  0   0   0]
  [  0   0   0]
  [  0   0   0]
  ...
  [  0   0   0]
  [  0   0   0]
  [  0   0   0]]]
Game Area: [[ 0  0  0  0  0  0  0  0  0  0  0  0  0  0  0  0  0  0  0  0]
 [ 0  0  0  0  0  0  0  0  0  0  0  0  0  0  0  0  0  0  0  0]
 [ 0  0  0  0  0  0  0  0  0  0  0  0  0  0  0  0  0  0  0  0]
 [ 0  0  0  0  0  0  0  0  0  0  0  0  0  0  0  0  0  0  0  0]
 [ 0  0  0  0  0  0  0  0  0  0  0  0  0  0  0  0  0  0  0  0]
 [ 0  0  0  0  0  0  0  0  0  0  0  0  0  0  0  0  0  0  0  0]
 [ 0  0  0  0  0  0  0  0  0  0  0  0  0  0  0  0  0  0  0  0]
 [ 0  0  0  0  0  0  0  0  0  0  0  0  0  0  0  0  0  0  0  0]
 [ 0  0  0  0  0  0  0  0  0  0  0  0  0  0  0  0  0  0  0  0]
 [ 0  0  0  0  0  0  0  0  0  0  0  0 13  0  0  0  0  0  0  0]
 [ 0  0  0  0  0  0  0  0  0  0  0  0  0  0  0  0  0  0  0  0]
 [ 0  0  0  0  0  0  0  0  0  0  0  0  0  0  0  0  0  0  0  0]
 [ 0  0  0  0  0  1  1  0  0  0  0  0  0  0  0  0  0 14 14  0]
 [ 0  0  0  0  0  1  1  0  0  0  0  0  0  0  0  0  0 14 14  0]
 [10 10 10 10 10 10 10 10 10 10 10 10 10 10 10 10 10 10 10 10]
 [10 10 10 10 10 10 10 10 10 10 10 10 10 10 10 10 10 10 10 10]]
State: {'lives': 2, 'score': 100, 'coins': 1, 'stage': 1, 'world': 1, 'x_position': 343, 'time': 379, 'dead_timer': 0, 'dead_jump_timer': 0, 'game_over': False}
Frame: [[[255 255 255]
  [255 255 255]
  [255 255 255]
  ...
  [255 255 255]
  [255 255 255]
  [255 255 255]]

 [[255 255 255]
  [224 224 224]
  [170 170 170]
  ...
  [170 170 170]
  [224 224 224]
  [255 255 255]]

 [[255 255 255]
  [179 179 179]
  [ 42  42  42]
  ...
  [ 42  42  42]
  [179 179 179]
  [255 255 255]]

 ...

 [[  0   0   0]
  [  0   0   0]
  [  0   0   0]
  ...
  [  0   0   0]
  [  0   0   0]
  [  0   0   0]]

 [[  0   0   0]
  [  0   0   0]
  [  0   0   0]
  ...
  [  0   0   0]
  [  0   0   0]
  [  0   0   0]]

 [[  0   0   0]
  [  0   0   0]
  [  0   0   0]
  ...
  [  0   0   0]
  [  0   0   0]
  [  0   0   0]]]
Game Area: [[ 0  0  0  0  0  0  0  0  0  0  0  0  0  0  0  0  0  0  0  0]
 [ 0  0  0  0  0  0  0  0  0  0  0  0  0  0  0  0  0  0  0  0]
 [ 0  0  0  0  0  0  0  0  0  0  0  0  0  0  0  0  0  0  0  0]
 [ 0  0  0  0  0  0  0  0  0  0  0  0  0  0  0  0  0  0  0  0]
 [ 0  0  0  0  0  0  0  0  0  0  0  0  0  0  0  0  0  0  0  0]
 [ 0  0  0  0  0  0  0  0  0  0  0  0  0  0  0  0  0  0  0  0]
 [ 0  0  0  0  0  0  0  0  0  0  0  0  0  0  0  0  0  0  0  0]
 [ 0  0  0  0  0  0  0  0  0  0  0  0  0  0  0  0  0  0  0  0]
 [ 0  0  0  0  0  0  0  0  0  0  0  0  0  0  0  0  0  0  0  0]
 [ 0  0  0  0  0  0  0  0  0  0  0  0 13  0  0  0  0  0  0  0]
 [ 0  0  0  0  0  0  0  0  0  0  0  0  0  0  0  0  0  0  0  0]
 [ 0  0  0  0  0  0  0  0  0  0  0  0  0  0  0  0  0  0  0  0]
 [ 0  0  0  0  0  1  1  0  0  0  0  0  0  0  0  0  0 14 14  0]
 [ 0  0  0  0  0  1  1  0  0  0  0  0  0  0  0  0  0 14 14  0]
 [10 10 10 10 10 10 10 10 10 10 10 10 10 10 10 10 10 10 10 10]
 [10 10 10 10 10 10 10 10 10 10 10 10 10 10 10 10 10 10 10 10]]
State: {'lives': 2, 'score': 100, 'coins': 1, 'stage': 1, 'world': 1, 'x_position': 343, 'time': 379, 'dead_timer': 0, 'dead_jump_timer': 0, 'game_over': False}
Frame: [[[255 255 255]
  [255 255 255]
  [255 255 255]
  ...
  [255 255 255]
  [255 255 255]
  [255 255 255]]

 [[255 255 255]
  [224 224 224]
  [170 170 170]
  ...
  [170 170 170]
  [224 224 224]
  [255 255 255]]

 [[255 255 255]
  [179 179 179]
  [ 42  42  42]
  ...
  [ 42  42  42]
  [179 179 179]
  [255 255 255]]

 ...

 [[  0   0   0]
  [  0   0   0]
  [  0   0   0]
  ...
  [  0   0   0]
  [  0   0   0]
  [  0   0   0]]

 [[  0   0   0]
  [  0   0   0]
  [  0   0   0]
  ...
  [  0   0   0]
  [  0   0   0]
  [  0   0   0]]

 [[  0   0   0]
  [  0   0   0]
  [  0   0   0]
  ...
  [  0   0   0]
  [  0   0   0]
  [  0   0   0]]]
Game Area: [[ 0  0  0  0  0  0  0  0  0  0  0  0  0  0  0  0  0  0  0  0]
 [ 0  0  0  0  0  0  0  0  0  0  0  0  0  0  0  0  0  0  0  0]
 [ 0  0  0  0  0  0  0  0  0  0  0  0  0  0  0  0  0  0  0  0]
 [ 0  0  0  0  0  0  0  0  0  0  0  0  0  0  0  0  0  0  0  0]
 [ 0  0  0  0  0  0  0  0  0  0  0  0  0  0  0  0  0  0  0  0]
 [ 0  0  0  0  0  0  0  0  0  0  0  0  0  0  0  0  0  0  0  0]
 [ 0  0  0  0  0  0  0  0  0  0  0  0  0  0  0  0  0  0  0  0]
 [ 0  0  0  0  0  0  0  0  0  0  0  0  0  0  0  0  0  0  0  0]
 [ 0  0  0  0  0  0  0  0  0  0  0  0  0  0  0  0  0  0  0  0]
 [ 0  0  0  0  0  0  0  0  0  0  0  0 13  0  0  0  0  0  0  0]
 [ 0  0  0  0  0  0  0  0  0  0  0  0  0  0  0  0  0  0  0  0]
 [ 0  0  0  0  0  0  0  0  0  0  0  0  0  0  0  0  0  0  0  0]
 [ 0  0  0  0  0  1  1  0  0  0  0  0  0  0  0  0  0 14 14  0]
 [ 0  0  0  0  0  1  1  0  0  0  0  0  0  0  0  0  0 14 14  0]
 [10 10 10 10 10 10 10 10 10 10 10 10 10 10 10 10 10 10 10 10]
 [10 10 10 10 10 10 10 10 10 10 10 10 10 10 10 10 10 10 10 10]]
State: {'lives': 2, 'score': 100, 'coins': 1, 'stage': 1, 'world': 1, 'x_position': 350, 'time': 378, 'dead_timer': 0, 'dead_jump_timer': 0, 'game_over': False}
Frame: [[[255 255 255]
  [255 255 255]
  [255 255 255]
  ...
  [255 255 255]
  [255 255 255]
  [255 255 255]]

 [[255 255 255]
  [224 224 224]
  [170 170 170]
  ...
  [170 170 170]
  [224 224 224]
  [255 255 255]]

 [[255 255 255]
  [179 179 179]
  [ 42  42  42]
  ...
  [ 42  42  42]
  [179 179 179]
  [255 255 255]]

 ...

 [[  0   0   0]
  [  0   0   0]
  [  0   0   0]
  ...
  [  0   0   0]
  [  0   0   0]
  [  0   0   0]]

 [[  0   0   0]
  [  0   0   0]
  [  0   0   0]
  ...
  [  0   0   0]
  [  0   0   0]
  [  0   0   0]]

 [[  0   0   0]
  [  0   0   0]
  [  0   0   0]
  ...
  [  0   0   0]
  [  0   0   0]
  [  0   0   0]]]
Game Area: [[ 0  0  0  0  0  0  0  0  0  0  0  0  0  0  0  0  0  0  0  0]
 [ 0  0  0  0  0  0  0  0  0  0  0  0  0  0  0  0  0  0  0  0]
 [ 0  0  0  0  0  0  0  0  0  0  0  0  0  0  0  0  0  0  0  0]
 [ 0  0  0  0  0  0  0  0  0  0  0  0  0  0  0  0  0  0  0  0]
 [ 0  0  0  0  0  0  0  0  0  0  0  0  0  0  0  0  0  0  0  0]
 [ 0  0  0  0  0  0  0  0  0  0  0  0  0  0  0  0  0  0  0  0]
 [ 0  0  0  0  0  0  0  0  0  0  0  0  0  0  0  0  0  0  0  0]
 [ 0  0  0  0  0  0  0  0  0  0  0  0  0  0  0  0  0  0  0  0]
 [ 0  0  0  0  0  0  0  0  0  0  0  0  0  0  0  0  0  0  0  0]
 [ 0  0  0  0  0  0  0  0  0  0  0  0 13  0  0  0  0  0  0  0]
 [ 0  0  0  0  0  0  0  0  0  0  0  0  0  0  0  0  0  0  0  0]
 [ 0  0  0  0  0  0  0  0  0  0  0  0  0  0  0  0  0  0  0  0]
 [ 0  0  0  0  0  0  1  1  0  0  0  0  0  0  0  0  0 14 14  0]
 [ 0  0  0  0  0  0  1  1  0  0  0  0  0  0  0  0  0 14 14  0]
 [10 10 10 10 10 10 10 10 10 10 10 10 10 10 10 10 10 10 10 10]
 [10 10 10 10 10 10 10 10 10 10 10 10 10 10 10 10 10 10 10 10]]
State: {'lives': 2, 'score': 100, 'coins': 1, 'stage': 1, 'world': 1, 'x_position': 360, 'time': 378, 'dead_timer': 0, 'dead_jump_timer': 0, 'game_over': False}
Frame: [[[255 255 255]
  [255 255 255]
  [255 255 255]
  ...
  [255 255 255]
  [255 255 255]
  [255 255 255]]

 [[255 255 255]
  [224 224 224]
  [170 170 170]
  ...
  [170 170 170]
  [224 224 224]
  [255 255 255]]

 [[255 255 255]
  [179 179 179]
  [ 42  42  42]
  ...
  [ 42  42  42]
  [179 179 179]
  [255 255 255]]

 ...

 [[  0   0   0]
  [  0   0   0]
  [  0   0   0]
  ...
  [  0   0   0]
  [  0   0   0]
  [  0   0   0]]

 [[  0   0   0]
  [  0   0   0]
  [  0   0   0]
  ...
  [  0   0   0]
  [  0   0   0]
  [  0   0   0]]

 [[  0   0   0]
  [  0   0   0]
  [  0   0   0]
  ...
  [  0   0   0]
  [  0   0   0]
  [  0   0   0]]]
Game Area: [[ 0  0  0  0  0  0  0  0  0  0  0  0  0  0  0  0  0  0  0  0]
 [ 0  0  0  0  0  0  0  0  0  0  0  0  0  0  0  0  0  0  0  0]
 [ 0  0  0  0  0  0  0  0  0  0  0  0  0  0  0  0  0  0  0  0]
 [ 0  0  0  0  0  0  0  0  0  0  0  0  0  0  0  0  0  0  0  0]
 [ 0  0  0  0  0  0  0  0  0  0  0  0  0  0  0  0  0  0  0  0]
 [ 0  0  0  0  0  0  0  0  0  0  0  0  0  0  0  0  0  0  0  0]
 [ 0  0  0  0  0  0  0  0  0  0  0  0  0  0  0  0  0  0  0  0]
 [ 0  0  0  0  0  0  0  0  0  0  0  0  0  0  0  0  0  0  0  0]
 [ 0  0  0  0  0  0  0  0  0  0  0  0  0  0  0  0  0  0  0  0]
 [ 0  0  0  0  0  0  0  0  0  0  0  0 13  0  0  0  0  0  0  0]
 [ 0  0  0  0  0  0  0  0  0  0  0  0  0  0  0  0  0  0  0  0]
 [ 0  0  0  0  0  0  0  0  0  0  0  0  0  0  0  0  0  0  0  0]
 [ 0  0  0  0  0  0  0  1  1  0  0  0  0  0  0  0  0 14 14  0]
 [ 0  0  0  0  0  0  0  1  1  0  0  0  0  0  0  0  0 14 14  0]
 [10 10 10 10 10 10 10 10 10 10 10 10 10 10 10 10 10 10 10 10]
 [10 10 10 10 10 10 10 10 10 10 10 10 10 10 10 10 10 10 10 10]]
State: {'lives': 2, 'score': 100, 'coins': 1, 'stage': 1, 'world': 1, 'x_position': 369, 'time': 378, 'dead_timer': 0, 'dead_jump_timer': 0, 'game_over': False}
Frame: [[[255 255 255]
  [255 255 255]
  [255 255 255]
  ...
  [255 255 255]
  [255 255 255]
  [255 255 255]]

 [[255 255 255]
  [224 224 224]
  [170 170 170]
  ...
  [170 170 170]
  [224 224 224]
  [255 255 255]]

 [[255 255 255]
  [179 179 179]
  [ 42  42  42]
  ...
  [ 42  42  42]
  [179 179 179]
  [255 255 255]]

 ...

 [[  0   0   0]
  [  0   0   0]
  [  0   0   0]
  ...
  [  0   0   0]
  [  0   0   0]
  [  0   0   0]]

 [[  0   0   0]
  [  0   0   0]
  [  0   0   0]
  ...
  [  0   0   0]
  [  0   0   0]
  [  0   0   0]]

 [[  0   0   0]
  [  0   0   0]
  [  0   0   0]
  ...
  [  0   0   0]
  [  0   0   0]
  [  0   0   0]]]
Game Area: [[ 0  0  0  0  0  0  0  0  0  0  0  0  0  0  0  0  0  0  0  0]
 [ 0  0  0  0  0  0  0  0  0  0  0  0  0  0  0  0  0  0  0  0]
 [ 0  0  0  0  0  0  0  0  0  0  0  0  0  0  0  0  0  0  0  0]
 [ 0  0  0  0  0  0  0  0  0  0  0  0  0  0  0  0  0  0  0  0]
 [ 0  0  0  0  0  0  0  0  0  0  0  0  0  0  0  0  0  0  0  0]
 [ 0  0  0  0  0  0  0  0  0  0  0  0  0  0  0  0  0  0  0  0]
 [ 0  0  0  0  0  0  0  0  0  0  0  0  0  0  0  0  0  0  0  0]
 [ 0  0  0  0  0  0  0  0  0  0  0  0  0  0  0  0  0  0  0  0]
 [ 0  0  0  0  0  0  0  0  0  0  0  0  0  0  0  0  0  0  0  0]
 [ 0  0  0  0  0  0  0  0  0  0  0  0 13  0  0  0  0  0  0  0]
 [ 0  0  0  0  0  0  0  0  0  0  0  0  0  0  0  0  0  0  0  0]
 [ 0  0  0  0  0  0  0  0  0  0  0  0  0  0  0  0  0  0  0  0]
 [ 0  0  0  0  0  0  0  0  1  1  0  0  0  0  0  0  0 14 14  0]
 [ 0  0  0  0  0  0  0  0  1  1  0  0  0  0  0  0  0 14 14  0]
 [10 10 10 10 10 10 10 10 10 10 10 10 10 10 10 10 10 10 10 10]
 [10 10 10 10 10 10 10 10 10 10 10 10 10 10 10 10 10 10 10 10]]
State: {'lives': 2, 'score': 100, 'coins': 1, 'stage': 1, 'world': 1, 'x_position': 379, 'time': 378, 'dead_timer': 0, 'dead_jump_timer': 0, 'game_over': False}
Frame: [[[255 255 255]
  [255 255 255]
  [255 255 255]
  ...
  [255 255 255]
  [255 255 255]
  [255 255 255]]

 [[255 255 255]
  [224 224 224]
  [170 170 170]
  ...
  [170 170 170]
  [224 224 224]
  [255 255 255]]

 [[255 255 255]
  [179 179 179]
  [ 42  42  42]
  ...
  [ 42  42  42]
  [179 179 179]
  [255 255 255]]

 ...

 [[  0   0   0]
  [  0   0   0]
  [  0   0   0]
  ...
  [  0   0   0]
  [  0   0   0]
  [  0   0   0]]

 [[  0   0   0]
  [  0   0   0]
  [  0   0   0]
  ...
  [  0   0   0]
  [  0   0   0]
  [  0   0   0]]

 [[  0   0   0]
  [  0   0   0]
  [  0   0   0]
  ...
  [  0   0   0]
  [  0   0   0]
  [  0   0   0]]]
Game Area: [[ 0  0  0  0  0  0  0  0  0  0  0  0  0  0  0  0  0  0  0  0]
 [ 0  0  0  0  0  0  0  0  0  0  0  0  0  0  0  0  0  0  0  0]
 [ 0  0  0  0  0  0  0  0  0  0  0  0  0  0  0  0  0  0  0  0]
 [ 0  0  0  0  0  0  0  0  0  0  0  0  0  0  0  0  0  0  0  0]
 [ 0  0  0  0  0  0  0  0  0  0  0  0  0  0  0  0  0  0  0  0]
 [ 0  0  0  0  0  0  0  0  0  0  0  0  0  0  0  0  0  0  0  0]
 [ 0  0  0  0  0  0  0  0  0  0  0  0  0  0  0  0  0  0  0  0]
 [ 0  0  0  0  0  0  0  0  0  0  0  0  0  0  0  0  0  0  0  0]
 [ 0  0  0  0  0  0  0  0  0  0  0  0  0  0  0  0  0  0  0  0]
 [ 0  0  0  0  0  0  0  0  0  0 13  0  0  0  0  0  0  0  0  0]
 [ 0  0  0  0  0  0  0  0  0  0  0  0  0  0  0  0  0  0  0  0]
 [ 0  0  0  0  0  0  0  0  0  0  0  0  0  0  0  0  0  0  0  0]
 [ 0  0  0  0  0  0  0  0  1  1  0  0  0  0  0 14 14  0  0  0]
 [ 0  0  0  0  0  0  0  0  1  1  0  0  0  0  0 14 14  0  0  0]
 [10 10 10 10 10 10 10 10 10 10 10 10 10 10 10 10 10 10 10 10]
 [10 10 10 10 10 10 10 10 10 10 10 10 10 10 10 10 10 10 10 10]]
State: {'lives': 2, 'score': 100, 'coins': 1, 'stage': 1, 'world': 1, 'x_position': 389, 'time': 377, 'dead_timer': 0, 'dead_jump_timer': 0, 'game_over': False}
Frame: [[[255 255 255]
  [255 255 255]
  [255 255 255]
  ...
  [255 255 255]
  [255 255 255]
  [255 255 255]]

 [[255 255 255]
  [224 224 224]
  [170 170 170]
  ...
  [170 170 170]
  [224 224 224]
  [255 255 255]]

 [[255 255 255]
  [179 179 179]
  [ 42  42  42]
  ...
  [ 42  42  42]
  [179 179 179]
  [255 255 255]]

 ...

 [[  0   0   0]
  [  0   0   0]
  [  0   0   0]
  ...
  [  0   0   0]
  [  0   0   0]
  [  0   0   0]]

 [[  0   0   0]
  [  0   0   0]
  [  0   0   0]
  ...
  [  0   0   0]
  [  0   0   0]
  [  0   0   0]]

 [[  0   0   0]
  [  0   0   0]
  [  0   0   0]
  ...
  [  0   0   0]
  [  0   0   0]
  [  0   0   0]]]
Game Area: [[ 0  0  0  0  0  0  0  0  0  0  0  0  0  0  0  0  0  0  0  0]
 [ 0  0  0  0  0  0  0  0  0  0  0  0  0  0  0  0  0  0  0  0]
 [ 0  0  0  0  0  0  0  0  0  0  0  0  0  0  0  0  0  0  0  0]
 [ 0  0  0  0  0  0  0  0  0  0  0  0  0  0  0  0  0  0  0  0]
 [ 0  0  0  0  0  0  0  0  0  0  0  0  0  0  0  0  0  0  0  0]
 [ 0  0  0  0  0  0  0  0  0  0  0  0  0  0  0  0  0  0  0  0]
 [ 0  0  0  0  0  0  0  0  0  0  0  0  0  0  0  0  0  0  0  0]
 [ 0  0  0  0  0  0  0  0  0  0  0  0  0  0  0  0  0  0  0  0]
 [ 0  0  0  0  0  0  0  0  0  0  0  0  0  0  0  0  0  0  0  0]
 [ 0  0  0  0  0  0  0  0  0 13  0  0  0  0  0  0  0  0  0  0]
 [ 0  0  0  0  0  0  0  0  0  0  0  0  0  0  0  0  0  0  0  0]
 [ 0  0  0  0  0  0  0  0  0  0  0  0  0  0  0  0  0  0  0  0]
 [ 0  0  0  0  0  0  0  0  1  1  0  0  0  0 14 14  0  0  0  0]
 [ 0  0  0  0  0  0  0  0  1  1  0  0  0  0 14 14  0  0  0  0]
 [10 10 10 10 10 10 10 10 10 10 10 10 10 10 10 10 10 10 10 10]
 [10 10 10 10 10 10 10 10 10 10 10 10 10 10 10 10 10 10 10 10]]
State: {'lives': 2, 'score': 100, 'coins': 1, 'stage': 1, 'world': 1, 'x_position': 399, 'time': 377, 'dead_timer': 0, 'dead_jump_timer': 0, 'game_over': False}
Frame: [[[255 255 255]
  [255 255 255]
  [255 255 255]
  ...
  [255 255 255]
  [255 255 255]
  [255 255 255]]

 [[255 255 255]
  [224 224 224]
  [170 170 170]
  ...
  [170 170 170]
  [224 224 224]
  [255 255 255]]

 [[255 255 255]
  [179 179 179]
  [ 42  42  42]
  ...
  [ 42  42  42]
  [179 179 179]
  [255 255 255]]

 ...

 [[  0   0   0]
  [  0   0   0]
  [  0   0   0]
  ...
  [  0   0   0]
  [  0   0   0]
  [  0   0   0]]

 [[  0   0   0]
  [  0   0   0]
  [  0   0   0]
  ...
  [  0   0   0]
  [  0   0   0]
  [  0   0   0]]

 [[  0   0   0]
  [  0   0   0]
  [  0   0   0]
  ...
  [  0   0   0]
  [  0   0   0]
  [  0   0   0]]]
Game Area: [[ 0  0  0  0  0  0  0  0  0  0  0  0  0  0  0  0  0  0  0  0]
 [ 0  0  0  0  0  0  0  0  0  0  0  0  0  0  0  0  0  0  0  0]
 [ 0  0  0  0  0  0  0  0  0  0  0  0  0  0  0  0  0  0  0  0]
 [ 0  0  0  0  0  0  0  0  0  0  0  0  0  0  0  0  0  0  0  0]
 [ 0  0  0  0  0  0  0  0  0  0  0  0  0  0  0  0  0  0  0  0]
 [ 0  0  0  0  0  0  0  0  0  0  0  0  0  0  0  0  0  0  0  0]
 [ 0  0  0  0  0  0  0  0  0  0  0  0  0  0  0  0  0  0  0  0]
 [ 0  0  0  0  0  0  0  0  0  0  0  0  0  0  0  0  0  0  0  0]
 [ 0  0  0  0  0  0  0  0  0  0  0  0  0  0  0  0  0  0  0  0]
 [ 0  0  0  0  0  0  0  0 13  0  0  0  0  0  0  0  0  0  0  0]
 [ 0  0  0  0  0  0  0  0  0  0  0  0  0  0  0  0  0  0  0  0]
 [ 0  0  0  0  0  0  0  0  0  0  0  0  0  0  0  0  0  0  0  0]
 [ 0  0  0  0  0  0  0  0  1  1  0  0  0 14 14  0  0  0  0  0]
 [ 0  0  0  0  0  0  0  0  1  1  0  0  0 14 14  0  0  0  0  0]
 [10 10 10 10 10 10 10 10 10 10 10 10 10 10 10 10 10 10 10 10]
 [10 10 10 10 10 10 10 10 10 10 10 10 10 10 10 10 10 10 10 10]]
State: {'lives': 2, 'score': 100, 'coins': 1, 'stage': 1, 'world': 1, 'x_position': 403, 'time': 377, 'dead_timer': 0, 'dead_jump_timer': 0, 'game_over': False}
Frame: [[[255 255 255]
  [255 255 255]
  [255 255 255]
  ...
  [255 255 255]
  [255 255 255]
  [255 255 255]]

 [[255 255 255]
  [224 224 224]
  [170 170 170]
  ...
  [170 170 170]
  [224 224 224]
  [255 255 255]]

 [[255 255 255]
  [179 179 179]
  [ 42  42  42]
  ...
  [ 42  42  42]
  [179 179 179]
  [255 255 255]]

 ...

 [[  0   0   0]
  [  0   0   0]
  [  0   0   0]
  ...
  [  0   0   0]
  [  0   0   0]
  [  0   0   0]]

 [[  0   0   0]
  [  0   0   0]
  [  0   0   0]
  ...
  [  0   0   0]
  [  0   0   0]
  [  0   0   0]]

 [[  0   0   0]
  [  0   0   0]
  [  0   0   0]
  ...
  [  0   0   0]
  [  0   0   0]
  [  0   0   0]]]
Game Area: [[ 0  0  0  0  0  0  0  0  0  0  0  0  0  0  0  0  0  0  0  0]
 [ 0  0  0  0  0  0  0  0  0  0  0  0  0  0  0  0  0  0  0  0]
 [ 0  0  0  0  0  0  0  0  0  0  0  0  0  0  0  0  0  0  0  0]
 [ 0  0  0  0  0  0  0  0  0  0  0  0  0  0  0  0  0  0  0  0]
 [ 0  0  0  0  0  0  0  0  0  0  0  0  0  0  0  0  0  0  0  0]
 [ 0  0  0  0  0  0  0  0  0  0  0  0  0  0  0  0  0  0  0  0]
 [ 0  0  0  0  0  0  0  0  0  0  0  0  0  0  0  0  0  0  0 13]
 [ 0  0  0  0  0  0  0  0  0  0  0  0  0  0  0  0  0  0  0  0]
 [ 0  0  0  0  0  0  0  0  0  0  0  0  0  0  0  0  0  0  0  0]
 [ 0  0  0  0  0  0  0 13  0  0  0  0  0  0  0  0  0  0  0  0]
 [ 0  0  0  0  0  0  0  0  0  0  0  0  0  0  0  0  0  0  0  0]
 [ 0  0  0  0  0  0  0  0  0  0  0  0  0  0  0  0  0  0  0 10]
 [ 0  0  0  0  0  0  0  0  1  1  0  0 14 14  0  0  0  0  0 10]
 [ 0  0  0  0  0  0  0  0  1  1  0  0 14 14  0  0  0  0  0 10]
 [10 10 10 10 10 10 10 10 10 10 10 10 10 10 10 10 10 10 10 10]
 [10 10 10 10 10 10 10 10 10 10 10 10 10 10 10 10 10 10 10 10]]
State: {'lives': 2, 'score': 100, 'coins': 1, 'stage': 1, 'world': 1, 'x_position': 403, 'time': 377, 'dead_timer': 0, 'dead_jump_timer': 0, 'game_over': False}
Frame: [[[255 255 255]
  [255 255 255]
  [255 255 255]
  ...
  [255 255 255]
  [255 255 255]
  [255 255 255]]

 [[255 255 255]
  [224 224 224]
  [170 170 170]
  ...
  [170 170 170]
  [224 224 224]
  [255 255 255]]

 [[255 255 255]
  [179 179 179]
  [ 42  42  42]
  ...
  [ 42  42  42]
  [179 179 179]
  [255 255 255]]

 ...

 [[  0   0   0]
  [  0   0   0]
  [  0   0   0]
  ...
  [  0   0   0]
  [  0   0   0]
  [  0   0   0]]

 [[  0   0   0]
  [  0   0   0]
  [  0   0   0]
  ...
  [  0   0   0]
  [  0   0   0]
  [  0   0   0]]

 [[  0   0   0]
  [  0   0   0]
  [  0   0   0]
  ...
  [  0   0   0]
  [  0   0   0]
  [  0   0   0]]]
Game Area: [[ 0  0  0  0  0  0  0  0  0  0  0  0  0  0  0  0  0  0  0  0]
 [ 0  0  0  0  0  0  0  0  0  0  0  0  0  0  0  0  0  0  0  0]
 [ 0  0  0  0  0  0  0  0  0  0  0  0  0  0  0  0  0  0  0  0]
 [ 0  0  0  0  0  0  0  0  0  0  0  0  0  0  0  0  0  0  0  0]
 [ 0  0  0  0  0  0  0  0  0  0  0  0  0  0  0  0  0  0  0  0]
 [ 0  0  0  0  0  0  0  0  0  0  0  0  0  0  0  0  0  0  0  0]
 [ 0  0  0  0  0  0  0  0  0  0  0  0  0  0  0  0  0  0  0 13]
 [ 0  0  0  0  0  0  0  0  0  0  0  0  0  0  0  0  0  0  0  0]
 [ 0  0  0  0  0  0  0  0  0  0  0  0  0  0  0  0  0  0  0  0]
 [ 0  0  0  0  0  0  0 13  0  0  0  0  0  0  0  0  0  0  0  0]
 [ 0  0  0  0  0  0  0  0  0  0  0  0  0  0  0  0  0  0  0  0]
 [ 0  0  0  0  0  0  0  0  0  0  0  0  0  0  0  0  0  0  0 10]
 [ 0  0  0  0  0  0  0  0  1  1  0  0 14 14  0  0  0  0  0 10]
 [ 0  0  0  0  0  0  0  0  1  1  0  0 14 14  0  0  0  0  0 10]
 [10 10 10 10 10 10 10 10 10 10 10 10 10 10 10 10 10 10 10 10]
 [10 10 10 10 10 10 10 10 10 10 10 10 10 10 10 10 10 10 10 10]]
State: {'lives': 2, 'score': 100, 'coins': 1, 'stage': 1, 'world': 1, 'x_position': 403, 'time': 376, 'dead_timer': 0, 'dead_jump_timer': 0, 'game_over': False}
Frame: [[[255 255 255]
  [255 255 255]
  [255 255 255]
  ...
  [255 255 255]
  [255 255 255]
  [255 255 255]]

 [[255 255 255]
  [224 224 224]
  [170 170 170]
  ...
  [170 170 170]
  [224 224 224]
  [255 255 255]]

 [[255 255 255]
  [179 179 179]
  [ 42  42  42]
  ...
  [ 42  42  42]
  [179 179 179]
  [255 255 255]]

 ...

 [[  0   0   0]
  [  0   0   0]
  [  0   0   0]
  ...
  [  0   0   0]
  [  0   0   0]
  [  0   0   0]]

 [[  0   0   0]
  [  0   0   0]
  [  0   0   0]
  ...
  [  0   0   0]
  [  0   0   0]
  [  0   0   0]]

 [[  0   0   0]
  [  0   0   0]
  [  0   0   0]
  ...
  [  0   0   0]
  [  0   0   0]
  [  0   0   0]]]
Game Area: [[ 0  0  0  0  0  0  0  0  0  0  0  0  0  0  0  0  0  0  0  0]
 [ 0  0  0  0  0  0  0  0  0  0  0  0  0  0  0  0  0  0  0  0]
 [ 0  0  0  0  0  0  0  0  0  0  0  0  0  0  0  0  0  0  0  0]
 [ 0  0  0  0  0  0  0  0  0  0  0  0  0  0  0  0  0  0  0  0]
 [ 0  0  0  0  0  0  0  0  0  0  0  0  0  0  0  0  0  0  0  0]
 [ 0  0  0  0  0  0  0  0  0  0  0  0  0  0  0  0  0  0  0  0]
 [ 0  0  0  0  0  0  0  0  0  0  0  0  0  0  0  0  0  0  0 13]
 [ 0  0  0  0  0  0  0  0  0  0  0  0  0  0  0  0  0  0  0  0]
 [ 0  0  0  0  0  0  0  0  0  0  0  0  0  0  0  0  0  0  0  0]
 [ 0  0  0  0  0  0  0 13  0  0  0  0  0  0  0  0  0  0  0  0]
 [ 0  0  0  0  0  0  0  0  0  0  0  0  0  0  0  0  0  0  0  0]
 [ 0  0  0  0  0  0  0  0  0  0  0  0  0  0  0  0  0  0  0 10]
 [ 0  0  0  0  0  0  0  0  1  1  0  0 14 14  0  0  0  0  0 10]
 [ 0  0  0  0  0  0  0  0  1  1  0  0 14 14  0  0  0  0  0 10]
 [10 10 10 10 10 10 10 10 10 10 10 10 10 10 10 10 10 10 10 10]
 [10 10 10 10 10 10 10 10 10 10 10 10 10 10 10 10 10 10 10 10]]
State: {'lives': 2, 'score': 100, 'coins': 1, 'stage': 1, 'world': 1, 'x_position': 403, 'time': 376, 'dead_timer': 0, 'dead_jump_timer': 0, 'game_over': False}
Frame: [[[255 255 255]
  [255 255 255]
  [255 255 255]
  ...
  [255 255 255]
  [255 255 255]
  [255 255 255]]

 [[255 255 255]
  [224 224 224]
  [170 170 170]
  ...
  [170 170 170]
  [224 224 224]
  [255 255 255]]

 [[255 255 255]
  [179 179 179]
  [ 42  42  42]
  ...
  [ 42  42  42]
  [179 179 179]
  [255 255 255]]

 ...

 [[  0   0   0]
  [  0   0   0]
  [  0   0   0]
  ...
  [  0   0   0]
  [  0   0   0]
  [  0   0   0]]

 [[  0   0   0]
  [  0   0   0]
  [  0   0   0]
  ...
  [  0   0   0]
  [  0   0   0]
  [  0   0   0]]

 [[  0   0   0]
  [  0   0   0]
  [  0   0   0]
  ...
  [  0   0   0]
  [  0   0   0]
  [  0   0   0]]]
Game Area: [[ 0  0  0  0  0  0  0  0  0  0  0  0  0  0  0  0  0  0  0  0]
 [ 0  0  0  0  0  0  0  0  0  0  0  0  0  0  0  0  0  0  0  0]
 [ 0  0  0  0  0  0  0  0  0  0  0  0  0  0  0  0  0  0  0  0]
 [ 0  0  0  0  0  0  0  0  0  0  0  0  0  0  0  0  0  0  0  0]
 [ 0  0  0  0  0  0  0  0  0  0  0  0  0  0  0  0  0  0  0  0]
 [ 0  0  0  0  0  0  0  0  0  0  0  0  0  0  0  0  0  0  0  0]
 [ 0  0  0  0  0  0  0  0  0  0  0  0  0  0  0  0  0  0  0 13]
 [ 0  0  0  0  0  0  0  0  0  0  0  0  0  0  0  0  0  0  0  0]
 [ 0  0  0  0  0  0  0  0  0  0  0  0  0  0  0  0  0  0  0  0]
 [ 0  0  0  0  0  0  0 13  0  0  0  0  0  0  0  0  0  0  0  0]
 [ 0  0  0  0  0  0  0  0  0  0  0  0  0  0  0  0  0  0  0  0]
 [ 0  0  0  0  0  0  0  0  0  0  0  0  0  0  0  0  0  0  0 10]
 [ 0  0  0  0  0  0  0  0  1  1  0  0 14 14  0  0  0  0  0 10]
 [ 0  0  0  0  0  0  0  0  1  1  0  0 14 14  0  0  0  0  0 10]
 [10 10 10 10 10 10 10 10 10 10 10 10 10 10 10 10 10 10 10 10]
 [10 10 10 10 10 10 10 10 10 10 10 10 10 10 10 10 10 10 10 10]]
State: {'lives': 2, 'score': 100, 'coins': 1, 'stage': 1, 'world': 1, 'x_position': 403, 'time': 376, 'dead_timer': 0, 'dead_jump_timer': 0, 'game_over': False}
Frame: [[[255 255 255]
  [255 255 255]
  [255 255 255]
  ...
  [255 255 255]
  [255 255 255]
  [255 255 255]]

 [[255 255 255]
  [224 224 224]
  [170 170 170]
  ...
  [170 170 170]
  [224 224 224]
  [255 255 255]]

 [[255 255 255]
  [179 179 179]
  [ 42  42  42]
  ...
  [ 42  42  42]
  [179 179 179]
  [255 255 255]]

 ...

 [[  0   0   0]
  [  0   0   0]
  [  0   0   0]
  ...
  [  0   0   0]
  [  0   0   0]
  [  0   0   0]]

 [[  0   0   0]
  [  0   0   0]
  [  0   0   0]
  ...
  [  0   0   0]
  [  0   0   0]
  [  0   0   0]]

 [[  0   0   0]
  [  0   0   0]
  [  0   0   0]
  ...
  [  0   0   0]
  [  0   0   0]
  [  0   0   0]]]
Game Area: [[ 0  0  0  0  0  0  0  0  0  0  0  0  0  0  0  0  0  0  0  0]
 [ 0  0  0  0  0  0  0  0  0  0  0  0  0  0  0  0  0  0  0  0]
 [ 0  0  0  0  0  0  0  0  0  0  0  0  0  0  0  0  0  0  0  0]
 [ 0  0  0  0  0  0  0  0  0  0  0  0  0  0  0  0  0  0  0  0]
 [ 0  0  0  0  0  0  0  0  0  0  0  0  0  0  0  0  0  0  0  0]
 [ 0  0  0  0  0  0  0  0  0  0  0  0  0  0  0  0  0  0  0  0]
 [ 0  0  0  0  0  0  0  0  0  0  0  0  0  0  0  0  0  0  0 13]
 [ 0  0  0  0  0  0  0  0  0  0  0  0  0  0  0  0  0  0  0  0]
 [ 0  0  0  0  0  0  0  0  0  0  0  0  0  0  0  0  0  0  0  0]
 [ 0  0  0  0  0  0  0 13  1  1  0  0  0  0  0  0  0  0  0  0]
 [ 0  0  0  0  0  0  0  0  1  1  0  0  0  0  0  0  0  0  0  0]
 [ 0  0  0  0  0  0  0  0  0  0  0  0  0  0  0  0  0  0  0 10]
 [ 0  0  0  0  0  0  0  0  0  0  0  0 14 14  0  0  0  0  0 10]
 [ 0  0  0  0  0  0  0  0  0  0  0  0 14 14  0  0  0  0  0 10]
 [10 10 10 10 10 10 10 10 10 10 10 10 10 10 10 10 10 10 10 10]
 [10 10 10 10 10 10 10 10 10 10 10 10 10 10 10 10 10 10 10 10]]
State: {'lives': 2, 'score': 100, 'coins': 1, 'stage': 1, 'world': 1, 'x_position': 403, 'time': 376, 'dead_timer': 0, 'dead_jump_timer': 0, 'game_over': False}
Frame: [[[255 255 255]
  [255 255 255]
  [255 255 255]
  ...
  [255 255 255]
  [255 255 255]
  [255 255 255]]

 [[255 255 255]
  [224 224 224]
  [170 170 170]
  ...
  [170 170 170]
  [224 224 224]
  [255 255 255]]

 [[255 255 255]
  [179 179 179]
  [ 42  42  42]
  ...
  [ 42  42  42]
  [179 179 179]
  [255 255 255]]

 ...

 [[  0   0   0]
  [  0   0   0]
  [  0   0   0]
  ...
  [  0   0   0]
  [  0   0   0]
  [  0   0   0]]

 [[  0   0   0]
  [  0   0   0]
  [  0   0   0]
  ...
  [  0   0   0]
  [  0   0   0]
  [  0   0   0]]

 [[  0   0   0]
  [  0   0   0]
  [  0   0   0]
  ...
  [  0   0   0]
  [  0   0   0]
  [  0   0   0]]]
Game Area: [[ 0  0  0  0  0  0  0  0  0  0  0  0  0  0  0  0  0  0  0  0]
 [ 0  0  0  0  0  0  0  0  0  0  0  0  0  0  0  0  0  0  0  0]
 [ 0  0  0  0  0  0  0  0  0  0  0  0  0  0  0  0  0  0  0  0]
 [ 0  0  0  0  0  0  0  0  0  0  0  0  0  0  0  0  0  0  0  0]
 [ 0  0  0  0  0  0  0  0  0  0  0  0  0  0  0  0  0  0  0  0]
 [ 0  0  0  0  0  0  0  0  0  0  0  0  0  0  0  0  0  0  0  0]
 [ 0  0  0  0  0  0  0  0  0  0  0  0  0  0  0  0  0  0  0 13]
 [ 0  0  0  0  0  0  0  0  0  0  0  0  0  0  0  0  0  0  0  0]
 [ 0  0  0  0  0  0  0  0  1  1  0  0  0  0  0  0  0  0  0  0]
 [ 0  0  0  0  0  0  0 13  1  1  0  0  0  0  0  0  0  0  0  0]
 [ 0  0  0  0  0  0  0  0  0  0  0  0  0  0  0  0  0  0  0  0]
 [ 0  0  0  0  0  0  0  0  0  0  0  0  0  0  0  0  0  0  0 10]
 [ 0  0  0  0  0  0  0  0  0  0  0  0 14 14  0  0  0  0  0 10]
 [ 0  0  0  0  0  0  0  0  0  0  0  0 14 14  0  0  0  0  0 10]
 [10 10 10 10 10 10 10 10 10 10 10 10 10 10 10 10 10 10 10 10]
 [10 10 10 10 10 10 10 10 10 10 10 10 10 10 10 10 10 10 10 10]]
State: {'lives': 2, 'score': 100, 'coins': 1, 'stage': 1, 'world': 1, 'x_position': 409, 'time': 375, 'dead_timer': 0, 'dead_jump_timer': 0, 'game_over': False}
Frame: [[[255 255 255]
  [255 255 255]
  [255 255 255]
  ...
  [255 255 255]
  [255 255 255]
  [255 255 255]]

 [[255 255 255]
  [224 224 224]
  [170 170 170]
  ...
  [170 170 170]
  [224 224 224]
  [255 255 255]]

 [[255 255 255]
  [179 179 179]
  [ 42  42  42]
  ...
  [ 42  42  42]
  [179 179 179]
  [255 255 255]]

 ...

 [[  0   0   0]
  [  0   0   0]
  [  0   0   0]
  ...
  [  0   0   0]
  [  0   0   0]
  [  0   0   0]]

 [[  0   0   0]
  [  0   0   0]
  [  0   0   0]
  ...
  [  0   0   0]
  [  0   0   0]
  [  0   0   0]]

 [[  0   0   0]
  [  0   0   0]
  [  0   0   0]
  ...
  [  0   0   0]
  [  0   0   0]
  [  0   0   0]]]
Game Area: [[ 0  0  0  0  0  0  0  0  0  0  0  0  0  0  0  0  0  0  0  0]
 [ 0  0  0  0  0  0  0  0  0  0  0  0  0  0  0  0  0  0  0  0]
 [ 0  0  0  0  0  0  0  0  0  0  0  0  0  0  0  0  0  0  0  0]
 [ 0  0  0  0  0  0  0  0  0  0  0  0  0  0  0  0  0  0  0  0]
 [ 0  0  0  0  0  0  0  0  0  0  0  0  0  0  0  0  0  0  0  0]
 [ 0  0  0  0  0  0  0  0  0  0  0  0  0  0  0  0  0  0  0  0]
 [ 0  0  0  0  0  0  0  0  0  0  0  0  0  0  0  0  0  0  0 13]
 [ 0  0  0  0  0  0  0  0  0  0  0  0  0  0  0  0  0  0  0  0]
 [ 0  0  0  0  0  0  0  0  1  1  0  0  0  0  0  0  0  0  0  0]
 [ 0  0  0  0  0  0  0 13  1  1  0  0  0  0  0  0  0  0  0  0]
 [ 0  0  0  0  0  0  0  0  0  0  0  0  0  0  0  0  0  0  0  0]
 [ 0  0  0  0  0  0  0  0  0  0  0  0  0  0  0  0  0  0  0 10]
 [ 0  0  0  0  0  0  0  0  0  0  0  0 14 14  0  0  0  0  0 10]
 [ 0  0  0  0  0  0  0  0  0  0  0  0 14 14  0  0  0  0  0 10]
 [10 10 10 10 10 10 10 10 10 10 10 10 10 10 10 10 10 10 10 10]
 [10 10 10 10 10 10 10 10 10 10 10 10 10 10 10 10 10 10 10 10]]
State: {'lives': 2, 'score': 100, 'coins': 1, 'stage': 1, 'world': 1, 'x_position': 413, 'time': 375, 'dead_timer': 0, 'dead_jump_timer': 0, 'game_over': False}
Frame: [[[255 255 255]
  [255 255 255]
  [255 255 255]
  ...
  [255 255 255]
  [255 255 255]
  [255 255 255]]

 [[255 255 255]
  [224 224 224]
  [170 170 170]
  ...
  [170 170 170]
  [224 224 224]
  [255 255 255]]

 [[255 255 255]
  [179 179 179]
  [ 42  42  42]
  ...
  [ 42  42  42]
  [179 179 179]
  [255 255 255]]

 ...

 [[  0   0   0]
  [  0   0   0]
  [  0   0   0]
  ...
  [  0   0   0]
  [  0   0   0]
  [  0   0   0]]

 [[  0   0   0]
  [  0   0   0]
  [  0   0   0]
  ...
  [  0   0   0]
  [  0   0   0]
  [  0   0   0]]

 [[  0   0   0]
  [  0   0   0]
  [  0   0   0]
  ...
  [  0   0   0]
  [  0   0   0]
  [  0   0   0]]]
Game Area: [[ 0  0  0  0  0  0  0  0  0  0  0  0  0  0  0  0  0  0  0  0]
 [ 0  0  0  0  0  0  0  0  0  0  0  0  0  0  0  0  0  0  0  0]
 [ 0  0  0  0  0  0  0  0  0  0  0  0  0  0  0  0  0  0  0  0]
 [ 0  0  0  0  0  0  0  0  0  0  0  0  0  0  0  0  0  0  0  0]
 [ 0  0  0  0  0  0  0  0  0  0  0  0  0  0  0  0  0  0  0  0]
 [ 0  0  0  0  0  0  0  0  0  0  0  0  0  0  0  0  0  0  0  0]
 [ 0  0  0  0  0  0  0  0  0  0  0  0  0  0  0  0  0  0 13  0]
 [ 0  0  0  0  0  0  0  0  0  0  0  0  0  0  0  0  0  0  0  0]
 [ 0  0  0  0  0  0  0  0  0  0  0  0  0  0  0  0  0  0  0  0]
 [ 0  0  0  0  0  0 13  0  0  0  0  0  0  0  0  0  0  0  0  0]
 [ 0  0  0  0  0  0  0  0  1  1  0  0  0  0  0  0  0  0  0  0]
 [ 0  0  0  0  0  0  0  0  1  1  0  0  0  0  0  0  0  0 10 10]
 [ 0  0  0  0  0  0  0  0  0  0  0 14 14  0  0  0  0  0 10 10]
 [ 0  0  0  0  0  0  0  0  0  0  0 14 14  0  0  0  0  0 10 10]
 [10 10 10 10 10 10 10 10 10 10 10 10 10 10 10 10 10 10 10 10]
 [10 10 10 10 10 10 10 10 10 10 10 10 10 10 10 10 10 10 10 10]]
State: {'lives': 2, 'score': 100, 'coins': 1, 'stage': 1, 'world': 1, 'x_position': 406, 'time': 375, 'dead_timer': 0, 'dead_jump_timer': 0, 'game_over': False}
Frame: [[[255 255 255]
  [255 255 255]
  [255 255 255]
  ...
  [255 255 255]
  [255 255 255]
  [255 255 255]]

 [[255 255 255]
  [224 224 224]
  [170 170 170]
  ...
  [170 170 170]
  [224 224 224]
  [255 255 255]]

 [[255 255 255]
  [179 179 179]
  [ 42  42  42]
  ...
  [ 42  42  42]
  [179 179 179]
  [255 255 255]]

 ...

 [[  0   0   0]
  [  0   0   0]
  [  0   0   0]
  ...
  [  0   0   0]
  [  0   0   0]
  [  0   0   0]]

 [[  0   0   0]
  [  0   0   0]
  [  0   0   0]
  ...
  [  0   0   0]
  [  0   0   0]
  [  0   0   0]]

 [[  0   0   0]
  [  0   0   0]
  [  0   0   0]
  ...
  [  0   0   0]
  [  0   0   0]
  [  0   0   0]]]
Game Area: [[ 0  0  0  0  0  0  0  0  0  0  0  0  0  0  0  0  0  0  0  0]
 [ 0  0  0  0  0  0  0  0  0  0  0  0  0  0  0  0  0  0  0  0]
 [ 0  0  0  0  0  0  0  0  0  0  0  0  0  0  0  0  0  0  0  0]
 [ 0  0  0  0  0  0  0  0  0  0  0  0  0  0  0  0  0  0  0  0]
 [ 0  0  0  0  0  0  0  0  0  0  0  0  0  0  0  0  0  0  0  0]
 [ 0  0  0  0  0  0  0  0  0  0  0  0  0  0  0  0  0  0  0  0]
 [ 0  0  0  0  0  0  0  0  0  0  0  0  0  0  0  0  0  0 13  0]
 [ 0  0  0  0  0  0  0  0  0  0  0  0  0  0  0  0  0  0  0  0]
 [ 0  0  0  0  0  0  0  0  0  0  0  0  0  0  0  0  0  0  0  0]
 [ 0  0  0  0  0  0 13  0  0  0  0  0  0  0  0  0  0  0  0  0]
 [ 0  0  0  0  0  0  0  0  0  0  0  0  0  0  0  0  0  0  0  0]
 [ 0  0  0  0  0  0  0  0  0  0  0  0  0  0  0  0  0  0 10 10]
 [ 0  0  0  0  0  0  0  1  1  0  0 14 14  0  0  0  0  0 10 10]
 [ 0  0  0  0  0  0  0  1  1  0  0 14 14  0  0  0  0  0 10 10]
 [10 10 10 10 10 10 10 10 10 10 10 10 10 10 10 10 10 10 10 10]
 [10 10 10 10 10 10 10 10 10 10 10 10 10 10 10 10 10 10 10 10]]
State: {'lives': 2, 'score': 100, 'coins': 1, 'stage': 1, 'world': 1, 'x_position': 406, 'time': 375, 'dead_timer': 0, 'dead_jump_timer': 0, 'game_over': False}
Frame: [[[255 255 255]
  [255 255 255]
  [255 255 255]
  ...
  [255 255 255]
  [255 255 255]
  [255 255 255]]

 [[255 255 255]
  [224 224 224]
  [170 170 170]
  ...
  [170 170 170]
  [224 224 224]
  [255 255 255]]

 [[255 255 255]
  [179 179 179]
  [ 42  42  42]
  ...
  [ 42  42  42]
  [179 179 179]
  [255 255 255]]

 ...

 [[  0   0   0]
  [  0   0   0]
  [  0   0   0]
  ...
  [  0   0   0]
  [  0   0   0]
  [  0   0   0]]

 [[  0   0   0]
  [  0   0   0]
  [  0   0   0]
  ...
  [  0   0   0]
  [  0   0   0]
  [  0   0   0]]

 [[  0   0   0]
  [  0   0   0]
  [  0   0   0]
  ...
  [  0   0   0]
  [  0   0   0]
  [  0   0   0]]]
Game Area: [[ 0  0  0  0  0  0  0  0  0  0  0  0  0  0  0  0  0  0  0  0]
 [ 0  0  0  0  0  0  0  0  0  0  0  0  0  0  0  0  0  0  0  0]
 [ 0  0  0  0  0  0  0  0  0  0  0  0  0  0  0  0  0  0  0  0]
 [ 0  0  0  0  0  0  0  0  0  0  0  0  0  0  0  0  0  0  0  0]
 [ 0  0  0  0  0  0  0  0  0  0  0  0  0  0  0  0  0  0  0  0]
 [ 0  0  0  0  0  0  0  0  0  0  0  0  0  0  0  0  0  0  0  0]
 [ 0  0  0  0  0  0  0  0  0  0  0  0  0  0  0  0  0  0 13  0]
 [ 0  0  0  0  0  0  0  0  0  0  0  0  0  0  0  0  0  0  0  0]
 [ 0  0  0  0  0  0  0  0  0  0  0  0  0  0  0  0  0  0  0  0]
 [ 0  0  0  0  0  0 13  0  0  0  0  0  0  0  0  0  0  0  0  0]
 [ 0  0  0  0  0  0  0  0  0  0  0  0  0  0  0  0  0  0  0  0]
 [ 0  0  0  0  0  0  0  0  0  0  0  0  0  0  0  0  0  0 10 10]
 [ 0  0  0  0  0  0  0  1  1  0  0 14 14  0  0  0  0  0 10 10]
 [ 0  0  0  0  0  0  0  1  1  0  0 14 14  0  0  0  0  0 10 10]
 [10 10 10 10 10 10 10 10 10 10 10 10 10 10 10 10 10 10 10 10]
 [10 10 10 10 10 10 10 10 10 10 10 10 10 10 10 10 10 10 10 10]]
State: {'lives': 2, 'score': 100, 'coins': 1, 'stage': 1, 'world': 1, 'x_position': 399, 'time': 374, 'dead_timer': 0, 'dead_jump_timer': 0, 'game_over': False}
Frame: [[[255 255 255]
  [255 255 255]
  [255 255 255]
  ...
  [255 255 255]
  [255 255 255]
  [255 255 255]]

 [[255 255 255]
  [224 224 224]
  [170 170 170]
  ...
  [170 170 170]
  [224 224 224]
  [255 255 255]]

 [[255 255 255]
  [179 179 179]
  [ 42  42  42]
  ...
  [ 42  42  42]
  [179 179 179]
  [255 255 255]]

 ...

 [[  0   0   0]
  [  0   0   0]
  [  0   0   0]
  ...
  [  0   0   0]
  [  0   0   0]
  [  0   0   0]]

 [[  0   0   0]
  [  0   0   0]
  [  0   0   0]
  ...
  [  0   0   0]
  [  0   0   0]
  [  0   0   0]]

 [[  0   0   0]
  [  0   0   0]
  [  0   0   0]
  ...
  [  0   0   0]
  [  0   0   0]
  [  0   0   0]]]
Game Area: [[ 0  0  0  0  0  0  0  0  0  0  0  0  0  0  0  0  0  0  0  0]
 [ 0  0  0  0  0  0  0  0  0  0  0  0  0  0  0  0  0  0  0  0]
 [ 0  0  0  0  0  0  0  0  0  0  0  0  0  0  0  0  0  0  0  0]
 [ 0  0  0  0  0  0  0  0  0  0  0  0  0  0  0  0  0  0  0  0]
 [ 0  0  0  0  0  0  0  0  0  0  0  0  0  0  0  0  0  0  0  0]
 [ 0  0  0  0  0  0  0  0  0  0  0  0  0  0  0  0  0  0  0  0]
 [ 0  0  0  0  0  0  0  0  0  0  0  0  0  0  0  0  0  0 13  0]
 [ 0  0  0  0  0  0  0  0  0  0  0  0  0  0  0  0  0  0  0  0]
 [ 0  0  0  0  0  0  0  0  0  0  0  0  0  0  0  0  0  0  0  0]
 [ 0  0  0  0  0  0 13  0  0  0  0  0  0  0  0  0  0  0  0  0]
 [ 0  0  0  0  0  0  0  0  0  0  0  0  0  0  0  0  0  0  0  0]
 [ 0  0  0  0  0  0  0  0  0  0  0  0  0  0  0  0  0  0 10 10]
 [ 0  0  0  0  0  0  1  1  0  0  0 14 14  0  0  0  0  0 10 10]
 [ 0  0  0  0  0  0  1  1  0  0  0 14 14  0  0  0  0  0 10 10]
 [10 10 10 10 10 10 10 10 10 10 10 10 10 10 10 10 10 10 10 10]
 [10 10 10 10 10 10 10 10 10 10 10 10 10 10 10 10 10 10 10 10]]
State: {'lives': 2, 'score': 100, 'coins': 1, 'stage': 1, 'world': 1, 'x_position': 389, 'time': 374, 'dead_timer': 0, 'dead_jump_timer': 0, 'game_over': False}
Frame: [[[255 255 255]
  [255 255 255]
  [255 255 255]
  ...
  [255 255 255]
  [255 255 255]
  [255 255 255]]

 [[255 255 255]
  [224 224 224]
  [170 170 170]
  ...
  [170 170 170]
  [224 224 224]
  [255 255 255]]

 [[255 255 255]
  [179 179 179]
  [ 42  42  42]
  ...
  [ 42  42  42]
  [179 179 179]
  [255 255 255]]

 ...

 [[  0   0   0]
  [  0   0   0]
  [  0   0   0]
  ...
  [  0   0   0]
  [  0   0   0]
  [  0   0   0]]

 [[  0   0   0]
  [  0   0   0]
  [  0   0   0]
  ...
  [  0   0   0]
  [  0   0   0]
  [  0   0   0]]

 [[  0   0   0]
  [  0   0   0]
  [  0   0   0]
  ...
  [  0   0   0]
  [  0   0   0]
  [  0   0   0]]]
Game Area: [[ 0  0  0  0  0  0  0  0  0  0  0  0  0  0  0  0  0  0  0  0]
 [ 0  0  0  0  0  0  0  0  0  0  0  0  0  0  0  0  0  0  0  0]
 [ 0  0  0  0  0  0  0  0  0  0  0  0  0  0  0  0  0  0  0  0]
 [ 0  0  0  0  0  0  0  0  0  0  0  0  0  0  0  0  0  0  0  0]
 [ 0  0  0  0  0  0  0  0  0  0  0  0  0  0  0  0  0  0  0  0]
 [ 0  0  0  0  0  0  0  0  0  0  0  0  0  0  0  0  0  0  0  0]
 [ 0  0  0  0  0  0  0  0  0  0  0  0  0  0  0  0  0  0 13  0]
 [ 0  0  0  0  0  0  0  0  0  0  0  0  0  0  0  0  0  0  0  0]
 [ 0  0  0  0  0  0  0  0  0  0  0  0  0  0  0  0  0  0  0  0]
 [ 0  0  0  0  0  0 13  0  0  0  0  0  0  0  0  0  0  0  0  0]
 [ 0  0  0  0  0  0  0  0  0  0  0  0  0  0  0  0  0  0  0  0]
 [ 0  0  0  0  0  0  0  0  0  0  0  0  0  0  0  0  0  0 10 10]
 [ 0  0  0  0  0  1  1  0  0  0  0 14 14  0  0  0  0  0 10 10]
 [ 0  0  0  0  0  1  1  0  0  0  0 14 14  0  0  0  0  0 10 10]
 [10 10 10 10 10 10 10 10 10 10 10 10 10 10 10 10 10 10 10 10]
 [10 10 10 10 10 10 10 10 10 10 10 10 10 10 10 10 10 10 10 10]]
State: {'lives': 2, 'score': 100, 'coins': 1, 'stage': 1, 'world': 1, 'x_position': 390, 'time': 374, 'dead_timer': 0, 'dead_jump_timer': 0, 'game_over': False}
Frame: [[[255 255 255]
  [255 255 255]
  [255 255 255]
  ...
  [255 255 255]
  [255 255 255]
  [255 255 255]]

 [[255 255 255]
  [224 224 224]
  [170 170 170]
  ...
  [170 170 170]
  [224 224 224]
  [255 255 255]]

 [[255 255 255]
  [179 179 179]
  [ 42  42  42]
  ...
  [ 42  42  42]
  [179 179 179]
  [255 255 255]]

 ...

 [[  0   0   0]
  [  0   0   0]
  [  0   0   0]
  ...
  [  0   0   0]
  [  0   0   0]
  [  0   0   0]]

 [[  0   0   0]
  [  0   0   0]
  [  0   0   0]
  ...
  [  0   0   0]
  [  0   0   0]
  [  0   0   0]]

 [[  0   0   0]
  [  0   0   0]
  [  0   0   0]
  ...
  [  0   0   0]
  [  0   0   0]
  [  0   0   0]]]
Game Area: [[ 0  0  0  0  0  0  0  0  0  0  0  0  0  0  0  0  0  0  0  0]
 [ 0  0  0  0  0  0  0  0  0  0  0  0  0  0  0  0  0  0  0  0]
 [ 0  0  0  0  0  0  0  0  0  0  0  0  0  0  0  0  0  0  0  0]
 [ 0  0  0  0  0  0  0  0  0  0  0  0  0  0  0  0  0  0  0  0]
 [ 0  0  0  0  0  0  0  0  0  0  0  0  0  0  0  0  0  0  0  0]
 [ 0  0  0  0  0  0  0  0  0  0  0  0  0  0  0  0  0  0  0  0]
 [ 0  0  0  0  0  0  0  0  0  0  0  0  0  0  0  0  0  0 13  0]
 [ 0  0  0  0  0  0  0  0  0  0  0  0  0  0  0  0  0  0  0  0]
 [ 0  0  0  0  0  0  0  0  0  0  0  0  0  0  0  0  0  0  0  0]
 [ 0  0  0  0  0  0 13  0  0  0  0  0  0  0  0  0  0  0  0  0]
 [ 0  0  0  0  0  0  0  0  0  0  0  0  0  0  0  0  0  0  0  0]
 [ 0  0  0  0  0  0  0  0  0  0  0  0  0  0  0  0  0  0 10 10]
 [ 0  0  0  0  0  1  1  0  0  0  0 14 14  0  0  0  0  0 10 10]
 [ 0  0  0  0  0  1  1  0  0  0  0 14 14  0  0  0  0  0 10 10]
 [10 10 10 10 10 10 10 10 10 10 10 10 10 10 10 10 10 10 10 10]
 [10 10 10 10 10 10 10 10 10 10 10 10 10 10 10 10 10 10 10 10]]
State: {'lives': 2, 'score': 100, 'coins': 1, 'stage': 1, 'world': 1, 'x_position': 389, 'time': 374, 'dead_timer': 0, 'dead_jump_timer': 0, 'game_over': False}
Frame: [[[255 255 255]
  [255 255 255]
  [255 255 255]
  ...
  [255 255 255]
  [255 255 255]
  [255 255 255]]

 [[255 255 255]
  [224 224 224]
  [170 170 170]
  ...
  [170 170 170]
  [224 224 224]
  [255 255 255]]

 [[255 255 255]
  [179 179 179]
  [ 42  42  42]
  ...
  [ 42  42  42]
  [179 179 179]
  [255 255 255]]

 ...

 [[  0   0   0]
  [  0   0   0]
  [  0   0   0]
  ...
  [  0   0   0]
  [  0   0   0]
  [  0   0   0]]

 [[  0   0   0]
  [  0   0   0]
  [  0   0   0]
  ...
  [  0   0   0]
  [  0   0   0]
  [  0   0   0]]

 [[  0   0   0]
  [  0   0   0]
  [  0   0   0]
  ...
  [  0   0   0]
  [  0   0   0]
  [  0   0   0]]]
Game Area: [[ 0  0  0  0  0  0  0  0  0  0  0  0  0  0  0  0  0  0  0  0]
 [ 0  0  0  0  0  0  0  0  0  0  0  0  0  0  0  0  0  0  0  0]
 [ 0  0  0  0  0  0  0  0  0  0  0  0  0  0  0  0  0  0  0  0]
 [ 0  0  0  0  0  0  0  0  0  0  0  0  0  0  0  0  0  0  0  0]
 [ 0  0  0  0  0  0  0  0  0  0  0  0  0  0  0  0  0  0  0  0]
 [ 0  0  0  0  0  0  0  0  0  0  0  0  0  0  0  0  0  0  0  0]
 [ 0  0  0  0  0  0  0  0  0  0  0  0  0  0  0  0  0  0 13  0]
 [ 0  0  0  0  0  0  0  0  0  0  0  0  0  0  0  0  0  0  0  0]
 [ 0  0  0  0  0  0  0  0  0  0  0  0  0  0  0  0  0  0  0  0]
 [ 0  0  0  0  0  0 13  0  0  0  0  0  0  0  0  0  0  0  0  0]
 [ 0  0  0  0  0  0  0  0  0  0  0  0  0  0  0  0  0  0  0  0]
 [ 0  0  0  0  0  0  0  0  0  0  0  0  0  0  0  0  0  0 10 10]
 [ 0  0  0  0  0  1  1  0  0  0  0 14 14  0  0  0  0  0 10 10]
 [ 0  0  0  0  0  1  1  0  0  0  0 14 14  0  0  0  0  0 10 10]
 [10 10 10 10 10 10 10 10 10 10 10 10 10 10 10 10 10 10 10 10]
 [10 10 10 10 10 10 10 10 10 10 10 10 10 10 10 10 10 10 10 10]]
State: {'lives': 2, 'score': 100, 'coins': 1, 'stage': 1, 'world': 1, 'x_position': 388, 'time': 373, 'dead_timer': 0, 'dead_jump_timer': 0, 'game_over': False}
Frame: [[[255 255 255]
  [255 255 255]
  [255 255 255]
  ...
  [255 255 255]
  [255 255 255]
  [255 255 255]]

 [[255 255 255]
  [224 224 224]
  [170 170 170]
  ...
  [170 170 170]
  [224 224 224]
  [255 255 255]]

 [[255 255 255]
  [179 179 179]
  [ 42  42  42]
  ...
  [ 42  42  42]
  [179 179 179]
  [255 255 255]]

 ...

 [[  0   0   0]
  [  0   0   0]
  [  0   0   0]
  ...
  [  0   0   0]
  [  0   0   0]
  [  0   0   0]]

 [[  0   0   0]
  [  0   0   0]
  [  0   0   0]
  ...
  [  0   0   0]
  [  0   0   0]
  [  0   0   0]]

 [[  0   0   0]
  [  0   0   0]
  [  0   0   0]
  ...
  [  0   0   0]
  [  0   0   0]
  [  0   0   0]]]
Game Area: [[ 0  0  0  0  0  0  0  0  0  0  0  0  0  0  0  0  0  0  0  0]
 [ 0  0  0  0  0  0  0  0  0  0  0  0  0  0  0  0  0  0  0  0]
 [ 0  0  0  0  0  0  0  0  0  0  0  0  0  0  0  0  0  0  0  0]
 [ 0  0  0  0  0  0  0  0  0  0  0  0  0  0  0  0  0  0  0  0]
 [ 0  0  0  0  0  0  0  0  0  0  0  0  0  0  0  0  0  0  0  0]
 [ 0  0  0  0  0  0  0  0  0  0  0  0  0  0  0  0  0  0  0  0]
 [ 0  0  0  0  0  0  0  0  0  0  0  0  0  0  0  0  0  0 13  0]
 [ 0  0  0  0  0  0  0  0  0  0  0  0  0  0  0  0  0  0  0  0]
 [ 0  0  0  0  0  0  0  0  0  0  0  0  0  0  0  0  0  0  0  0]
 [ 0  0  0  0  0  0 13  0  0  0  0  0  0  0  0  0  0  0  0  0]
 [ 0  0  0  0  0  0  0  0  0  0  0  0  0  0  0  0  0  0  0  0]
 [ 0  0  0  0  0  0  0  0  0  0  0  0  0  0  0  0  0  0 10 10]
 [ 0  0  0  0  1  1  0  0  0  0  0 14 14  0  0  0  0  0 10 10]
 [ 0  0  0  0  1  1  0  0  0  0  0 14 14  0  0  0  0  0 10 10]
 [10 10 10 10 10 10 10 10 10 10 10 10 10 10 10 10 10 10 10 10]
 [10 10 10 10 10 10 10 10 10 10 10 10 10 10 10 10 10 10 10 10]]
State: {'lives': 2, 'score': 100, 'coins': 1, 'stage': 1, 'world': 1, 'x_position': 381, 'time': 373, 'dead_timer': 0, 'dead_jump_timer': 0, 'game_over': False}
Frame: [[[255 255 255]
  [255 255 255]
  [255 255 255]
  ...
  [255 255 255]
  [255 255 255]
  [255 255 255]]

 [[255 255 255]
  [224 224 224]
  [170 170 170]
  ...
  [170 170 170]
  [224 224 224]
  [255 255 255]]

 [[255 255 255]
  [179 179 179]
  [ 42  42  42]
  ...
  [ 42  42  42]
  [179 179 179]
  [255 255 255]]

 ...

 [[  0   0   0]
  [  0   0   0]
  [  0   0   0]
  ...
  [  0   0   0]
  [  0   0   0]
  [  0   0   0]]

 [[  0   0   0]
  [  0   0   0]
  [  0   0   0]
  ...
  [  0   0   0]
  [  0   0   0]
  [  0   0   0]]

 [[  0   0   0]
  [  0   0   0]
  [  0   0   0]
  ...
  [  0   0   0]
  [  0   0   0]
  [  0   0   0]]]
Game Area: [[ 0  0  0  0  0  0  0  0  0  0  0  0  0  0  0  0  0  0  0  0]
 [ 0  0  0  0  0  0  0  0  0  0  0  0  0  0  0  0  0  0  0  0]
 [ 0  0  0  0  0  0  0  0  0  0  0  0  0  0  0  0  0  0  0  0]
 [ 0  0  0  0  0  0  0  0  0  0  0  0  0  0  0  0  0  0  0  0]
 [ 0  0  0  0  0  0  0  0  0  0  0  0  0  0  0  0  0  0  0  0]
 [ 0  0  0  0  0  0  0  0  0  0  0  0  0  0  0  0  0  0  0  0]
 [ 0  0  0  0  0  0  0  0  0  0  0  0  0  0  0  0  0  0 13  0]
 [ 0  0  0  0  0  0  0  0  0  0  0  0  0  0  0  0  0  0  0  0]
 [ 0  0  0  0  0  0  0  0  0  0  0  0  0  0  0  0  0  0  0  0]
 [ 0  0  0  0  0  0 13  0  0  0  0  0  0  0  0  0  0  0  0  0]
 [ 0  0  0  0  0  0  0  0  0  0  0  0  0  0  0  0  0  0  0  0]
 [ 0  0  0  0  0  0  0  0  0  0  0  0  0  0  0  0  0  0 10 10]
 [ 0  0  0  0  1  1  0  0  0  0  0 14 14  0  0  0  0  0 10 10]
 [ 0  0  0  0  1  1  0  0  0  0  0 14 14  0  0  0  0  0 10 10]
 [10 10 10 10 10 10 10 10 10 10 10 10 10 10 10 10 10 10 10 10]
 [10 10 10 10 10 10 10 10 10 10 10 10 10 10 10 10 10 10 10 10]]
State: {'lives': 2, 'score': 100, 'coins': 1, 'stage': 1, 'world': 1, 'x_position': 377, 'time': 373, 'dead_timer': 0, 'dead_jump_timer': 0, 'game_over': False}
Frame: [[[255 255 255]
  [255 255 255]
  [255 255 255]
  ...
  [255 255 255]
  [255 255 255]
  [255 255 255]]

 [[255 255 255]
  [224 224 224]
  [170 170 170]
  ...
  [170 170 170]
  [224 224 224]
  [255 255 255]]

 [[255 255 255]
  [179 179 179]
  [ 42  42  42]
  ...
  [ 42  42  42]
  [179 179 179]
  [255 255 255]]

 ...

 [[  0   0   0]
  [  0   0   0]
  [  0   0   0]
  ...
  [  0   0   0]
  [  0   0   0]
  [  0   0   0]]

 [[  0   0   0]
  [  0   0   0]
  [  0   0   0]
  ...
  [  0   0   0]
  [  0   0   0]
  [  0   0   0]]

 [[  0   0   0]
  [  0   0   0]
  [  0   0   0]
  ...
  [  0   0   0]
  [  0   0   0]
  [  0   0   0]]]
Game Area: [[ 0  0  0  0  0  0  0  0  0  0  0  0  0  0  0  0  0  0  0  0]
 [ 0  0  0  0  0  0  0  0  0  0  0  0  0  0  0  0  0  0  0  0]
 [ 0  0  0  0  0  0  0  0  0  0  0  0  0  0  0  0  0  0  0  0]
 [ 0  0  0  0  0  0  0  0  0  0  0  0  0  0  0  0  0  0  0  0]
 [ 0  0  0  0  0  0  0  0  0  0  0  0  0  0  0  0  0  0  0  0]
 [ 0  0  0  0  0  0  0  0  0  0  0  0  0  0  0  0  0  0  0  0]
 [ 0  0  0  0  0  0  0  0  0  0  0  0  0  0  0  0  0  0 13  0]
 [ 0  0  0  0  0  0  0  0  0  0  0  0  0  0  0  0  0  0  0  0]
 [ 0  0  0  0  0  0  0  0  0  0  0  0  0  0  0  0  0  0  0  0]
 [ 0  0  0  0  0  0 13  0  0  0  0  0  0  0  0  0  0  0  0  0]
 [ 0  0  0  0  0  0  0  0  0  0  0  0  0  0  0  0  0  0  0  0]
 [ 0  0  0  0  0  0  0  0  0  0  0  0  0  0  0  0  0  0 10 10]
 [ 0  0  0  1  1  0  0  0  0  0  0 14 14  0  0  0  0  0 10 10]
 [ 0  0  0  1  1  0  0  0  0  0  0 14 14  0  0  0  0  0 10 10]
 [10 10 10 10 10 10 10 10 10 10 10 10 10 10 10 10 10 10 10 10]
 [10 10 10 10 10 10 10 10 10 10 10 10 10 10 10 10 10 10 10 10]]
State: {'lives': 2, 'score': 100, 'coins': 1, 'stage': 1, 'world': 1, 'x_position': 384, 'time': 373, 'dead_timer': 0, 'dead_jump_timer': 0, 'game_over': False}
Frame: [[[255 255 255]
  [255 255 255]
  [255 255 255]
  ...
  [255 255 255]
  [255 255 255]
  [255 255 255]]

 [[255 255 255]
  [224 224 224]
  [170 170 170]
  ...
  [170 170 170]
  [224 224 224]
  [255 255 255]]

 [[255 255 255]
  [179 179 179]
  [ 42  42  42]
  ...
  [ 42  42  42]
  [179 179 179]
  [255 255 255]]

 ...

 [[  0   0   0]
  [  0   0   0]
  [  0   0   0]
  ...
  [  0   0   0]
  [  0   0   0]
  [  0   0   0]]

 [[  0   0   0]
  [  0   0   0]
  [  0   0   0]
  ...
  [  0   0   0]
  [  0   0   0]
  [  0   0   0]]

 [[  0   0   0]
  [  0   0   0]
  [  0   0   0]
  ...
  [  0   0   0]
  [  0   0   0]
  [  0   0   0]]]
Game Area: [[ 0  0  0  0  0  0  0  0  0  0  0  0  0  0  0  0  0  0  0  0]
 [ 0  0  0  0  0  0  0  0  0  0  0  0  0  0  0  0  0  0  0  0]
 [ 0  0  0  0  0  0  0  0  0  0  0  0  0  0  0  0  0  0  0  0]
 [ 0  0  0  0  0  0  0  0  0  0  0  0  0  0  0  0  0  0  0  0]
 [ 0  0  0  0  0  0  0  0  0  0  0  0  0  0  0  0  0  0  0  0]
 [ 0  0  0  0  0  0  0  0  0  0  0  0  0  0  0  0  0  0  0  0]
 [ 0  0  0  0  0  0  0  0  0  0  0  0  0  0  0  0  0  0 13  0]
 [ 0  0  0  0  0  0  0  0  0  0  0  0  0  0  0  0  0  0  0  0]
 [ 0  0  0  0  0  0  0  0  0  0  0  0  0  0  0  0  0  0  0  0]
 [ 0  0  0  0  0  0 13  0  0  0  0  0  0  0  0  0  0  0  0  0]
 [ 0  0  0  0  0  0  0  0  0  0  0  0  0  0  0  0  0  0  0  0]
 [ 0  0  0  0  0  0  0  0  0  0  0  0  0  0  0  0  0  0 10 10]
 [ 0  0  0  0  1  1  0  0  0  0  0 14 14  0  0  0  0  0 10 10]
 [ 0  0  0  0  1  1  0  0  0  0  0 14 14  0  0  0  0  0 10 10]
 [10 10 10 10 10 10 10 10 10 10 10 10 10 10 10 10 10 10 10 10]
 [10 10 10 10 10 10 10 10 10 10 10 10 10 10 10 10 10 10 10 10]]
State: {'lives': 2, 'score': 100, 'coins': 1, 'stage': 1, 'world': 1, 'x_position': 383, 'time': 372, 'dead_timer': 0, 'dead_jump_timer': 0, 'game_over': False}
Frame: [[[255 255 255]
  [255 255 255]
  [255 255 255]
  ...
  [255 255 255]
  [255 255 255]
  [255 255 255]]

 [[255 255 255]
  [224 224 224]
  [170 170 170]
  ...
  [170 170 170]
  [224 224 224]
  [255 255 255]]

 [[255 255 255]
  [179 179 179]
  [ 42  42  42]
  ...
  [ 42  42  42]
  [179 179 179]
  [255 255 255]]

 ...

 [[  0   0   0]
  [  0   0   0]
  [  0   0   0]
  ...
  [  0   0   0]
  [  0   0   0]
  [  0   0   0]]

 [[  0   0   0]
  [  0   0   0]
  [  0   0   0]
  ...
  [  0   0   0]
  [  0   0   0]
  [  0   0   0]]

 [[  0   0   0]
  [  0   0   0]
  [  0   0   0]
  ...
  [  0   0   0]
  [  0   0   0]
  [  0   0   0]]]
Game Area: [[ 0  0  0  0  0  0  0  0  0  0  0  0  0  0  0  0  0  0  0  0]
 [ 0  0  0  0  0  0  0  0  0  0  0  0  0  0  0  0  0  0  0  0]
 [ 0  0  0  0  0  0  0  0  0  0  0  0  0  0  0  0  0  0  0  0]
 [ 0  0  0  0  0  0  0  0  0  0  0  0  0  0  0  0  0  0  0  0]
 [ 0  0  0  0  0  0  0  0  0  0  0  0  0  0  0  0  0  0  0  0]
 [ 0  0  0  0  0  0  0  0  0  0  0  0  0  0  0  0  0  0  0  0]
 [ 0  0  0  0  0  0  0  0  0  0  0  0  0  0  0  0  0  0 13  0]
 [ 0  0  0  0  0  0  0  0  0  0  0  0  0  0  0  0  0  0  0  0]
 [ 0  0  0  0  0  0  0  0  0  0  0  0  0  0  0  0  0  0  0  0]
 [ 0  0  0  0  0  0 13  0  0  0  0  0  0  0  0  0  0  0  0  0]
 [ 0  0  0  0  0  0  0  0  0  0  0  0  0  0  0  0  0  0  0  0]
 [ 0  0  0  0  0  0  0  0  0  0  0  0  0  0  0  0  0  0 10 10]
 [ 0  0  0  0  1  1  0  0  0  0  0 14 14  0  0  0  0  0 10 10]
 [ 0  0  0  0  1  1  0  0  0  0  0 14 14  0  0  0  0  0 10 10]
 [10 10 10 10 10 10 10 10 10 10 10 10 10 10 10 10 10 10 10 10]
 [10 10 10 10 10 10 10 10 10 10 10 10 10 10 10 10 10 10 10 10]]
State: {'lives': 2, 'score': 100, 'coins': 1, 'stage': 1, 'world': 1, 'x_position': 375, 'time': 372, 'dead_timer': 0, 'dead_jump_timer': 0, 'game_over': False}
Frame: [[[255 255 255]
  [255 255 255]
  [255 255 255]
  ...
  [255 255 255]
  [255 255 255]
  [255 255 255]]

 [[255 255 255]
  [224 224 224]
  [170 170 170]
  ...
  [170 170 170]
  [224 224 224]
  [255 255 255]]

 [[255 255 255]
  [179 179 179]
  [ 42  42  42]
  ...
  [ 42  42  42]
  [179 179 179]
  [255 255 255]]

 ...

 [[  0   0   0]
  [  0   0   0]
  [  0   0   0]
  ...
  [  0   0   0]
  [  0   0   0]
  [  0   0   0]]

 [[  0   0   0]
  [  0   0   0]
  [  0   0   0]
  ...
  [  0   0   0]
  [  0   0   0]
  [  0   0   0]]

 [[  0   0   0]
  [  0   0   0]
  [  0   0   0]
  ...
  [  0   0   0]
  [  0   0   0]
  [  0   0   0]]]
Game Area: [[ 0  0  0  0  0  0  0  0  0  0  0  0  0  0  0  0  0  0  0  0]
 [ 0  0  0  0  0  0  0  0  0  0  0  0  0  0  0  0  0  0  0  0]
 [ 0  0  0  0  0  0  0  0  0  0  0  0  0  0  0  0  0  0  0  0]
 [ 0  0  0  0  0  0  0  0  0  0  0  0  0  0  0  0  0  0  0  0]
 [ 0  0  0  0  0  0  0  0  0  0  0  0  0  0  0  0  0  0  0  0]
 [ 0  0  0  0  0  0  0  0  0  0  0  0  0  0  0  0  0  0  0  0]
 [ 0  0  0  0  0  0  0  0  0  0  0  0  0  0  0  0  0  0 13  0]
 [ 0  0  0  0  0  0  0  0  0  0  0  0  0  0  0  0  0  0  0  0]
 [ 0  0  0  0  0  0  0  0  0  0  0  0  0  0  0  0  0  0  0  0]
 [ 0  0  0  0  0  0 13  0  0  0  0  0  0  0  0  0  0  0  0  0]
 [ 0  0  0  0  0  0  0  0  0  0  0  0  0  0  0  0  0  0  0  0]
 [ 0  0  0  0  0  0  0  0  0  0  0  0  0  0  0  0  0  0 10 10]
 [ 0  0  0  1  1  0  0  0  0  0  0 14 14  0  0  0  0  0 10 10]
 [ 0  0  0  1  1  0  0  0  0  0  0 14 14  0  0  0  0  0 10 10]
 [10 10 10 10 10 10 10 10 10 10 10 10 10 10 10 10 10 10 10 10]
 [10 10 10 10 10 10 10 10 10 10 10 10 10 10 10 10 10 10 10 10]]
State: {'lives': 2, 'score': 100, 'coins': 1, 'stage': 1, 'world': 1, 'x_position': 375, 'time': 372, 'dead_timer': 0, 'dead_jump_timer': 0, 'game_over': False}
Frame: [[[255 255 255]
  [255 255 255]
  [255 255 255]
  ...
  [255 255 255]
  [255 255 255]
  [255 255 255]]

 [[255 255 255]
  [224 224 224]
  [170 170 170]
  ...
  [170 170 170]
  [224 224 224]
  [255 255 255]]

 [[255 255 255]
  [179 179 179]
  [ 42  42  42]
  ...
  [ 42  42  42]
  [179 179 179]
  [255 255 255]]

 ...

 [[  0   0   0]
  [  0   0   0]
  [  0   0   0]
  ...
  [  0   0   0]
  [  0   0   0]
  [  0   0   0]]

 [[  0   0   0]
  [  0   0   0]
  [  0   0   0]
  ...
  [  0   0   0]
  [  0   0   0]
  [  0   0   0]]

 [[  0   0   0]
  [  0   0   0]
  [  0   0   0]
  ...
  [  0   0   0]
  [  0   0   0]
  [  0   0   0]]]
Game Area: [[ 0  0  0  0  0  0  0  0  0  0  0  0  0  0  0  0  0  0  0  0]
 [ 0  0  0  0  0  0  0  0  0  0  0  0  0  0  0  0  0  0  0  0]
 [ 0  0  0  0  0  0  0  0  0  0  0  0  0  0  0  0  0  0  0  0]
 [ 0  0  0  0  0  0  0  0  0  0  0  0  0  0  0  0  0  0  0  0]
 [ 0  0  0  0  0  0  0  0  0  0  0  0  0  0  0  0  0  0  0  0]
 [ 0  0  0  0  0  0  0  0  0  0  0  0  0  0  0  0  0  0  0  0]
 [ 0  0  0  0  0  0  0  0  0  0  0  0  0  0  0  0  0  0 13  0]
 [ 0  0  0  0  0  0  0  0  0  0  0  0  0  0  0  0  0  0  0  0]
 [ 0  0  0  0  0  0  0  0  0  0  0  0  0  0  0  0  0  0  0  0]
 [ 0  0  0  0  0  0 13  0  0  0  0  0  0  0  0  0  0  0  0  0]
 [ 0  0  0  0  0  0  0  0  0  0  0  0  0  0  0  0  0  0  0  0]
 [ 0  0  0  0  0  0  0  0  0  0  0  0  0  0  0  0  0  0 10 10]
 [ 0  0  0  1  1  0  0  0  0  0  0 14 14  0  0  0  0  0 10 10]
 [ 0  0  0  1  1  0  0  0  0  0  0 14 14  0  0  0  0  0 10 10]
 [10 10 10 10 10 10 10 10 10 10 10 10 10 10 10 10 10 10 10 10]
 [10 10 10 10 10 10 10 10 10 10 10 10 10 10 10 10 10 10 10 10]]
State: {'lives': 2, 'score': 100, 'coins': 1, 'stage': 1, 'world': 1, 'x_position': 375, 'time': 372, 'dead_timer': 0, 'dead_jump_timer': 0, 'game_over': False}
Frame: [[[255 255 255]
  [255 255 255]
  [255 255 255]
  ...
  [255 255 255]
  [255 255 255]
  [255 255 255]]

 [[255 255 255]
  [224 224 224]
  [170 170 170]
  ...
  [170 170 170]
  [224 224 224]
  [255 255 255]]

 [[255 255 255]
  [179 179 179]
  [ 42  42  42]
  ...
  [ 42  42  42]
  [179 179 179]
  [255 255 255]]

 ...

 [[  0   0   0]
  [  0   0   0]
  [  0   0   0]
  ...
  [  0   0   0]
  [  0   0   0]
  [  0   0   0]]

 [[  0   0   0]
  [  0   0   0]
  [  0   0   0]
  ...
  [  0   0   0]
  [  0   0   0]
  [  0   0   0]]

 [[  0   0   0]
  [  0   0   0]
  [  0   0   0]
  ...
  [  0   0   0]
  [  0   0   0]
  [  0   0   0]]]
Game Area: [[ 0  0  0  0  0  0  0  0  0  0  0  0  0  0  0  0  0  0  0  0]
 [ 0  0  0  0  0  0  0  0  0  0  0  0  0  0  0  0  0  0  0  0]
 [ 0  0  0  0  0  0  0  0  0  0  0  0  0  0  0  0  0  0  0  0]
 [ 0  0  0  0  0  0  0  0  0  0  0  0  0  0  0  0  0  0  0  0]
 [ 0  0  0  0  0  0  0  0  0  0  0  0  0  0  0  0  0  0  0  0]
 [ 0  0  0  0  0  0  0  0  0  0  0  0  0  0  0  0  0  0  0  0]
 [ 0  0  0  0  0  0  0  0  0  0  0  0  0  0  0  0  0  0 13  0]
 [ 0  0  0  0  0  0  0  0  0  0  0  0  0  0  0  0  0  0  0  0]
 [ 0  0  0  0  0  0  0  0  0  0  0  0  0  0  0  0  0  0  0  0]
 [ 0  0  0  0  0  0 13  0  0  0  0  0  0  0  0  0  0  0  0  0]
 [ 0  0  0  0  0  0  0  0  0  0  0  0  0  0  0  0  0  0  0  0]
 [ 0  0  0  0  0  0  0  0  0  0  0  0  0  0  0  0  0  0 10 10]
 [ 0  0  0  1  1  0  0  0  0  0  0 14 14  0  0  0  0  0 10 10]
 [ 0  0  0  1  1  0  0  0  0  0  0 14 14  0  0  0  0  0 10 10]
 [10 10 10 10 10 10 10 10 10 10 10 10 10 10 10 10 10 10 10 10]
 [10 10 10 10 10 10 10 10 10 10 10 10 10 10 10 10 10 10 10 10]]
State: {'lives': 2, 'score': 100, 'coins': 1, 'stage': 1, 'world': 1, 'x_position': 368, 'time': 371, 'dead_timer': 0, 'dead_jump_timer': 0, 'game_over': False}
Frame: [[[255 255 255]
  [255 255 255]
  [255 255 255]
  ...
  [255 255 255]
  [255 255 255]
  [255 255 255]]

 [[255 255 255]
  [224 224 224]
  [170 170 170]
  ...
  [170 170 170]
  [224 224 224]
  [255 255 255]]

 [[255 255 255]
  [179 179 179]
  [ 42  42  42]
  ...
  [ 42  42  42]
  [179 179 179]
  [255 255 255]]

 ...

 [[  0   0   0]
  [  0   0   0]
  [  0   0   0]
  ...
  [  0   0   0]
  [  0   0   0]
  [  0   0   0]]

 [[  0   0   0]
  [  0   0   0]
  [  0   0   0]
  ...
  [  0   0   0]
  [  0   0   0]
  [  0   0   0]]

 [[  0   0   0]
  [  0   0   0]
  [  0   0   0]
  ...
  [  0   0   0]
  [  0   0   0]
  [  0   0   0]]]
Game Area: [[ 0  0  0  0  0  0  0  0  0  0  0  0  0  0  0  0  0  0  0  0]
 [ 0  0  0  0  0  0  0  0  0  0  0  0  0  0  0  0  0  0  0  0]
 [ 0  0  0  0  0  0  0  0  0  0  0  0  0  0  0  0  0  0  0  0]
 [ 0  0  0  0  0  0  0  0  0  0  0  0  0  0  0  0  0  0  0  0]
 [ 0  0  0  0  0  0  0  0  0  0  0  0  0  0  0  0  0  0  0  0]
 [ 0  0  0  0  0  0  0  0  0  0  0  0  0  0  0  0  0  0  0  0]
 [ 0  0  0  0  0  0  0  0  0  0  0  0  0  0  0  0  0  0 13  0]
 [ 0  0  0  0  0  0  0  0  0  0  0  0  0  0  0  0  0  0  0  0]
 [ 0  0  0  0  0  0  0  0  0  0  0  0  0  0  0  0  0  0  0  0]
 [ 0  0  0  0  0  0 13  0  0  0  0  0  0  0  0  0  0  0  0  0]
 [ 0  0  0  0  0  0  0  0  0  0  0  0  0  0  0  0  0  0  0  0]
 [ 0  0  0  0  0  0  0  0  0  0  0  0  0  0  0  0  0  0 10 10]
 [ 0  0  1  1  0  0  0  0  0  0  0 14 14  0  0  0  0  0 10 10]
 [ 0  0  1  1  0  0  0  0  0  0  0 14 14  0  0  0  0  0 10 10]
 [10 10 10 10 10 10 10 10 10 10 10 10 10 10 10 10 10 10 10 10]
 [10 10 10 10 10 10 10 10 10 10 10 10 10 10 10 10 10 10 10 10]]
State: {'lives': 2, 'score': 100, 'coins': 1, 'stage': 1, 'world': 1, 'x_position': 363, 'time': 371, 'dead_timer': 0, 'dead_jump_timer': 0, 'game_over': False}
Frame: [[[255 255 255]
  [255 255 255]
  [255 255 255]
  ...
  [255 255 255]
  [255 255 255]
  [255 255 255]]

 [[255 255 255]
  [224 224 224]
  [170 170 170]
  ...
  [170 170 170]
  [224 224 224]
  [255 255 255]]

 [[255 255 255]
  [179 179 179]
  [ 42  42  42]
  ...
  [ 42  42  42]
  [179 179 179]
  [255 255 255]]

 ...

 [[  0   0   0]
  [  0   0   0]
  [  0   0   0]
  ...
  [  0   0   0]
  [  0   0   0]
  [  0   0   0]]

 [[  0   0   0]
  [  0   0   0]
  [  0   0   0]
  ...
  [  0   0   0]
  [  0   0   0]
  [  0   0   0]]

 [[  0   0   0]
  [  0   0   0]
  [  0   0   0]
  ...
  [  0   0   0]
  [  0   0   0]
  [  0   0   0]]]
Game Area: [[ 0  0  0  0  0  0  0  0  0  0  0  0  0  0  0  0  0  0  0  0]
 [ 0  0  0  0  0  0  0  0  0  0  0  0  0  0  0  0  0  0  0  0]
 [ 0  0  0  0  0  0  0  0  0  0  0  0  0  0  0  0  0  0  0  0]
 [ 0  0  0  0  0  0  0  0  0  0  0  0  0  0  0  0  0  0  0  0]
 [ 0  0  0  0  0  0  0  0  0  0  0  0  0  0  0  0  0  0  0  0]
 [ 0  0  0  0  0  0  0  0  0  0  0  0  0  0  0  0  0  0  0  0]
 [ 0  0  0  0  0  0  0  0  0  0  0  0  0  0  0  0  0  0 13  0]
 [ 0  0  0  0  0  0  0  0  0  0  0  0  0  0  0  0  0  0  0  0]
 [ 0  0  0  0  0  0  0  0  0  0  0  0  0  0  0  0  0  0  0  0]
 [ 0  1  1  0  0  0 13  0  0  0  0  0  0  0  0  0  0  0  0  0]
 [ 0  1  1  0  0  0  0  0  0  0  0  0  0  0  0  0  0  0  0  0]
 [ 0  0  0  0  0  0  0  0  0  0  0  0  0  0  0  0  0  0 10 10]
 [ 0  0  0  0  0  0  0  0  0  0  0 14 14  0  0  0  0  0 10 10]
 [ 0  0  0  0  0  0  0  0  0  0  0 14 14  0  0  0  0  0 10 10]
 [10 10 10 10 10 10 10 10 10 10 10 10 10 10 10 10 10 10 10 10]
 [10 10 10 10 10 10 10 10 10 10 10 10 10 10 10 10 10 10 10 10]]
State: {'lives': 2, 'score': 100, 'coins': 1, 'stage': 1, 'world': 1, 'x_position': 358, 'time': 371, 'dead_timer': 0, 'dead_jump_timer': 0, 'game_over': False}
Frame: [[[255 255 255]
  [255 255 255]
  [255 255 255]
  ...
  [255 255 255]
  [255 255 255]
  [255 255 255]]

 [[255 255 255]
  [224 224 224]
  [170 170 170]
  ...
  [170 170 170]
  [224 224 224]
  [255 255 255]]

 [[255 255 255]
  [179 179 179]
  [ 42  42  42]
  ...
  [ 42  42  42]
  [179 179 179]
  [255 255 255]]

 ...

 [[  0   0   0]
  [  0   0   0]
  [  0   0   0]
  ...
  [  0   0   0]
  [  0   0   0]
  [  0   0   0]]

 [[  0   0   0]
  [  0   0   0]
  [  0   0   0]
  ...
  [  0   0   0]
  [  0   0   0]
  [  0   0   0]]

 [[  0   0   0]
  [  0   0   0]
  [  0   0   0]
  ...
  [  0   0   0]
  [  0   0   0]
  [  0   0   0]]]
Game Area: [[ 0  0  0  0  0  0  0  0  0  0  0  0  0  0  0  0  0  0  0  0]
 [ 0  0  0  0  0  0  0  0  0  0  0  0  0  0  0  0  0  0  0  0]
 [ 0  0  0  0  0  0  0  0  0  0  0  0  0  0  0  0  0  0  0  0]
 [ 0  0  0  0  0  0  0  0  0  0  0  0  0  0  0  0  0  0  0  0]
 [ 0  0  0  0  0  0  0  0  0  0  0  0  0  0  0  0  0  0  0  0]
 [ 0  0  0  0  0  0  0  0  0  0  0  0  0  0  0  0  0  0  0  0]
 [ 0  0  0  0  0  0  0  0  0  0  0  0  0  0  0  0  0  0 13  0]
 [ 0  0  0  0  0  0  0  0  0  0  0  0  0  0  0  0  0  0  0  0]
 [ 0  1  1  0  0  0  0  0  0  0  0  0  0  0  0  0  0  0  0  0]
 [ 0  1  1  0  0  0 13  0  0  0  0  0  0  0  0  0  0  0  0  0]
 [ 0  0  0  0  0  0  0  0  0  0  0  0  0  0  0  0  0  0  0  0]
 [ 0  0  0  0  0  0  0  0  0  0  0  0  0  0  0  0  0  0 10 10]
 [ 0  0  0  0  0  0  0  0  0  0  0 14 14  0  0  0  0  0 10 10]
 [ 0  0  0  0  0  0  0  0  0  0  0 14 14  0  0  0  0  0 10 10]
 [10 10 10 10 10 10 10 10 10 10 10 10 10 10 10 10 10 10 10 10]
 [10 10 10 10 10 10 10 10 10 10 10 10 10 10 10 10 10 10 10 10]]
State: {'lives': 2, 'score': 100, 'coins': 1, 'stage': 1, 'world': 1, 'x_position': 353, 'time': 371, 'dead_timer': 0, 'dead_jump_timer': 0, 'game_over': False}
Frame: [[[255 255 255]
  [255 255 255]
  [255 255 255]
  ...
  [255 255 255]
  [255 255 255]
  [255 255 255]]

 [[255 255 255]
  [224 224 224]
  [170 170 170]
  ...
  [170 170 170]
  [224 224 224]
  [255 255 255]]

 [[255 255 255]
  [179 179 179]
  [ 42  42  42]
  ...
  [ 42  42  42]
  [179 179 179]
  [255 255 255]]

 ...

 [[  0   0   0]
  [  0   0   0]
  [  0   0   0]
  ...
  [  0   0   0]
  [  0   0   0]
  [  0   0   0]]

 [[  0   0   0]
  [  0   0   0]
  [  0   0   0]
  ...
  [  0   0   0]
  [  0   0   0]
  [  0   0   0]]

 [[  0   0   0]
  [  0   0   0]
  [  0   0   0]
  ...
  [  0   0   0]
  [  0   0   0]
  [  0   0   0]]]
Game Area: [[ 0  0  0  0  0  0  0  0  0  0  0  0  0  0  0  0  0  0  0  0]
 [ 0  0  0  0  0  0  0  0  0  0  0  0  0  0  0  0  0  0  0  0]
 [ 0  0  0  0  0  0  0  0  0  0  0  0  0  0  0  0  0  0  0  0]
 [ 0  0  0  0  0  0  0  0  0  0  0  0  0  0  0  0  0  0  0  0]
 [ 0  0  0  0  0  0  0  0  0  0  0  0  0  0  0  0  0  0  0  0]
 [ 0  0  0  0  0  0  0  0  0  0  0  0  0  0  0  0  0  0  0  0]
 [ 0  0  0  0  0  0  0  0  0  0  0  0  0  0  0  0  0  0 13  0]
 [ 0  0  0  0  0  0  0  0  0  0  0  0  0  0  0  0  0  0  0  0]
 [ 1  1  0  0  0  0  0  0  0  0  0  0  0  0  0  0  0  0  0  0]
 [ 1  1  0  0  0  0 13  0  0  0  0  0  0  0  0  0  0  0  0  0]
 [ 0  0  0  0  0  0  0  0  0  0  0  0  0  0  0  0  0  0  0  0]
 [ 0  0  0  0  0  0  0  0  0  0  0  0  0  0  0  0  0  0 10 10]
 [ 0  0  0  0  0  0  0  0  0  0  0 14 14  0  0  0  0  0 10 10]
 [ 0  0  0  0  0  0  0  0  0  0  0 14 14  0  0  0  0  0 10 10]
 [10 10 10 10 10 10 10 10 10 10 10 10 10 10 10 10 10 10 10 10]
 [10 10 10 10 10 10 10 10 10 10 10 10 10 10 10 10 10 10 10 10]]
State: {'lives': 2, 'score': 100, 'coins': 1, 'stage': 1, 'world': 1, 'x_position': 348, 'time': 370, 'dead_timer': 0, 'dead_jump_timer': 0, 'game_over': False}
Frame: [[[255 255 255]
  [255 255 255]
  [255 255 255]
  ...
  [255 255 255]
  [255 255 255]
  [255 255 255]]

 [[255 255 255]
  [224 224 224]
  [170 170 170]
  ...
  [170 170 170]
  [224 224 224]
  [255 255 255]]

 [[255 255 255]
  [179 179 179]
  [ 42  42  42]
  ...
  [ 42  42  42]
  [179 179 179]
  [255 255 255]]

 ...

 [[  0   0   0]
  [  0   0   0]
  [  0   0   0]
  ...
  [  0   0   0]
  [  0   0   0]
  [  0   0   0]]

 [[  0   0   0]
  [  0   0   0]
  [  0   0   0]
  ...
  [  0   0   0]
  [  0   0   0]
  [  0   0   0]]

 [[  0   0   0]
  [  0   0   0]
  [  0   0   0]
  ...
  [  0   0   0]
  [  0   0   0]
  [  0   0   0]]]
Game Area: [[ 0  0  0  0  0  0  0  0  0  0  0  0  0  0  0  0  0  0  0  0]
 [ 0  0  0  0  0  0  0  0  0  0  0  0  0  0  0  0  0  0  0  0]
 [ 0  0  0  0  0  0  0  0  0  0  0  0  0  0  0  0  0  0  0  0]
 [ 0  0  0  0  0  0  0  0  0  0  0  0  0  0  0  0  0  0  0  0]
 [ 0  0  0  0  0  0  0  0  0  0  0  0  0  0  0  0  0  0  0  0]
 [ 0  0  0  0  0  0  0  0  0  0  0  0  0  0  0  0  0  0  0  0]
 [ 0  0  0  0  0  0  0  0  0  0  0  0  0  0  0  0  0  0 13  0]
 [ 0  0  0  0  0  0  0  0  0  0  0  0  0  0  0  0  0  0  0  0]
 [ 0  0  0  0  0  0  0  0  0  0  0  0  0  0  0  0  0  0  0  0]
 [ 0  0  0  0  0  0 13  0  0  0  0  0  0  0  0  0  0  0  0  0]
 [ 1  1  0  0  0  0  0  0  0  0  0  0  0  0  0  0  0  0  0  0]
 [ 1  1  0  0  0  0  0  0  0  0  0  0  0  0  0  0  0  0 10 10]
 [ 0  0  0  0  0  0  0  0  0  0  0 14 14  0  0  0  0  0 10 10]
 [ 0  0  0  0  0  0  0  0  0  0  0 14 14  0  0  0  0  0 10 10]
 [10 10 10 10 10 10 10 10 10 10 10 10 10 10 10 10 10 10 10 10]
 [10 10 10 10 10 10 10 10 10 10 10 10 10 10 10 10 10 10 10 10]]
State: {'lives': 2, 'score': 100, 'coins': 1, 'stage': 1, 'world': 1, 'x_position': 346, 'time': 370, 'dead_timer': 0, 'dead_jump_timer': 0, 'game_over': False}
Frame: [[[255 255 255]
  [255 255 255]
  [255 255 255]
  ...
  [255 255 255]
  [255 255 255]
  [255 255 255]]

 [[255 255 255]
  [224 224 224]
  [170 170 170]
  ...
  [170 170 170]
  [224 224 224]
  [255 255 255]]

 [[255 255 255]
  [179 179 179]
  [ 42  42  42]
  ...
  [ 42  42  42]
  [179 179 179]
  [255 255 255]]

 ...

 [[  0   0   0]
  [  0   0   0]
  [  0   0   0]
  ...
  [  0   0   0]
  [  0   0   0]
  [  0   0   0]]

 [[  0   0   0]
  [  0   0   0]
  [  0   0   0]
  ...
  [  0   0   0]
  [  0   0   0]
  [  0   0   0]]

 [[  0   0   0]
  [  0   0   0]
  [  0   0   0]
  ...
  [  0   0   0]
  [  0   0   0]
  [  0   0   0]]]
Game Area: [[ 0  0  0  0  0  0  0  0  0  0  0  0  0  0  0  0  0  0  0  0]
 [ 0  0  0  0  0  0  0  0  0  0  0  0  0  0  0  0  0  0  0  0]
 [ 0  0  0  0  0  0  0  0  0  0  0  0  0  0  0  0  0  0  0  0]
 [ 0  0  0  0  0  0  0  0  0  0  0  0  0  0  0  0  0  0  0  0]
 [ 0  0  0  0  0  0  0  0  0  0  0  0  0  0  0  0  0  0  0  0]
 [ 0  0  0  0  0  0  0  0  0  0  0  0  0  0  0  0  0  0  0  0]
 [ 0  0  0  0  0  0  0  0  0  0  0  0  0  0  0  0  0  0 13  0]
 [ 0  0  0  0  0  0  0  0  0  0  0  0  0  0  0  0  0  0  0  0]
 [ 0  0  0  0  0  0  0  0  0  0  0  0  0  0  0  0  0  0  0  0]
 [ 0  0  0  0  0  0 13  0  0  0  0  0  0  0  0  0  0  0  0  0]
 [ 0  0  0  0  0  0  0  0  0  0  0  0  0  0  0  0  0  0  0  0]
 [ 0  0  0  0  0  0  0  0  0  0  0  0  0  0  0  0  0  0 10 10]
 [ 1  0  0  0  0  0  0  0  0  0  0 14 14  0  0  0  0  0 10 10]
 [ 1  0  0  0  0  0  0  0  0  0  0 14 14  0  0  0  0  0 10 10]
 [10 10 10 10 10 10 10 10 10 10 10 10 10 10 10 10 10 10 10 10]
 [10 10 10 10 10 10 10 10 10 10 10 10 10 10 10 10 10 10 10 10]]
State: {'lives': 2, 'score': 100, 'coins': 1, 'stage': 1, 'world': 1, 'x_position': 353, 'time': 370, 'dead_timer': 0, 'dead_jump_timer': 0, 'game_over': False}
Frame: [[[255 255 255]
  [255 255 255]
  [255 255 255]
  ...
  [255 255 255]
  [255 255 255]
  [255 255 255]]

 [[255 255 255]
  [224 224 224]
  [170 170 170]
  ...
  [170 170 170]
  [224 224 224]
  [255 255 255]]

 [[255 255 255]
  [179 179 179]
  [ 42  42  42]
  ...
  [ 42  42  42]
  [179 179 179]
  [255 255 255]]

 ...

 [[  0   0   0]
  [  0   0   0]
  [  0   0   0]
  ...
  [  0   0   0]
  [  0   0   0]
  [  0   0   0]]

 [[  0   0   0]
  [  0   0   0]
  [  0   0   0]
  ...
  [  0   0   0]
  [  0   0   0]
  [  0   0   0]]

 [[  0   0   0]
  [  0   0   0]
  [  0   0   0]
  ...
  [  0   0   0]
  [  0   0   0]
  [  0   0   0]]]
Game Area: [[ 0  0  0  0  0  0  0  0  0  0  0  0  0  0  0  0  0  0  0  0]
 [ 0  0  0  0  0  0  0  0  0  0  0  0  0  0  0  0  0  0  0  0]
 [ 0  0  0  0  0  0  0  0  0  0  0  0  0  0  0  0  0  0  0  0]
 [ 0  0  0  0  0  0  0  0  0  0  0  0  0  0  0  0  0  0  0  0]
 [ 0  0  0  0  0  0  0  0  0  0  0  0  0  0  0  0  0  0  0  0]
 [ 0  0  0  0  0  0  0  0  0  0  0  0  0  0  0  0  0  0  0  0]
 [ 0  0  0  0  0  0  0  0  0  0  0  0  0  0  0  0  0  0 13  0]
 [ 0  0  0  0  0  0  0  0  0  0  0  0  0  0  0  0  0  0  0  0]
 [ 0  0  0  0  0  0  0  0  0  0  0  0  0  0  0  0  0  0  0  0]
 [ 0  0  0  0  0  0 13  0  0  0  0  0  0  0  0  0  0  0  0  0]
 [ 0  0  0  0  0  0  0  0  0  0  0  0  0  0  0  0  0  0  0  0]
 [ 0  0  0  0  0  0  0  0  0  0  0  0  0  0  0  0  0  0 10 10]
 [ 1  1  0  0  0  0  0  0  0  0  0 14 14  0  0  0  0  0 10 10]
 [ 1  1  0  0  0  0  0  0  0  0  0 14 14  0  0  0  0  0 10 10]
 [10 10 10 10 10 10 10 10 10 10 10 10 10 10 10 10 10 10 10 10]
 [10 10 10 10 10 10 10 10 10 10 10 10 10 10 10 10 10 10 10 10]]
State: {'lives': 2, 'score': 100, 'coins': 1, 'stage': 1, 'world': 1, 'x_position': 356, 'time': 370, 'dead_timer': 0, 'dead_jump_timer': 0, 'game_over': False}
Frame: [[[255 255 255]
  [255 255 255]
  [255 255 255]
  ...
  [255 255 255]
  [255 255 255]
  [255 255 255]]

 [[255 255 255]
  [224 224 224]
  [170 170 170]
  ...
  [170 170 170]
  [224 224 224]
  [255 255 255]]

 [[255 255 255]
  [179 179 179]
  [ 42  42  42]
  ...
  [ 42  42  42]
  [179 179 179]
  [255 255 255]]

 ...

 [[  0   0   0]
  [  0   0   0]
  [  0   0   0]
  ...
  [  0   0   0]
  [  0   0   0]
  [  0   0   0]]

 [[  0   0   0]
  [  0   0   0]
  [  0   0   0]
  ...
  [  0   0   0]
  [  0   0   0]
  [  0   0   0]]

 [[  0   0   0]
  [  0   0   0]
  [  0   0   0]
  ...
  [  0   0   0]
  [  0   0   0]
  [  0   0   0]]]
Game Area: [[ 0  0  0  0  0  0  0  0  0  0  0  0  0  0  0  0  0  0  0  0]
 [ 0  0  0  0  0  0  0  0  0  0  0  0  0  0  0  0  0  0  0  0]
 [ 0  0  0  0  0  0  0  0  0  0  0  0  0  0  0  0  0  0  0  0]
 [ 0  0  0  0  0  0  0  0  0  0  0  0  0  0  0  0  0  0  0  0]
 [ 0  0  0  0  0  0  0  0  0  0  0  0  0  0  0  0  0  0  0  0]
 [ 0  0  0  0  0  0  0  0  0  0  0  0  0  0  0  0  0  0  0  0]
 [ 0  0  0  0  0  0  0  0  0  0  0  0  0  0  0  0  0  0 13  0]
 [ 0  0  0  0  0  0  0  0  0  0  0  0  0  0  0  0  0  0  0  0]
 [ 0  0  0  0  0  0  0  0  0  0  0  0  0  0  0  0  0  0  0  0]
 [ 0  0  0  0  0  0 13  0  0  0  0  0  0  0  0  0  0  0  0  0]
 [ 0  0  0  0  0  0  0  0  0  0  0  0  0  0  0  0  0  0  0  0]
 [ 0  0  0  0  0  0  0  0  0  0  0  0  0  0  0  0  0  0 10 10]
 [ 0  1  1  0  0  0  0  0  0  0  0 14 14  0  0  0  0  0 10 10]
 [ 0  1  1  0  0  0  0  0  0  0  0 14 14  0  0  0  0  0 10 10]
 [10 10 10 10 10 10 10 10 10 10 10 10 10 10 10 10 10 10 10 10]
 [10 10 10 10 10 10 10 10 10 10 10 10 10 10 10 10 10 10 10 10]]
State: {'lives': 2, 'score': 100, 'coins': 1, 'stage': 1, 'world': 1, 'x_position': 356, 'time': 369, 'dead_timer': 0, 'dead_jump_timer': 0, 'game_over': False}
Frame: [[[255 255 255]
  [255 255 255]
  [255 255 255]
  ...
  [255 255 255]
  [255 255 255]
  [255 255 255]]

 [[255 255 255]
  [224 224 224]
  [170 170 170]
  ...
  [170 170 170]
  [224 224 224]
  [255 255 255]]

 [[255 255 255]
  [179 179 179]
  [ 42  42  42]
  ...
  [ 42  42  42]
  [179 179 179]
  [255 255 255]]

 ...

 [[  0   0   0]
  [  0   0   0]
  [  0   0   0]
  ...
  [  0   0   0]
  [  0   0   0]
  [  0   0   0]]

 [[  0   0   0]
  [  0   0   0]
  [  0   0   0]
  ...
  [  0   0   0]
  [  0   0   0]
  [  0   0   0]]

 [[  0   0   0]
  [  0   0   0]
  [  0   0   0]
  ...
  [  0   0   0]
  [  0   0   0]
  [  0   0   0]]]
Game Area: [[ 0  0  0  0  0  0  0  0  0  0  0  0  0  0  0  0  0  0  0  0]
 [ 0  0  0  0  0  0  0  0  0  0  0  0  0  0  0  0  0  0  0  0]
 [ 0  0  0  0  0  0  0  0  0  0  0  0  0  0  0  0  0  0  0  0]
 [ 0  0  0  0  0  0  0  0  0  0  0  0  0  0  0  0  0  0  0  0]
 [ 0  0  0  0  0  0  0  0  0  0  0  0  0  0  0  0  0  0  0  0]
 [ 0  0  0  0  0  0  0  0  0  0  0  0  0  0  0  0  0  0  0  0]
 [ 0  0  0  0  0  0  0  0  0  0  0  0  0  0  0  0  0  0 13  0]
 [ 0  0  0  0  0  0  0  0  0  0  0  0  0  0  0  0  0  0  0  0]
 [ 0  0  0  0  0  0  0  0  0  0  0  0  0  0  0  0  0  0  0  0]
 [ 0  0  0  0  0  0 13  0  0  0  0  0  0  0  0  0  0  0  0  0]
 [ 0  0  0  0  0  0  0  0  0  0  0  0  0  0  0  0  0  0  0  0]
 [ 0  0  0  0  0  0  0  0  0  0  0  0  0  0  0  0  0  0 10 10]
 [ 0  1  1  0  0  0  0  0  0  0  0 14 14  0  0  0  0  0 10 10]
 [ 0  1  1  0  0  0  0  0  0  0  0 14 14  0  0  0  0  0 10 10]
 [10 10 10 10 10 10 10 10 10 10 10 10 10 10 10 10 10 10 10 10]
 [10 10 10 10 10 10 10 10 10 10 10 10 10 10 10 10 10 10 10 10]]
State: {'lives': 2, 'score': 100, 'coins': 1, 'stage': 1, 'world': 1, 'x_position': 363, 'time': 369, 'dead_timer': 0, 'dead_jump_timer': 0, 'game_over': False}
Frame: [[[255 255 255]
  [255 255 255]
  [255 255 255]
  ...
  [255 255 255]
  [255 255 255]
  [255 255 255]]

 [[255 255 255]
  [224 224 224]
  [170 170 170]
  ...
  [170 170 170]
  [224 224 224]
  [255 255 255]]

 [[255 255 255]
  [179 179 179]
  [ 42  42  42]
  ...
  [ 42  42  42]
  [179 179 179]
  [255 255 255]]

 ...

 [[  0   0   0]
  [  0   0   0]
  [  0   0   0]
  ...
  [  0   0   0]
  [  0   0   0]
  [  0   0   0]]

 [[  0   0   0]
  [  0   0   0]
  [  0   0   0]
  ...
  [  0   0   0]
  [  0   0   0]
  [  0   0   0]]

 [[  0   0   0]
  [  0   0   0]
  [  0   0   0]
  ...
  [  0   0   0]
  [  0   0   0]
  [  0   0   0]]]
Game Area: [[ 0  0  0  0  0  0  0  0  0  0  0  0  0  0  0  0  0  0  0  0]
 [ 0  0  0  0  0  0  0  0  0  0  0  0  0  0  0  0  0  0  0  0]
 [ 0  0  0  0  0  0  0  0  0  0  0  0  0  0  0  0  0  0  0  0]
 [ 0  0  0  0  0  0  0  0  0  0  0  0  0  0  0  0  0  0  0  0]
 [ 0  0  0  0  0  0  0  0  0  0  0  0  0  0  0  0  0  0  0  0]
 [ 0  0  0  0  0  0  0  0  0  0  0  0  0  0  0  0  0  0  0  0]
 [ 0  0  0  0  0  0  0  0  0  0  0  0  0  0  0  0  0  0 13  0]
 [ 0  0  0  0  0  0  0  0  0  0  0  0  0  0  0  0  0  0  0  0]
 [ 0  0  0  0  0  0  0  0  0  0  0  0  0  0  0  0  0  0  0  0]
 [ 0  0  0  0  0  0 13  0  0  0  0  0  0  0  0  0  0  0  0  0]
 [ 0  0  0  0  0  0  0  0  0  0  0  0  0  0  0  0  0  0  0  0]
 [ 0  0  0  0  0  0  0  0  0  0  0  0  0  0  0  0  0  0 10 10]
 [ 0  1  1  0  0  0  0  0  0  0  0 14 14  0  0  0  0  0 10 10]
 [ 0  1  1  0  0  0  0  0  0  0  0 14 14  0  0  0  0  0 10 10]
 [10 10 10 10 10 10 10 10 10 10 10 10 10 10 10 10 10 10 10 10]
 [10 10 10 10 10 10 10 10 10 10 10 10 10 10 10 10 10 10 10 10]]
State: {'lives': 2, 'score': 100, 'coins': 1, 'stage': 1, 'world': 1, 'x_position': 367, 'time': 369, 'dead_timer': 0, 'dead_jump_timer': 0, 'game_over': False}
Frame: [[[255 255 255]
  [255 255 255]
  [255 255 255]
  ...
  [255 255 255]
  [255 255 255]
  [255 255 255]]

 [[255 255 255]
  [224 224 224]
  [170 170 170]
  ...
  [170 170 170]
  [224 224 224]
  [255 255 255]]

 [[255 255 255]
  [179 179 179]
  [ 42  42  42]
  ...
  [ 42  42  42]
  [179 179 179]
  [255 255 255]]

 ...

 [[  0   0   0]
  [  0   0   0]
  [  0   0   0]
  ...
  [  0   0   0]
  [  0   0   0]
  [  0   0   0]]

 [[  0   0   0]
  [  0   0   0]
  [  0   0   0]
  ...
  [  0   0   0]
  [  0   0   0]
  [  0   0   0]]

 [[  0   0   0]
  [  0   0   0]
  [  0   0   0]
  ...
  [  0   0   0]
  [  0   0   0]
  [  0   0   0]]]
Game Area: [[ 0  0  0  0  0  0  0  0  0  0  0  0  0  0  0  0  0  0  0  0]
 [ 0  0  0  0  0  0  0  0  0  0  0  0  0  0  0  0  0  0  0  0]
 [ 0  0  0  0  0  0  0  0  0  0  0  0  0  0  0  0  0  0  0  0]
 [ 0  0  0  0  0  0  0  0  0  0  0  0  0  0  0  0  0  0  0  0]
 [ 0  0  0  0  0  0  0  0  0  0  0  0  0  0  0  0  0  0  0  0]
 [ 0  0  0  0  0  0  0  0  0  0  0  0  0  0  0  0  0  0  0  0]
 [ 0  0  0  0  0  0  0  0  0  0  0  0  0  0  0  0  0  0 13  0]
 [ 0  0  0  0  0  0  0  0  0  0  0  0  0  0  0  0  0  0  0  0]
 [ 0  0  0  0  0  0  0  0  0  0  0  0  0  0  0  0  0  0  0  0]
 [ 0  0  0  0  0  0 13  0  0  0  0  0  0  0  0  0  0  0  0  0]
 [ 0  0  0  0  0  0  0  0  0  0  0  0  0  0  0  0  0  0  0  0]
 [ 0  0  0  0  0  0  0  0  0  0  0  0  0  0  0  0  0  0 10 10]
 [ 0  0  1  1  0  0  0  0  0  0  0 14 14  0  0  0  0  0 10 10]
 [ 0  0  1  1  0  0  0  0  0  0  0 14 14  0  0  0  0  0 10 10]
 [10 10 10 10 10 10 10 10 10 10 10 10 10 10 10 10 10 10 10 10]
 [10 10 10 10 10 10 10 10 10 10 10 10 10 10 10 10 10 10 10 10]]
State: {'lives': 2, 'score': 100, 'coins': 1, 'stage': 1, 'world': 1, 'x_position': 367, 'time': 369, 'dead_timer': 0, 'dead_jump_timer': 0, 'game_over': False}
Frame: [[[255 255 255]
  [255 255 255]
  [255 255 255]
  ...
  [255 255 255]
  [255 255 255]
  [255 255 255]]

 [[255 255 255]
  [224 224 224]
  [170 170 170]
  ...
  [170 170 170]
  [224 224 224]
  [255 255 255]]

 [[255 255 255]
  [179 179 179]
  [ 42  42  42]
  ...
  [ 42  42  42]
  [179 179 179]
  [255 255 255]]

 ...

 [[  0   0   0]
  [  0   0   0]
  [  0   0   0]
  ...
  [  0   0   0]
  [  0   0   0]
  [  0   0   0]]

 [[  0   0   0]
  [  0   0   0]
  [  0   0   0]
  ...
  [  0   0   0]
  [  0   0   0]
  [  0   0   0]]

 [[  0   0   0]
  [  0   0   0]
  [  0   0   0]
  ...
  [  0   0   0]
  [  0   0   0]
  [  0   0   0]]]
Game Area: [[ 0  0  0  0  0  0  0  0  0  0  0  0  0  0  0  0  0  0  0  0]
 [ 0  0  0  0  0  0  0  0  0  0  0  0  0  0  0  0  0  0  0  0]
 [ 0  0  0  0  0  0  0  0  0  0  0  0  0  0  0  0  0  0  0  0]
 [ 0  0  0  0  0  0  0  0  0  0  0  0  0  0  0  0  0  0  0  0]
 [ 0  0  0  0  0  0  0  0  0  0  0  0  0  0  0  0  0  0  0  0]
 [ 0  0  0  0  0  0  0  0  0  0  0  0  0  0  0  0  0  0  0  0]
 [ 0  0  0  0  0  0  0  0  0  0  0  0  0  0  0  0  0  0 13  0]
 [ 0  0  0  0  0  0  0  0  0  0  0  0  0  0  0  0  0  0  0  0]
 [ 0  0  0  0  0  0  0  0  0  0  0  0  0  0  0  0  0  0  0  0]
 [ 0  0  0  0  0  0 13  0  0  0  0  0  0  0  0  0  0  0  0  0]
 [ 0  0  0  0  0  0  0  0  0  0  0  0  0  0  0  0  0  0  0  0]
 [ 0  0  0  0  0  0  0  0  0  0  0  0  0  0  0  0  0  0 10 10]
 [ 0  0  1  1  0  0  0  0  0  0  0 14 14  0  0  0  0  0 10 10]
 [ 0  0  1  1  0  0  0  0  0  0  0 14 14  0  0  0  0  0 10 10]
 [10 10 10 10 10 10 10 10 10 10 10 10 10 10 10 10 10 10 10 10]
 [10 10 10 10 10 10 10 10 10 10 10 10 10 10 10 10 10 10 10 10]]
State: {'lives': 2, 'score': 100, 'coins': 1, 'stage': 1, 'world': 1, 'x_position': 360, 'time': 368, 'dead_timer': 0, 'dead_jump_timer': 0, 'game_over': False}
Frame: [[[255 255 255]
  [255 255 255]
  [255 255 255]
  ...
  [255 255 255]
  [255 255 255]
  [255 255 255]]

 [[255 255 255]
  [224 224 224]
  [170 170 170]
  ...
  [170 170 170]
  [224 224 224]
  [255 255 255]]

 [[255 255 255]
  [179 179 179]
  [ 42  42  42]
  ...
  [ 42  42  42]
  [179 179 179]
  [255 255 255]]

 ...

 [[  0   0   0]
  [  0   0   0]
  [  0   0   0]
  ...
  [  0   0   0]
  [  0   0   0]
  [  0   0   0]]

 [[  0   0   0]
  [  0   0   0]
  [  0   0   0]
  ...
  [  0   0   0]
  [  0   0   0]
  [  0   0   0]]

 [[  0   0   0]
  [  0   0   0]
  [  0   0   0]
  ...
  [  0   0   0]
  [  0   0   0]
  [  0   0   0]]]
Game Area: [[ 0  0  0  0  0  0  0  0  0  0  0  0  0  0  0  0  0  0  0  0]
 [ 0  0  0  0  0  0  0  0  0  0  0  0  0  0  0  0  0  0  0  0]
 [ 0  0  0  0  0  0  0  0  0  0  0  0  0  0  0  0  0  0  0  0]
 [ 0  0  0  0  0  0  0  0  0  0  0  0  0  0  0  0  0  0  0  0]
 [ 0  0  0  0  0  0  0  0  0  0  0  0  0  0  0  0  0  0  0  0]
 [ 0  0  0  0  0  0  0  0  0  0  0  0  0  0  0  0  0  0  0  0]
 [ 0  0  0  0  0  0  0  0  0  0  0  0  0  0  0  0  0  0 13  0]
 [ 0  0  0  0  0  0  0  0  0  0  0  0  0  0  0  0  0  0  0  0]
 [ 0  0  0  0  0  0  0  0  0  0  0  0  0  0  0  0  0  0  0  0]
 [ 0  0  0  0  0  0 13  0  0  0  0  0  0  0  0  0  0  0  0  0]
 [ 0  0  0  0  0  0  0  0  0  0  0  0  0  0  0  0  0  0  0  0]
 [ 0  0  0  0  0  0  0  0  0  0  0  0  0  0  0  0  0  0 10 10]
 [ 0  1  1  0  0  0  0  0  0  0  0 14 14  0  0  0  0  0 10 10]
 [ 0  1  1  0  0  0  0  0  0  0  0 14 14  0  0  0  0  0 10 10]
 [10 10 10 10 10 10 10 10 10 10 10 10 10 10 10 10 10 10 10 10]
 [10 10 10 10 10 10 10 10 10 10 10 10 10 10 10 10 10 10 10 10]]
State: {'lives': 2, 'score': 100, 'coins': 1, 'stage': 1, 'world': 1, 'x_position': 357, 'time': 368, 'dead_timer': 0, 'dead_jump_timer': 0, 'game_over': False}
Frame: [[[255 255 255]
  [255 255 255]
  [255 255 255]
  ...
  [255 255 255]
  [255 255 255]
  [255 255 255]]

 [[255 255 255]
  [224 224 224]
  [170 170 170]
  ...
  [170 170 170]
  [224 224 224]
  [255 255 255]]

 [[255 255 255]
  [179 179 179]
  [ 42  42  42]
  ...
  [ 42  42  42]
  [179 179 179]
  [255 255 255]]

 ...

 [[  0   0   0]
  [  0   0   0]
  [  0   0   0]
  ...
  [  0   0   0]
  [  0   0   0]
  [  0   0   0]]

 [[  0   0   0]
  [  0   0   0]
  [  0   0   0]
  ...
  [  0   0   0]
  [  0   0   0]
  [  0   0   0]]

 [[  0   0   0]
  [  0   0   0]
  [  0   0   0]
  ...
  [  0   0   0]
  [  0   0   0]
  [  0   0   0]]]
Game Area: [[ 0  0  0  0  0  0  0  0  0  0  0  0  0  0  0  0  0  0  0  0]
 [ 0  0  0  0  0  0  0  0  0  0  0  0  0  0  0  0  0  0  0  0]
 [ 0  0  0  0  0  0  0  0  0  0  0  0  0  0  0  0  0  0  0  0]
 [ 0  0  0  0  0  0  0  0  0  0  0  0  0  0  0  0  0  0  0  0]
 [ 0  0  0  0  0  0  0  0  0  0  0  0  0  0  0  0  0  0  0  0]
 [ 0  0  0  0  0  0  0  0  0  0  0  0  0  0  0  0  0  0  0  0]
 [ 0  0  0  0  0  0  0  0  0  0  0  0  0  0  0  0  0  0 13  0]
 [ 0  0  0  0  0  0  0  0  0  0  0  0  0  0  0  0  0  0  0  0]
 [ 0  0  0  0  0  0  0  0  0  0  0  0  0  0  0  0  0  0  0  0]
 [ 0  0  0  0  0  0 13  0  0  0  0  0  0  0  0  0  0  0  0  0]
 [ 0  0  0  0  0  0  0  0  0  0  0  0  0  0  0  0  0  0  0  0]
 [ 0  0  0  0  0  0  0  0  0  0  0  0  0  0  0  0  0  0 10 10]
 [ 0  1  1  0  0  0  0  0  0  0  0 14 14  0  0  0  0  0 10 10]
 [ 0  1  1  0  0  0  0  0  0  0  0 14 14  0  0  0  0  0 10 10]
 [10 10 10 10 10 10 10 10 10 10 10 10 10 10 10 10 10 10 10 10]
 [10 10 10 10 10 10 10 10 10 10 10 10 10 10 10 10 10 10 10 10]]
State: {'lives': 2, 'score': 100, 'coins': 1, 'stage': 1, 'world': 1, 'x_position': 364, 'time': 368, 'dead_timer': 0, 'dead_jump_timer': 0, 'game_over': False}
Frame: [[[255 255 255]
  [255 255 255]
  [255 255 255]
  ...
  [255 255 255]
  [255 255 255]
  [255 255 255]]

 [[255 255 255]
  [224 224 224]
  [170 170 170]
  ...
  [170 170 170]
  [224 224 224]
  [255 255 255]]

 [[255 255 255]
  [179 179 179]
  [ 42  42  42]
  ...
  [ 42  42  42]
  [179 179 179]
  [255 255 255]]

 ...

 [[  0   0   0]
  [  0   0   0]
  [  0   0   0]
  ...
  [  0   0   0]
  [  0   0   0]
  [  0   0   0]]

 [[  0   0   0]
  [  0   0   0]
  [  0   0   0]
  ...
  [  0   0   0]
  [  0   0   0]
  [  0   0   0]]

 [[  0   0   0]
  [  0   0   0]
  [  0   0   0]
  ...
  [  0   0   0]
  [  0   0   0]
  [  0   0   0]]]
Game Area: [[ 0  0  0  0  0  0  0  0  0  0  0  0  0  0  0  0  0  0  0  0]
 [ 0  0  0  0  0  0  0  0  0  0  0  0  0  0  0  0  0  0  0  0]
 [ 0  0  0  0  0  0  0  0  0  0  0  0  0  0  0  0  0  0  0  0]
 [ 0  0  0  0  0  0  0  0  0  0  0  0  0  0  0  0  0  0  0  0]
 [ 0  0  0  0  0  0  0  0  0  0  0  0  0  0  0  0  0  0  0  0]
 [ 0  0  0  0  0  0  0  0  0  0  0  0  0  0  0  0  0  0  0  0]
 [ 0  0  0  0  0  0  0  0  0  0  0  0  0  0  0  0  0  0 13  0]
 [ 0  0  0  0  0  0  0  0  0  0  0  0  0  0  0  0  0  0  0  0]
 [ 0  0  0  0  0  0  0  0  0  0  0  0  0  0  0  0  0  0  0  0]
 [ 0  0  0  0  0  0 13  0  0  0  0  0  0  0  0  0  0  0  0  0]
 [ 0  0  0  0  0  0  0  0  0  0  0  0  0  0  0  0  0  0  0  0]
 [ 0  0  0  0  0  0  0  0  0  0  0  0  0  0  0  0  0  0 10 10]
 [ 0  1  1  0  0  0  0  0  0  0  0 14 14  0  0  0  0  0 10 10]
 [ 0  1  1  0  0  0  0  0  0  0  0 14 14  0  0  0  0  0 10 10]
 [10 10 10 10 10 10 10 10 10 10 10 10 10 10 10 10 10 10 10 10]
 [10 10 10 10 10 10 10 10 10 10 10 10 10 10 10 10 10 10 10 10]]
State: {'lives': 2, 'score': 100, 'coins': 1, 'stage': 1, 'world': 1, 'x_position': 369, 'time': 368, 'dead_timer': 0, 'dead_jump_timer': 0, 'game_over': False}
Frame: [[[255 255 255]
  [255 255 255]
  [255 255 255]
  ...
  [255 255 255]
  [255 255 255]
  [255 255 255]]

 [[255 255 255]
  [224 224 224]
  [170 170 170]
  ...
  [170 170 170]
  [224 224 224]
  [255 255 255]]

 [[255 255 255]
  [179 179 179]
  [ 42  42  42]
  ...
  [ 42  42  42]
  [179 179 179]
  [255 255 255]]

 ...

 [[  0   0   0]
  [  0   0   0]
  [  0   0   0]
  ...
  [  0   0   0]
  [  0   0   0]
  [  0   0   0]]

 [[  0   0   0]
  [  0   0   0]
  [  0   0   0]
  ...
  [  0   0   0]
  [  0   0   0]
  [  0   0   0]]

 [[  0   0   0]
  [  0   0   0]
  [  0   0   0]
  ...
  [  0   0   0]
  [  0   0   0]
  [  0   0   0]]]
Game Area: [[ 0  0  0  0  0  0  0  0  0  0  0  0  0  0  0  0  0  0  0  0]
 [ 0  0  0  0  0  0  0  0  0  0  0  0  0  0  0  0  0  0  0  0]
 [ 0  0  0  0  0  0  0  0  0  0  0  0  0  0  0  0  0  0  0  0]
 [ 0  0  0  0  0  0  0  0  0  0  0  0  0  0  0  0  0  0  0  0]
 [ 0  0  0  0  0  0  0  0  0  0  0  0  0  0  0  0  0  0  0  0]
 [ 0  0  0  0  0  0  0  0  0  0  0  0  0  0  0  0  0  0  0  0]
 [ 0  0  0  0  0  0  0  0  0  0  0  0  0  0  0  0  0  0 13  0]
 [ 0  0  0  0  0  0  0  0  0  0  0  0  0  0  0  0  0  0  0  0]
 [ 0  0  0  0  0  0  0  0  0  0  0  0  0  0  0  0  0  0  0  0]
 [ 0  0  1  1  0  0 13  0  0  0  0  0  0  0  0  0  0  0  0  0]
 [ 0  0  1  1  0  0  0  0  0  0  0  0  0  0  0  0  0  0  0  0]
 [ 0  0  0  0  0  0  0  0  0  0  0  0  0  0  0  0  0  0 10 10]
 [ 0  0  0  0  0  0  0  0  0  0  0 14 14  0  0  0  0  0 10 10]
 [ 0  0  0  0  0  0  0  0  0  0  0 14 14  0  0  0  0  0 10 10]
 [10 10 10 10 10 10 10 10 10 10 10 10 10 10 10 10 10 10 10 10]
 [10 10 10 10 10 10 10 10 10 10 10 10 10 10 10 10 10 10 10 10]]
State: {'lives': 2, 'score': 100, 'coins': 1, 'stage': 1, 'world': 1, 'x_position': 374, 'time': 367, 'dead_timer': 0, 'dead_jump_timer': 0, 'game_over': False}
Frame: [[[255 255 255]
  [255 255 255]
  [255 255 255]
  ...
  [255 255 255]
  [255 255 255]
  [255 255 255]]

 [[255 255 255]
  [224 224 224]
  [170 170 170]
  ...
  [170 170 170]
  [224 224 224]
  [255 255 255]]

 [[255 255 255]
  [179 179 179]
  [ 42  42  42]
  ...
  [ 42  42  42]
  [179 179 179]
  [255 255 255]]

 ...

 [[  0   0   0]
  [  0   0   0]
  [  0   0   0]
  ...
  [  0   0   0]
  [  0   0   0]
  [  0   0   0]]

 [[  0   0   0]
  [  0   0   0]
  [  0   0   0]
  ...
  [  0   0   0]
  [  0   0   0]
  [  0   0   0]]

 [[  0   0   0]
  [  0   0   0]
  [  0   0   0]
  ...
  [  0   0   0]
  [  0   0   0]
  [  0   0   0]]]
Game Area: [[ 0  0  0  0  0  0  0  0  0  0  0  0  0  0  0  0  0  0  0  0]
 [ 0  0  0  0  0  0  0  0  0  0  0  0  0  0  0  0  0  0  0  0]
 [ 0  0  0  0  0  0  0  0  0  0  0  0  0  0  0  0  0  0  0  0]
 [ 0  0  0  0  0  0  0  0  0  0  0  0  0  0  0  0  0  0  0  0]
 [ 0  0  0  0  0  0  0  0  0  0  0  0  0  0  0  0  0  0  0  0]
 [ 0  0  0  0  0  0  0  0  0  0  0  0  0  0  0  0  0  0  0  0]
 [ 0  0  0  0  0  0  0  0  0  0  0  0  0  0  0  0  0  0 13  0]
 [ 0  0  0  0  0  0  0  0  0  0  0  0  0  0  0  0  0  0  0  0]
 [ 0  0  0  1  1  0  0  0  0  0  0  0  0  0  0  0  0  0  0  0]
 [ 0  0  0  1  1  0 13  0  0  0  0  0  0  0  0  0  0  0  0  0]
 [ 0  0  0  0  0  0  0  0  0  0  0  0  0  0  0  0  0  0  0  0]
 [ 0  0  0  0  0  0  0  0  0  0  0  0  0  0  0  0  0  0 10 10]
 [ 0  0  0  0  0  0  0  0  0  0  0 14 14  0  0  0  0  0 10 10]
 [ 0  0  0  0  0  0  0  0  0  0  0 14 14  0  0  0  0  0 10 10]
 [10 10 10 10 10 10 10 10 10 10 10 10 10 10 10 10 10 10 10 10]
 [10 10 10 10 10 10 10 10 10 10 10 10 10 10 10 10 10 10 10 10]]
State: {'lives': 2, 'score': 100, 'coins': 1, 'stage': 1, 'world': 1, 'x_position': 379, 'time': 367, 'dead_timer': 0, 'dead_jump_timer': 0, 'game_over': False}
Frame: [[[255 255 255]
  [255 255 255]
  [255 255 255]
  ...
  [255 255 255]
  [255 255 255]
  [255 255 255]]

 [[255 255 255]
  [224 224 224]
  [170 170 170]
  ...
  [170 170 170]
  [224 224 224]
  [255 255 255]]

 [[255 255 255]
  [179 179 179]
  [ 42  42  42]
  ...
  [ 42  42  42]
  [179 179 179]
  [255 255 255]]

 ...

 [[  0   0   0]
  [  0   0   0]
  [  0   0   0]
  ...
  [  0   0   0]
  [  0   0   0]
  [  0   0   0]]

 [[  0   0   0]
  [  0   0   0]
  [  0   0   0]
  ...
  [  0   0   0]
  [  0   0   0]
  [  0   0   0]]

 [[  0   0   0]
  [  0   0   0]
  [  0   0   0]
  ...
  [  0   0   0]
  [  0   0   0]
  [  0   0   0]]]
Game Area: [[ 0  0  0  0  0  0  0  0  0  0  0  0  0  0  0  0  0  0  0  0]
 [ 0  0  0  0  0  0  0  0  0  0  0  0  0  0  0  0  0  0  0  0]
 [ 0  0  0  0  0  0  0  0  0  0  0  0  0  0  0  0  0  0  0  0]
 [ 0  0  0  0  0  0  0  0  0  0  0  0  0  0  0  0  0  0  0  0]
 [ 0  0  0  0  0  0  0  0  0  0  0  0  0  0  0  0  0  0  0  0]
 [ 0  0  0  0  0  0  0  0  0  0  0  0  0  0  0  0  0  0  0  0]
 [ 0  0  0  0  0  0  0  0  0  0  0  0  0  0  0  0  0  0 13  0]
 [ 0  0  0  0  0  0  0  0  0  0  0  0  0  0  0  0  0  0  0  0]
 [ 0  0  0  1  1  0  0  0  0  0  0  0  0  0  0  0  0  0  0  0]
 [ 0  0  0  1  1  0 13  0  0  0  0  0  0  0  0  0  0  0  0  0]
 [ 0  0  0  0  0  0  0  0  0  0  0  0  0  0  0  0  0  0  0  0]
 [ 0  0  0  0  0  0  0  0  0  0  0  0  0  0  0  0  0  0 10 10]
 [ 0  0  0  0  0  0  0  0  0  0  0 14 14  0  0  0  0  0 10 10]
 [ 0  0  0  0  0  0  0  0  0  0  0 14 14  0  0  0  0  0 10 10]
 [10 10 10 10 10 10 10 10 10 10 10 10 10 10 10 10 10 10 10 10]
 [10 10 10 10 10 10 10 10 10 10 10 10 10 10 10 10 10 10 10 10]]
State: {'lives': 2, 'score': 100, 'coins': 1, 'stage': 1, 'world': 1, 'x_position': 384, 'time': 367, 'dead_timer': 0, 'dead_jump_timer': 0, 'game_over': False}
Frame: [[[255 255 255]
  [255 255 255]
  [255 255 255]
  ...
  [255 255 255]
  [255 255 255]
  [255 255 255]]

 [[255 255 255]
  [224 224 224]
  [170 170 170]
  ...
  [170 170 170]
  [224 224 224]
  [255 255 255]]

 [[255 255 255]
  [179 179 179]
  [ 42  42  42]
  ...
  [ 42  42  42]
  [179 179 179]
  [255 255 255]]

 ...

 [[  0   0   0]
  [  0   0   0]
  [  0   0   0]
  ...
  [  0   0   0]
  [  0   0   0]
  [  0   0   0]]

 [[  0   0   0]
  [  0   0   0]
  [  0   0   0]
  ...
  [  0   0   0]
  [  0   0   0]
  [  0   0   0]]

 [[  0   0   0]
  [  0   0   0]
  [  0   0   0]
  ...
  [  0   0   0]
  [  0   0   0]
  [  0   0   0]]]
Game Area: [[ 0  0  0  0  0  0  0  0  0  0  0  0  0  0  0  0  0  0  0  0]
 [ 0  0  0  0  0  0  0  0  0  0  0  0  0  0  0  0  0  0  0  0]
 [ 0  0  0  0  0  0  0  0  0  0  0  0  0  0  0  0  0  0  0  0]
 [ 0  0  0  0  0  0  0  0  0  0  0  0  0  0  0  0  0  0  0  0]
 [ 0  0  0  0  0  0  0  0  0  0  0  0  0  0  0  0  0  0  0  0]
 [ 0  0  0  0  0  0  0  0  0  0  0  0  0  0  0  0  0  0  0  0]
 [ 0  0  0  0  0  0  0  0  0  0  0  0  0  0  0  0  0  0 13  0]
 [ 0  0  0  0  0  0  0  0  0  0  0  0  0  0  0  0  0  0  0  0]
 [ 0  0  0  0  0  0  0  0  0  0  0  0  0  0  0  0  0  0  0  0]
 [ 0  0  0  0  0  0 13  0  0  0  0  0  0  0  0  0  0  0  0  0]
 [ 0  0  0  0  1  1  0  0  0  0  0  0  0  0  0  0  0  0  0  0]
 [ 0  0  0  0  1  1  0  0  0  0  0  0  0  0  0  0  0  0 10 10]
 [ 0  0  0  0  0  0  0  0  0  0  0 14 14  0  0  0  0  0 10 10]
 [ 0  0  0  0  0  0  0  0  0  0  0 14 14  0  0  0  0  0 10 10]
 [10 10 10 10 10 10 10 10 10 10 10 10 10 10 10 10 10 10 10 10]
 [10 10 10 10 10 10 10 10 10 10 10 10 10 10 10 10 10 10 10 10]]
State: {'lives': 2, 'score': 100, 'coins': 1, 'stage': 1, 'world': 1, 'x_position': 388, 'time': 367, 'dead_timer': 0, 'dead_jump_timer': 0, 'game_over': False}
Frame: [[[255 255 255]
  [255 255 255]
  [255 255 255]
  ...
  [255 255 255]
  [255 255 255]
  [255 255 255]]

 [[255 255 255]
  [224 224 224]
  [170 170 170]
  ...
  [170 170 170]
  [224 224 224]
  [255 255 255]]

 [[255 255 255]
  [179 179 179]
  [ 42  42  42]
  ...
  [ 42  42  42]
  [179 179 179]
  [255 255 255]]

 ...

 [[  0   0   0]
  [  0   0   0]
  [  0   0   0]
  ...
  [  0   0   0]
  [  0   0   0]
  [  0   0   0]]

 [[  0   0   0]
  [  0   0   0]
  [  0   0   0]
  ...
  [  0   0   0]
  [  0   0   0]
  [  0   0   0]]

 [[  0   0   0]
  [  0   0   0]
  [  0   0   0]
  ...
  [  0   0   0]
  [  0   0   0]
  [  0   0   0]]]
Game Area: [[ 0  0  0  0  0  0  0  0  0  0  0  0  0  0  0  0  0  0  0  0]
 [ 0  0  0  0  0  0  0  0  0  0  0  0  0  0  0  0  0  0  0  0]
 [ 0  0  0  0  0  0  0  0  0  0  0  0  0  0  0  0  0  0  0  0]
 [ 0  0  0  0  0  0  0  0  0  0  0  0  0  0  0  0  0  0  0  0]
 [ 0  0  0  0  0  0  0  0  0  0  0  0  0  0  0  0  0  0  0  0]
 [ 0  0  0  0  0  0  0  0  0  0  0  0  0  0  0  0  0  0  0  0]
 [ 0  0  0  0  0  0  0  0  0  0  0  0  0  0  0  0  0  0 13  0]
 [ 0  0  0  0  0  0  0  0  0  0  0  0  0  0  0  0  0  0  0  0]
 [ 0  0  0  0  0  0  0  0  0  0  0  0  0  0  0  0  0  0  0  0]
 [ 0  0  0  0  0  0 13  0  0  0  0  0  0  0  0  0  0  0  0  0]
 [ 0  0  0  0  0  0  0  0  0  0  0  0  0  0  0  0  0  0  0  0]
 [ 0  0  0  0  0  0  0  0  0  0  0  0  0  0  0  0  0  0 10 10]
 [ 0  0  0  0  0  1  1  0  0  0  0 14 14  0  0  0  0  0 10 10]
 [ 0  0  0  0  0  1  1  0  0  0  0 14 14  0  0  0  0  0 10 10]
 [10 10 10 10 10 10 10 10 10 10 10 10 10 10 10 10 10 10 10 10]
 [10 10 10 10 10 10 10 10 10 10 10 10 10 10 10 10 10 10 10 10]]
State: {'lives': 2, 'score': 100, 'coins': 1, 'stage': 1, 'world': 1, 'x_position': 388, 'time': 366, 'dead_timer': 0, 'dead_jump_timer': 0, 'game_over': False}
Frame: [[[255 255 255]
  [255 255 255]
  [255 255 255]
  ...
  [255 255 255]
  [255 255 255]
  [255 255 255]]

 [[255 255 255]
  [224 224 224]
  [170 170 170]
  ...
  [170 170 170]
  [224 224 224]
  [255 255 255]]

 [[255 255 255]
  [179 179 179]
  [ 42  42  42]
  ...
  [ 42  42  42]
  [179 179 179]
  [255 255 255]]

 ...

 [[  0   0   0]
  [  0   0   0]
  [  0   0   0]
  ...
  [  0   0   0]
  [  0   0   0]
  [  0   0   0]]

 [[  0   0   0]
  [  0   0   0]
  [  0   0   0]
  ...
  [  0   0   0]
  [  0   0   0]
  [  0   0   0]]

 [[  0   0   0]
  [  0   0   0]
  [  0   0   0]
  ...
  [  0   0   0]
  [  0   0   0]
  [  0   0   0]]]
Game Area: [[ 0  0  0  0  0  0  0  0  0  0  0  0  0  0  0  0  0  0  0  0]
 [ 0  0  0  0  0  0  0  0  0  0  0  0  0  0  0  0  0  0  0  0]
 [ 0  0  0  0  0  0  0  0  0  0  0  0  0  0  0  0  0  0  0  0]
 [ 0  0  0  0  0  0  0  0  0  0  0  0  0  0  0  0  0  0  0  0]
 [ 0  0  0  0  0  0  0  0  0  0  0  0  0  0  0  0  0  0  0  0]
 [ 0  0  0  0  0  0  0  0  0  0  0  0  0  0  0  0  0  0  0  0]
 [ 0  0  0  0  0  0  0  0  0  0  0  0  0  0  0  0  0  0 13  0]
 [ 0  0  0  0  0  0  0  0  0  0  0  0  0  0  0  0  0  0  0  0]
 [ 0  0  0  0  0  0  0  0  0  0  0  0  0  0  0  0  0  0  0  0]
 [ 0  0  0  0  0  0 13  0  0  0  0  0  0  0  0  0  0  0  0  0]
 [ 0  0  0  0  0  0  0  0  0  0  0  0  0  0  0  0  0  0  0  0]
 [ 0  0  0  0  0  0  0  0  0  0  0  0  0  0  0  0  0  0 10 10]
 [ 0  0  0  0  0  1  1  0  0  0  0 14 14  0  0  0  0  0 10 10]
 [ 0  0  0  0  0  1  1  0  0  0  0 14 14  0  0  0  0  0 10 10]
 [10 10 10 10 10 10 10 10 10 10 10 10 10 10 10 10 10 10 10 10]
 [10 10 10 10 10 10 10 10 10 10 10 10 10 10 10 10 10 10 10 10]]
State: {'lives': 2, 'score': 100, 'coins': 1, 'stage': 1, 'world': 1, 'x_position': 388, 'time': 366, 'dead_timer': 0, 'dead_jump_timer': 0, 'game_over': False}
Frame: [[[255 255 255]
  [255 255 255]
  [255 255 255]
  ...
  [255 255 255]
  [255 255 255]
  [255 255 255]]

 [[255 255 255]
  [224 224 224]
  [170 170 170]
  ...
  [170 170 170]
  [224 224 224]
  [255 255 255]]

 [[255 255 255]
  [179 179 179]
  [ 42  42  42]
  ...
  [ 42  42  42]
  [179 179 179]
  [255 255 255]]

 ...

 [[  0   0   0]
  [  0   0   0]
  [  0   0   0]
  ...
  [  0   0   0]
  [  0   0   0]
  [  0   0   0]]

 [[  0   0   0]
  [  0   0   0]
  [  0   0   0]
  ...
  [  0   0   0]
  [  0   0   0]
  [  0   0   0]]

 [[  0   0   0]
  [  0   0   0]
  [  0   0   0]
  ...
  [  0   0   0]
  [  0   0   0]
  [  0   0   0]]]
Game Area: [[ 0  0  0  0  0  0  0  0  0  0  0  0  0  0  0  0  0  0  0  0]
 [ 0  0  0  0  0  0  0  0  0  0  0  0  0  0  0  0  0  0  0  0]
 [ 0  0  0  0  0  0  0  0  0  0  0  0  0  0  0  0  0  0  0  0]
 [ 0  0  0  0  0  0  0  0  0  0  0  0  0  0  0  0  0  0  0  0]
 [ 0  0  0  0  0  0  0  0  0  0  0  0  0  0  0  0  0  0  0  0]
 [ 0  0  0  0  0  0  0  0  0  0  0  0  0  0  0  0  0  0  0  0]
 [ 0  0  0  0  0  0  0  0  0  0  0  0  0  0  0  0  0  0 13  0]
 [ 0  0  0  0  0  0  0  0  0  0  0  0  0  0  0  0  0  0  0  0]
 [ 0  0  0  0  0  0  0  0  0  0  0  0  0  0  0  0  0  0  0  0]
 [ 0  0  0  0  0  0 13  0  0  0  0  0  0  0  0  0  0  0  0  0]
 [ 0  0  0  0  0  0  0  0  0  0  0  0  0  0  0  0  0  0  0  0]
 [ 0  0  0  0  0  0  0  0  0  0  0  0  0  0  0  0  0  0 10 10]
 [ 0  0  0  0  0  1  1  0  0  0  0 14 14  0  0  0  0  0 10 10]
 [ 0  0  0  0  0  1  1  0  0  0  0 14 14  0  0  0  0  0 10 10]
 [10 10 10 10 10 10 10 10 10 10 10 10 10 10 10 10 10 10 10 10]
 [10 10 10 10 10 10 10 10 10 10 10 10 10 10 10 10 10 10 10 10]]
State: {'lives': 2, 'score': 100, 'coins': 1, 'stage': 1, 'world': 1, 'x_position': 381, 'time': 366, 'dead_timer': 0, 'dead_jump_timer': 0, 'game_over': False}
Frame: [[[255 255 255]
  [255 255 255]
  [255 255 255]
  ...
  [255 255 255]
  [255 255 255]
  [255 255 255]]

 [[255 255 255]
  [224 224 224]
  [170 170 170]
  ...
  [170 170 170]
  [224 224 224]
  [255 255 255]]

 [[255 255 255]
  [179 179 179]
  [ 42  42  42]
  ...
  [ 42  42  42]
  [179 179 179]
  [255 255 255]]

 ...

 [[  0   0   0]
  [  0   0   0]
  [  0   0   0]
  ...
  [  0   0   0]
  [  0   0   0]
  [  0   0   0]]

 [[  0   0   0]
  [  0   0   0]
  [  0   0   0]
  ...
  [  0   0   0]
  [  0   0   0]
  [  0   0   0]]

 [[  0   0   0]
  [  0   0   0]
  [  0   0   0]
  ...
  [  0   0   0]
  [  0   0   0]
  [  0   0   0]]]
Game Area: [[ 0  0  0  0  0  0  0  0  0  0  0  0  0  0  0  0  0  0  0  0]
 [ 0  0  0  0  0  0  0  0  0  0  0  0  0  0  0  0  0  0  0  0]
 [ 0  0  0  0  0  0  0  0  0  0  0  0  0  0  0  0  0  0  0  0]
 [ 0  0  0  0  0  0  0  0  0  0  0  0  0  0  0  0  0  0  0  0]
 [ 0  0  0  0  0  0  0  0  0  0  0  0  0  0  0  0  0  0  0  0]
 [ 0  0  0  0  0  0  0  0  0  0  0  0  0  0  0  0  0  0  0  0]
 [ 0  0  0  0  0  0  0  0  0  0  0  0  0  0  0  0  0  0 13  0]
 [ 0  0  0  0  0  0  0  0  0  0  0  0  0  0  0  0  0  0  0  0]
 [ 0  0  0  0  0  0  0  0  0  0  0  0  0  0  0  0  0  0  0  0]
 [ 0  0  0  0  0  0 13  0  0  0  0  0  0  0  0  0  0  0  0  0]
 [ 0  0  0  0  0  0  0  0  0  0  0  0  0  0  0  0  0  0  0  0]
 [ 0  0  0  0  0  0  0  0  0  0  0  0  0  0  0  0  0  0 10 10]
 [ 0  0  0  0  1  1  0  0  0  0  0 14 14  0  0  0  0  0 10 10]
 [ 0  0  0  0  1  1  0  0  0  0  0 14 14  0  0  0  0  0 10 10]
 [10 10 10 10 10 10 10 10 10 10 10 10 10 10 10 10 10 10 10 10]
 [10 10 10 10 10 10 10 10 10 10 10 10 10 10 10 10 10 10 10 10]]
State: {'lives': 2, 'score': 100, 'coins': 1, 'stage': 1, 'world': 1, 'x_position': 378, 'time': 366, 'dead_timer': 0, 'dead_jump_timer': 0, 'game_over': False}
Frame: [[[255 255 255]
  [255 255 255]
  [255 255 255]
  ...
  [255 255 255]
  [255 255 255]
  [255 255 255]]

 [[255 255 255]
  [224 224 224]
  [170 170 170]
  ...
  [170 170 170]
  [224 224 224]
  [255 255 255]]

 [[255 255 255]
  [179 179 179]
  [ 42  42  42]
  ...
  [ 42  42  42]
  [179 179 179]
  [255 255 255]]

 ...

 [[  0   0   0]
  [  0   0   0]
  [  0   0   0]
  ...
  [  0   0   0]
  [  0   0   0]
  [  0   0   0]]

 [[  0   0   0]
  [  0   0   0]
  [  0   0   0]
  ...
  [  0   0   0]
  [  0   0   0]
  [  0   0   0]]

 [[  0   0   0]
  [  0   0   0]
  [  0   0   0]
  ...
  [  0   0   0]
  [  0   0   0]
  [  0   0   0]]]
Game Area: [[ 0  0  0  0  0  0  0  0  0  0  0  0  0  0  0  0  0  0  0  0]
 [ 0  0  0  0  0  0  0  0  0  0  0  0  0  0  0  0  0  0  0  0]
 [ 0  0  0  0  0  0  0  0  0  0  0  0  0  0  0  0  0  0  0  0]
 [ 0  0  0  0  0  0  0  0  0  0  0  0  0  0  0  0  0  0  0  0]
 [ 0  0  0  0  0  0  0  0  0  0  0  0  0  0  0  0  0  0  0  0]
 [ 0  0  0  0  0  0  0  0  0  0  0  0  0  0  0  0  0  0  0  0]
 [ 0  0  0  0  0  0  0  0  0  0  0  0  0  0  0  0  0  0 13  0]
 [ 0  0  0  0  0  0  0  0  0  0  0  0  0  0  0  0  0  0  0  0]
 [ 0  0  0  0  0  0  0  0  0  0  0  0  0  0  0  0  0  0  0  0]
 [ 0  0  0  0  0  0 13  0  0  0  0  0  0  0  0  0  0  0  0  0]
 [ 0  0  0  0  0  0  0  0  0  0  0  0  0  0  0  0  0  0  0  0]
 [ 0  0  0  0  0  0  0  0  0  0  0  0  0  0  0  0  0  0 10 10]
 [ 0  0  0  1  1  0  0  0  0  0  0 14 14  0  0  0  0  0 10 10]
 [ 0  0  0  1  1  0  0  0  0  0  0 14 14  0  0  0  0  0 10 10]
 [10 10 10 10 10 10 10 10 10 10 10 10 10 10 10 10 10 10 10 10]
 [10 10 10 10 10 10 10 10 10 10 10 10 10 10 10 10 10 10 10 10]]
State: {'lives': 2, 'score': 100, 'coins': 1, 'stage': 1, 'world': 1, 'x_position': 378, 'time': 365, 'dead_timer': 0, 'dead_jump_timer': 0, 'game_over': False}
Frame: [[[255 255 255]
  [255 255 255]
  [255 255 255]
  ...
  [255 255 255]
  [255 255 255]
  [255 255 255]]

 [[255 255 255]
  [224 224 224]
  [170 170 170]
  ...
  [170 170 170]
  [224 224 224]
  [255 255 255]]

 [[255 255 255]
  [179 179 179]
  [ 42  42  42]
  ...
  [ 42  42  42]
  [179 179 179]
  [255 255 255]]

 ...

 [[  0   0   0]
  [  0   0   0]
  [  0   0   0]
  ...
  [  0   0   0]
  [  0   0   0]
  [  0   0   0]]

 [[  0   0   0]
  [  0   0   0]
  [  0   0   0]
  ...
  [  0   0   0]
  [  0   0   0]
  [  0   0   0]]

 [[  0   0   0]
  [  0   0   0]
  [  0   0   0]
  ...
  [  0   0   0]
  [  0   0   0]
  [  0   0   0]]]
Game Area: [[ 0  0  0  0  0  0  0  0  0  0  0  0  0  0  0  0  0  0  0  0]
 [ 0  0  0  0  0  0  0  0  0  0  0  0  0  0  0  0  0  0  0  0]
 [ 0  0  0  0  0  0  0  0  0  0  0  0  0  0  0  0  0  0  0  0]
 [ 0  0  0  0  0  0  0  0  0  0  0  0  0  0  0  0  0  0  0  0]
 [ 0  0  0  0  0  0  0  0  0  0  0  0  0  0  0  0  0  0  0  0]
 [ 0  0  0  0  0  0  0  0  0  0  0  0  0  0  0  0  0  0  0  0]
 [ 0  0  0  0  0  0  0  0  0  0  0  0  0  0  0  0  0  0 13  0]
 [ 0  0  0  0  0  0  0  0  0  0  0  0  0  0  0  0  0  0  0  0]
 [ 0  0  0  0  0  0  0  0  0  0  0  0  0  0  0  0  0  0  0  0]
 [ 0  0  0  1  1  0 13  0  0  0  0  0  0  0  0  0  0  0  0  0]
 [ 0  0  0  1  1  0  0  0  0  0  0  0  0  0  0  0  0  0  0  0]
 [ 0  0  0  0  0  0  0  0  0  0  0  0  0  0  0  0  0  0 10 10]
 [ 0  0  0  0  0  0  0  0  0  0  0 14 14  0  0  0  0  0 10 10]
 [ 0  0  0  0  0  0  0  0  0  0  0 14 14  0  0  0  0  0 10 10]
 [10 10 10 10 10 10 10 10 10 10 10 10 10 10 10 10 10 10 10 10]
 [10 10 10 10 10 10 10 10 10 10 10 10 10 10 10 10 10 10 10 10]]
State: {'lives': 2, 'score': 100, 'coins': 1, 'stage': 1, 'world': 1, 'x_position': 378, 'time': 365, 'dead_timer': 0, 'dead_jump_timer': 0, 'game_over': False}
Frame: [[[255 255 255]
  [255 255 255]
  [255 255 255]
  ...
  [255 255 255]
  [255 255 255]
  [255 255 255]]

 [[255 255 255]
  [224 224 224]
  [170 170 170]
  ...
  [170 170 170]
  [224 224 224]
  [255 255 255]]

 [[255 255 255]
  [179 179 179]
  [ 42  42  42]
  ...
  [ 42  42  42]
  [179 179 179]
  [255 255 255]]

 ...

 [[  0   0   0]
  [  0   0   0]
  [  0   0   0]
  ...
  [  0   0   0]
  [  0   0   0]
  [  0   0   0]]

 [[  0   0   0]
  [  0   0   0]
  [  0   0   0]
  ...
  [  0   0   0]
  [  0   0   0]
  [  0   0   0]]

 [[  0   0   0]
  [  0   0   0]
  [  0   0   0]
  ...
  [  0   0   0]
  [  0   0   0]
  [  0   0   0]]]
Game Area: [[ 0  0  0  0  0  0  0  0  0  0  0  0  0  0  0  0  0  0  0  0]
 [ 0  0  0  0  0  0  0  0  0  0  0  0  0  0  0  0  0  0  0  0]
 [ 0  0  0  0  0  0  0  0  0  0  0  0  0  0  0  0  0  0  0  0]
 [ 0  0  0  0  0  0  0  0  0  0  0  0  0  0  0  0  0  0  0  0]
 [ 0  0  0  0  0  0  0  0  0  0  0  0  0  0  0  0  0  0  0  0]
 [ 0  0  0  0  0  0  0  0  0  0  0  0  0  0  0  0  0  0  0  0]
 [ 0  0  0  0  0  0  0  0  0  0  0  0  0  0  0  0  0  0 13  0]
 [ 0  0  0  0  0  0  0  0  0  0  0  0  0  0  0  0  0  0  0  0]
 [ 0  0  0  1  1  0  0  0  0  0  0  0  0  0  0  0  0  0  0  0]
 [ 0  0  0  1  1  0 13  0  0  0  0  0  0  0  0  0  0  0  0  0]
 [ 0  0  0  0  0  0  0  0  0  0  0  0  0  0  0  0  0  0  0  0]
 [ 0  0  0  0  0  0  0  0  0  0  0  0  0  0  0  0  0  0 10 10]
 [ 0  0  0  0  0  0  0  0  0  0  0 14 14  0  0  0  0  0 10 10]
 [ 0  0  0  0  0  0  0  0  0  0  0 14 14  0  0  0  0  0 10 10]
 [10 10 10 10 10 10 10 10 10 10 10 10 10 10 10 10 10 10 10 10]
 [10 10 10 10 10 10 10 10 10 10 10 10 10 10 10 10 10 10 10 10]]
State: {'lives': 2, 'score': 100, 'coins': 1, 'stage': 1, 'world': 1, 'x_position': 371, 'time': 365, 'dead_timer': 0, 'dead_jump_timer': 0, 'game_over': False}
Frame: [[[255 255 255]
  [255 255 255]
  [255 255 255]
  ...
  [255 255 255]
  [255 255 255]
  [255 255 255]]

 [[255 255 255]
  [224 224 224]
  [170 170 170]
  ...
  [170 170 170]
  [224 224 224]
  [255 255 255]]

 [[255 255 255]
  [179 179 179]
  [ 42  42  42]
  ...
  [ 42  42  42]
  [179 179 179]
  [255 255 255]]

 ...

 [[  0   0   0]
  [  0   0   0]
  [  0   0   0]
  ...
  [  0   0   0]
  [  0   0   0]
  [  0   0   0]]

 [[  0   0   0]
  [  0   0   0]
  [  0   0   0]
  ...
  [  0   0   0]
  [  0   0   0]
  [  0   0   0]]

 [[  0   0   0]
  [  0   0   0]
  [  0   0   0]
  ...
  [  0   0   0]
  [  0   0   0]
  [  0   0   0]]]
Game Area: [[ 0  0  0  0  0  0  0  0  0  0  0  0  0  0  0  0  0  0  0  0]
 [ 0  0  0  0  0  0  0  0  0  0  0  0  0  0  0  0  0  0  0  0]
 [ 0  0  0  0  0  0  0  0  0  0  0  0  0  0  0  0  0  0  0  0]
 [ 0  0  0  0  0  0  0  0  0  0  0  0  0  0  0  0  0  0  0  0]
 [ 0  0  0  0  0  0  0  0  0  0  0  0  0  0  0  0  0  0  0  0]
 [ 0  0  0  0  0  0  0  0  0  0  0  0  0  0  0  0  0  0  0  0]
 [ 0  0  0  0  0  0  0  0  0  0  0  0  0  0  0  0  0  0 13  0]
 [ 0  0  0  0  0  0  0  0  0  0  0  0  0  0  0  0  0  0  0  0]
 [ 0  0  0  1  1  0  0  0  0  0  0  0  0  0  0  0  0  0  0  0]
 [ 0  0  0  1  1  0 13  0  0  0  0  0  0  0  0  0  0  0  0  0]
 [ 0  0  0  0  0  0  0  0  0  0  0  0  0  0  0  0  0  0  0  0]
 [ 0  0  0  0  0  0  0  0  0  0  0  0  0  0  0  0  0  0 10 10]
 [ 0  0  0  0  0  0  0  0  0  0  0 14 14  0  0  0  0  0 10 10]
 [ 0  0  0  0  0  0  0  0  0  0  0 14 14  0  0  0  0  0 10 10]
 [10 10 10 10 10 10 10 10 10 10 10 10 10 10 10 10 10 10 10 10]
 [10 10 10 10 10 10 10 10 10 10 10 10 10 10 10 10 10 10 10 10]]
State: {'lives': 2, 'score': 100, 'coins': 1, 'stage': 1, 'world': 1, 'x_position': 361, 'time': 365, 'dead_timer': 0, 'dead_jump_timer': 0, 'game_over': False}
Frame: [[[255 255 255]
  [255 255 255]
  [255 255 255]
  ...
  [255 255 255]
  [255 255 255]
  [255 255 255]]

 [[255 255 255]
  [224 224 224]
  [170 170 170]
  ...
  [170 170 170]
  [224 224 224]
  [255 255 255]]

 [[255 255 255]
  [179 179 179]
  [ 42  42  42]
  ...
  [ 42  42  42]
  [179 179 179]
  [255 255 255]]

 ...

 [[  0   0   0]
  [  0   0   0]
  [  0   0   0]
  ...
  [  0   0   0]
  [  0   0   0]
  [  0   0   0]]

 [[  0   0   0]
  [  0   0   0]
  [  0   0   0]
  ...
  [  0   0   0]
  [  0   0   0]
  [  0   0   0]]

 [[  0   0   0]
  [  0   0   0]
  [  0   0   0]
  ...
  [  0   0   0]
  [  0   0   0]
  [  0   0   0]]]
Game Area: [[ 0  0  0  0  0  0  0  0  0  0  0  0  0  0  0  0  0  0  0  0]
 [ 0  0  0  0  0  0  0  0  0  0  0  0  0  0  0  0  0  0  0  0]
 [ 0  0  0  0  0  0  0  0  0  0  0  0  0  0  0  0  0  0  0  0]
 [ 0  0  0  0  0  0  0  0  0  0  0  0  0  0  0  0  0  0  0  0]
 [ 0  0  0  0  0  0  0  0  0  0  0  0  0  0  0  0  0  0  0  0]
 [ 0  0  0  0  0  0  0  0  0  0  0  0  0  0  0  0  0  0  0  0]
 [ 0  0  0  0  0  0  0  0  0  0  0  0  0  0  0  0  0  0 13  0]
 [ 0  0  0  0  0  0  0  0  0  0  0  0  0  0  0  0  0  0  0  0]
 [ 0  0  0  0  0  0  0  0  0  0  0  0  0  0  0  0  0  0  0  0]
 [ 0  1  1  0  0  0 13  0  0  0  0  0  0  0  0  0  0  0  0  0]
 [ 0  1  1  0  0  0  0  0  0  0  0  0  0  0  0  0  0  0  0  0]
 [ 0  0  0  0  0  0  0  0  0  0  0  0  0  0  0  0  0  0 10 10]
 [ 0  0  0  0  0  0  0  0  0  0  0 14 14  0  0  0  0  0 10 10]
 [ 0  0  0  0  0  0  0  0  0  0  0 14 14  0  0  0  0  0 10 10]
 [10 10 10 10 10 10 10 10 10 10 10 10 10 10 10 10 10 10 10 10]
 [10 10 10 10 10 10 10 10 10 10 10 10 10 10 10 10 10 10 10 10]]
State: {'lives': 2, 'score': 100, 'coins': 1, 'stage': 1, 'world': 1, 'x_position': 358, 'time': 364, 'dead_timer': 0, 'dead_jump_timer': 0, 'game_over': False}
Frame: [[[255 255 255]
  [255 255 255]
  [255 255 255]
  ...
  [255 255 255]
  [255 255 255]
  [255 255 255]]

 [[255 255 255]
  [224 224 224]
  [170 170 170]
  ...
  [170 170 170]
  [224 224 224]
  [255 255 255]]

 [[255 255 255]
  [179 179 179]
  [ 42  42  42]
  ...
  [ 42  42  42]
  [179 179 179]
  [255 255 255]]

 ...

 [[  0   0   0]
  [  0   0   0]
  [  0   0   0]
  ...
  [  0   0   0]
  [  0   0   0]
  [  0   0   0]]

 [[  0   0   0]
  [  0   0   0]
  [  0   0   0]
  ...
  [  0   0   0]
  [  0   0   0]
  [  0   0   0]]

 [[  0   0   0]
  [  0   0   0]
  [  0   0   0]
  ...
  [  0   0   0]
  [  0   0   0]
  [  0   0   0]]]
Game Area: [[ 0  0  0  0  0  0  0  0  0  0  0  0  0  0  0  0  0  0  0  0]
 [ 0  0  0  0  0  0  0  0  0  0  0  0  0  0  0  0  0  0  0  0]
 [ 0  0  0  0  0  0  0  0  0  0  0  0  0  0  0  0  0  0  0  0]
 [ 0  0  0  0  0  0  0  0  0  0  0  0  0  0  0  0  0  0  0  0]
 [ 0  0  0  0  0  0  0  0  0  0  0  0  0  0  0  0  0  0  0  0]
 [ 0  0  0  0  0  0  0  0  0  0  0  0  0  0  0  0  0  0  0  0]
 [ 0  0  0  0  0  0  0  0  0  0  0  0  0  0  0  0  0  0 13  0]
 [ 0  0  0  0  0  0  0  0  0  0  0  0  0  0  0  0  0  0  0  0]
 [ 0  0  0  0  0  0  0  0  0  0  0  0  0  0  0  0  0  0  0  0]
 [ 0  0  0  0  0  0 13  0  0  0  0  0  0  0  0  0  0  0  0  0]
 [ 0  0  0  0  0  0  0  0  0  0  0  0  0  0  0  0  0  0  0  0]
 [ 0  0  0  0  0  0  0  0  0  0  0  0  0  0  0  0  0  0 10 10]
 [ 0  1  1  0  0  0  0  0  0  0  0 14 14  0  0  0  0  0 10 10]
 [ 0  1  1  0  0  0  0  0  0  0  0 14 14  0  0  0  0  0 10 10]
 [10 10 10 10 10 10 10 10 10 10 10 10 10 10 10 10 10 10 10 10]
 [10 10 10 10 10 10 10 10 10 10 10 10 10 10 10 10 10 10 10 10]]
State: {'lives': 2, 'score': 100, 'coins': 1, 'stage': 1, 'world': 1, 'x_position': 351, 'time': 364, 'dead_timer': 0, 'dead_jump_timer': 0, 'game_over': False}
Frame: [[[255 255 255]
  [255 255 255]
  [255 255 255]
  ...
  [255 255 255]
  [255 255 255]
  [255 255 255]]

 [[255 255 255]
  [224 224 224]
  [170 170 170]
  ...
  [170 170 170]
  [224 224 224]
  [255 255 255]]

 [[255 255 255]
  [179 179 179]
  [ 42  42  42]
  ...
  [ 42  42  42]
  [179 179 179]
  [255 255 255]]

 ...

 [[  0   0   0]
  [  0   0   0]
  [  0   0   0]
  ...
  [  0   0   0]
  [  0   0   0]
  [  0   0   0]]

 [[  0   0   0]
  [  0   0   0]
  [  0   0   0]
  ...
  [  0   0   0]
  [  0   0   0]
  [  0   0   0]]

 [[  0   0   0]
  [  0   0   0]
  [  0   0   0]
  ...
  [  0   0   0]
  [  0   0   0]
  [  0   0   0]]]
Game Area: [[ 0  0  0  0  0  0  0  0  0  0  0  0  0  0  0  0  0  0  0  0]
 [ 0  0  0  0  0  0  0  0  0  0  0  0  0  0  0  0  0  0  0  0]
 [ 0  0  0  0  0  0  0  0  0  0  0  0  0  0  0  0  0  0  0  0]
 [ 0  0  0  0  0  0  0  0  0  0  0  0  0  0  0  0  0  0  0  0]
 [ 0  0  0  0  0  0  0  0  0  0  0  0  0  0  0  0  0  0  0  0]
 [ 0  0  0  0  0  0  0  0  0  0  0  0  0  0  0  0  0  0  0  0]
 [ 0  0  0  0  0  0  0  0  0  0  0  0  0  0  0  0  0  0 13  0]
 [ 0  0  0  0  0  0  0  0  0  0  0  0  0  0  0  0  0  0  0  0]
 [ 0  0  0  0  0  0  0  0  0  0  0  0  0  0  0  0  0  0  0  0]
 [ 0  0  0  0  0  0 13  0  0  0  0  0  0  0  0  0  0  0  0  0]
 [ 0  0  0  0  0  0  0  0  0  0  0  0  0  0  0  0  0  0  0  0]
 [ 0  0  0  0  0  0  0  0  0  0  0  0  0  0  0  0  0  0 10 10]
 [ 1  1  0  0  0  0  0  0  0  0  0 14 14  0  0  0  0  0 10 10]
 [ 1  1  0  0  0  0  0  0  0  0  0 14 14  0  0  0  0  0 10 10]
 [10 10 10 10 10 10 10 10 10 10 10 10 10 10 10 10 10 10 10 10]
 [10 10 10 10 10 10 10 10 10 10 10 10 10 10 10 10 10 10 10 10]]
State: {'lives': 2, 'score': 100, 'coins': 1, 'stage': 1, 'world': 1, 'x_position': 348, 'time': 364, 'dead_timer': 0, 'dead_jump_timer': 0, 'game_over': False}
Frame: [[[255 255 255]
  [255 255 255]
  [255 255 255]
  ...
  [255 255 255]
  [255 255 255]
  [255 255 255]]

 [[255 255 255]
  [224 224 224]
  [170 170 170]
  ...
  [170 170 170]
  [224 224 224]
  [255 255 255]]

 [[255 255 255]
  [179 179 179]
  [ 42  42  42]
  ...
  [ 42  42  42]
  [179 179 179]
  [255 255 255]]

 ...

 [[  0   0   0]
  [  0   0   0]
  [  0   0   0]
  ...
  [  0   0   0]
  [  0   0   0]
  [  0   0   0]]

 [[  0   0   0]
  [  0   0   0]
  [  0   0   0]
  ...
  [  0   0   0]
  [  0   0   0]
  [  0   0   0]]

 [[  0   0   0]
  [  0   0   0]
  [  0   0   0]
  ...
  [  0   0   0]
  [  0   0   0]
  [  0   0   0]]]
Game Area: [[ 0  0  0  0  0  0  0  0  0  0  0  0  0  0  0  0  0  0  0  0]
 [ 0  0  0  0  0  0  0  0  0  0  0  0  0  0  0  0  0  0  0  0]
 [ 0  0  0  0  0  0  0  0  0  0  0  0  0  0  0  0  0  0  0  0]
 [ 0  0  0  0  0  0  0  0  0  0  0  0  0  0  0  0  0  0  0  0]
 [ 0  0  0  0  0  0  0  0  0  0  0  0  0  0  0  0  0  0  0  0]
 [ 0  0  0  0  0  0  0  0  0  0  0  0  0  0  0  0  0  0  0  0]
 [ 0  0  0  0  0  0  0  0  0  0  0  0  0  0  0  0  0  0 13  0]
 [ 0  0  0  0  0  0  0  0  0  0  0  0  0  0  0  0  0  0  0  0]
 [ 0  0  0  0  0  0  0  0  0  0  0  0  0  0  0  0  0  0  0  0]
 [ 0  0  0  0  0  0 13  0  0  0  0  0  0  0  0  0  0  0  0  0]
 [ 0  0  0  0  0  0  0  0  0  0  0  0  0  0  0  0  0  0  0  0]
 [ 0  0  0  0  0  0  0  0  0  0  0  0  0  0  0  0  0  0 10 10]
 [ 1  0  0  0  0  0  0  0  0  0  0 14 14  0  0  0  0  0 10 10]
 [ 1  0  0  0  0  0  0  0  0  0  0 14 14  0  0  0  0  0 10 10]
 [10 10 10 10 10 10 10 10 10 10 10 10 10 10 10 10 10 10 10 10]
 [10 10 10 10 10 10 10 10 10 10 10 10 10 10 10 10 10 10 10 10]]
State: {'lives': 2, 'score': 100, 'coins': 1, 'stage': 1, 'world': 1, 'x_position': 348, 'time': 364, 'dead_timer': 0, 'dead_jump_timer': 0, 'game_over': False}
Frame: [[[255 255 255]
  [255 255 255]
  [255 255 255]
  ...
  [255 255 255]
  [255 255 255]
  [255 255 255]]

 [[255 255 255]
  [224 224 224]
  [170 170 170]
  ...
  [170 170 170]
  [224 224 224]
  [255 255 255]]

 [[255 255 255]
  [179 179 179]
  [ 42  42  42]
  ...
  [ 42  42  42]
  [179 179 179]
  [255 255 255]]

 ...

 [[  0   0   0]
  [  0   0   0]
  [  0   0   0]
  ...
  [  0   0   0]
  [  0   0   0]
  [  0   0   0]]

 [[  0   0   0]
  [  0   0   0]
  [  0   0   0]
  ...
  [  0   0   0]
  [  0   0   0]
  [  0   0   0]]

 [[  0   0   0]
  [  0   0   0]
  [  0   0   0]
  ...
  [  0   0   0]
  [  0   0   0]
  [  0   0   0]]]
Game Area: [[ 0  0  0  0  0  0  0  0  0  0  0  0  0  0  0  0  0  0  0  0]
 [ 0  0  0  0  0  0  0  0  0  0  0  0  0  0  0  0  0  0  0  0]
 [ 0  0  0  0  0  0  0  0  0  0  0  0  0  0  0  0  0  0  0  0]
 [ 0  0  0  0  0  0  0  0  0  0  0  0  0  0  0  0  0  0  0  0]
 [ 0  0  0  0  0  0  0  0  0  0  0  0  0  0  0  0  0  0  0  0]
 [ 0  0  0  0  0  0  0  0  0  0  0  0  0  0  0  0  0  0  0  0]
 [ 0  0  0  0  0  0  0  0  0  0  0  0  0  0  0  0  0  0 13  0]
 [ 0  0  0  0  0  0  0  0  0  0  0  0  0  0  0  0  0  0  0  0]
 [ 0  0  0  0  0  0  0  0  0  0  0  0  0  0  0  0  0  0  0  0]
 [ 0  0  0  0  0  0 13  0  0  0  0  0  0  0  0  0  0  0  0  0]
 [ 0  0  0  0  0  0  0  0  0  0  0  0  0  0  0  0  0  0  0  0]
 [ 0  0  0  0  0  0  0  0  0  0  0  0  0  0  0  0  0  0 10 10]
 [ 1  0  0  0  0  0  0  0  0  0  0 14 14  0  0  0  0  0 10 10]
 [ 1  0  0  0  0  0  0  0  0  0  0 14 14  0  0  0  0  0 10 10]
 [10 10 10 10 10 10 10 10 10 10 10 10 10 10 10 10 10 10 10 10]
 [10 10 10 10 10 10 10 10 10 10 10 10 10 10 10 10 10 10 10 10]]
State: {'lives': 2, 'score': 100, 'coins': 1, 'stage': 1, 'world': 1, 'x_position': 348, 'time': 363, 'dead_timer': 0, 'dead_jump_timer': 0, 'game_over': False}
Frame: [[[255 255 255]
  [255 255 255]
  [255 255 255]
  ...
  [255 255 255]
  [255 255 255]
  [255 255 255]]

 [[255 255 255]
  [224 224 224]
  [170 170 170]
  ...
  [170 170 170]
  [224 224 224]
  [255 255 255]]

 [[255 255 255]
  [179 179 179]
  [ 42  42  42]
  ...
  [ 42  42  42]
  [179 179 179]
  [255 255 255]]

 ...

 [[  0   0   0]
  [  0   0   0]
  [  0   0   0]
  ...
  [  0   0   0]
  [  0   0   0]
  [  0   0   0]]

 [[  0   0   0]
  [  0   0   0]
  [  0   0   0]
  ...
  [  0   0   0]
  [  0   0   0]
  [  0   0   0]]

 [[  0   0   0]
  [  0   0   0]
  [  0   0   0]
  ...
  [  0   0   0]
  [  0   0   0]
  [  0   0   0]]]
Game Area: [[ 0  0  0  0  0  0  0  0  0  0  0  0  0  0  0  0  0  0  0  0]
 [ 0  0  0  0  0  0  0  0  0  0  0  0  0  0  0  0  0  0  0  0]
 [ 0  0  0  0  0  0  0  0  0  0  0  0  0  0  0  0  0  0  0  0]
 [ 0  0  0  0  0  0  0  0  0  0  0  0  0  0  0  0  0  0  0  0]
 [ 0  0  0  0  0  0  0  0  0  0  0  0  0  0  0  0  0  0  0  0]
 [ 0  0  0  0  0  0  0  0  0  0  0  0  0  0  0  0  0  0  0  0]
 [ 0  0  0  0  0  0  0  0  0  0  0  0  0  0  0  0  0  0 13  0]
 [ 0  0  0  0  0  0  0  0  0  0  0  0  0  0  0  0  0  0  0  0]
 [ 0  0  0  0  0  0  0  0  0  0  0  0  0  0  0  0  0  0  0  0]
 [ 0  0  0  0  0  0 13  0  0  0  0  0  0  0  0  0  0  0  0  0]
 [ 0  0  0  0  0  0  0  0  0  0  0  0  0  0  0  0  0  0  0  0]
 [ 0  0  0  0  0  0  0  0  0  0  0  0  0  0  0  0  0  0 10 10]
 [ 1  0  0  0  0  0  0  0  0  0  0 14 14  0  0  0  0  0 10 10]
 [ 1  0  0  0  0  0  0  0  0  0  0 14 14  0  0  0  0  0 10 10]
 [10 10 10 10 10 10 10 10 10 10 10 10 10 10 10 10 10 10 10 10]
 [10 10 10 10 10 10 10 10 10 10 10 10 10 10 10 10 10 10 10 10]]
State: {'lives': 2, 'score': 100, 'coins': 1, 'stage': 1, 'world': 1, 'x_position': 348, 'time': 363, 'dead_timer': 0, 'dead_jump_timer': 0, 'game_over': False}
Frame: [[[255 255 255]
  [255 255 255]
  [255 255 255]
  ...
  [255 255 255]
  [255 255 255]
  [255 255 255]]

 [[255 255 255]
  [224 224 224]
  [170 170 170]
  ...
  [170 170 170]
  [224 224 224]
  [255 255 255]]

 [[255 255 255]
  [179 179 179]
  [ 42  42  42]
  ...
  [ 42  42  42]
  [179 179 179]
  [255 255 255]]

 ...

 [[  0   0   0]
  [  0   0   0]
  [  0   0   0]
  ...
  [  0   0   0]
  [  0   0   0]
  [  0   0   0]]

 [[  0   0   0]
  [  0   0   0]
  [  0   0   0]
  ...
  [  0   0   0]
  [  0   0   0]
  [  0   0   0]]

 [[  0   0   0]
  [  0   0   0]
  [  0   0   0]
  ...
  [  0   0   0]
  [  0   0   0]
  [  0   0   0]]]
Game Area: [[ 0  0  0  0  0  0  0  0  0  0  0  0  0  0  0  0  0  0  0  0]
 [ 0  0  0  0  0  0  0  0  0  0  0  0  0  0  0  0  0  0  0  0]
 [ 0  0  0  0  0  0  0  0  0  0  0  0  0  0  0  0  0  0  0  0]
 [ 0  0  0  0  0  0  0  0  0  0  0  0  0  0  0  0  0  0  0  0]
 [ 0  0  0  0  0  0  0  0  0  0  0  0  0  0  0  0  0  0  0  0]
 [ 0  0  0  0  0  0  0  0  0  0  0  0  0  0  0  0  0  0  0  0]
 [ 0  0  0  0  0  0  0  0  0  0  0  0  0  0  0  0  0  0 13  0]
 [ 0  0  0  0  0  0  0  0  0  0  0  0  0  0  0  0  0  0  0  0]
 [ 0  0  0  0  0  0  0  0  0  0  0  0  0  0  0  0  0  0  0  0]
 [ 0  0  0  0  0  0 13  0  0  0  0  0  0  0  0  0  0  0  0  0]
 [ 0  0  0  0  0  0  0  0  0  0  0  0  0  0  0  0  0  0  0  0]
 [ 0  0  0  0  0  0  0  0  0  0  0  0  0  0  0  0  0  0 10 10]
 [ 1  0  0  0  0  0  0  0  0  0  0 14 14  0  0  0  0  0 10 10]
 [ 1  0  0  0  0  0  0  0  0  0  0 14 14  0  0  0  0  0 10 10]
 [10 10 10 10 10 10 10 10 10 10 10 10 10 10 10 10 10 10 10 10]
 [10 10 10 10 10 10 10 10 10 10 10 10 10 10 10 10 10 10 10 10]]
State: {'lives': 2, 'score': 100, 'coins': 1, 'stage': 1, 'world': 1, 'x_position': 348, 'time': 363, 'dead_timer': 0, 'dead_jump_timer': 0, 'game_over': False}
Frame: [[[255 255 255]
  [255 255 255]
  [255 255 255]
  ...
  [255 255 255]
  [255 255 255]
  [255 255 255]]

 [[255 255 255]
  [224 224 224]
  [170 170 170]
  ...
  [170 170 170]
  [224 224 224]
  [255 255 255]]

 [[255 255 255]
  [179 179 179]
  [ 42  42  42]
  ...
  [ 42  42  42]
  [179 179 179]
  [255 255 255]]

 ...

 [[  0   0   0]
  [  0   0   0]
  [  0   0   0]
  ...
  [  0   0   0]
  [  0   0   0]
  [  0   0   0]]

 [[  0   0   0]
  [  0   0   0]
  [  0   0   0]
  ...
  [  0   0   0]
  [  0   0   0]
  [  0   0   0]]

 [[  0   0   0]
  [  0   0   0]
  [  0   0   0]
  ...
  [  0   0   0]
  [  0   0   0]
  [  0   0   0]]]
Game Area: [[ 0  0  0  0  0  0  0  0  0  0  0  0  0  0  0  0  0  0  0  0]
 [ 0  0  0  0  0  0  0  0  0  0  0  0  0  0  0  0  0  0  0  0]
 [ 0  0  0  0  0  0  0  0  0  0  0  0  0  0  0  0  0  0  0  0]
 [ 0  0  0  0  0  0  0  0  0  0  0  0  0  0  0  0  0  0  0  0]
 [ 0  0  0  0  0  0  0  0  0  0  0  0  0  0  0  0  0  0  0  0]
 [ 0  0  0  0  0  0  0  0  0  0  0  0  0  0  0  0  0  0  0  0]
 [ 0  0  0  0  0  0  0  0  0  0  0  0  0  0  0  0  0  0 13  0]
 [ 0  0  0  0  0  0  0  0  0  0  0  0  0  0  0  0  0  0  0  0]
 [ 0  0  0  0  0  0  0  0  0  0  0  0  0  0  0  0  0  0  0  0]
 [ 0  0  0  0  0  0 13  0  0  0  0  0  0  0  0  0  0  0  0  0]
 [ 0  0  0  0  0  0  0  0  0  0  0  0  0  0  0  0  0  0  0  0]
 [ 0  0  0  0  0  0  0  0  0  0  0  0  0  0  0  0  0  0 10 10]
 [ 1  0  0  0  0  0  0  0  0  0  0 14 14  0  0  0  0  0 10 10]
 [ 1  0  0  0  0  0  0  0  0  0  0 14 14  0  0  0  0  0 10 10]
 [10 10 10 10 10 10 10 10 10 10 10 10 10 10 10 10 10 10 10 10]
 [10 10 10 10 10 10 10 10 10 10 10 10 10 10 10 10 10 10 10 10]]
State: {'lives': 2, 'score': 100, 'coins': 1, 'stage': 1, 'world': 1, 'x_position': 348, 'time': 363, 'dead_timer': 0, 'dead_jump_timer': 0, 'game_over': False}
Frame: [[[255 255 255]
  [255 255 255]
  [255 255 255]
  ...
  [255 255 255]
  [255 255 255]
  [255 255 255]]

 [[255 255 255]
  [224 224 224]
  [170 170 170]
  ...
  [170 170 170]
  [224 224 224]
  [255 255 255]]

 [[255 255 255]
  [179 179 179]
  [ 42  42  42]
  ...
  [ 42  42  42]
  [179 179 179]
  [255 255 255]]

 ...

 [[  0   0   0]
  [  0   0   0]
  [  0   0   0]
  ...
  [  0   0   0]
  [  0   0   0]
  [  0   0   0]]

 [[  0   0   0]
  [  0   0   0]
  [  0   0   0]
  ...
  [  0   0   0]
  [  0   0   0]
  [  0   0   0]]

 [[  0   0   0]
  [  0   0   0]
  [  0   0   0]
  ...
  [  0   0   0]
  [  0   0   0]
  [  0   0   0]]]
Game Area: [[ 0  0  0  0  0  0  0  0  0  0  0  0  0  0  0  0  0  0  0  0]
 [ 0  0  0  0  0  0  0  0  0  0  0  0  0  0  0  0  0  0  0  0]
 [ 0  0  0  0  0  0  0  0  0  0  0  0  0  0  0  0  0  0  0  0]
 [ 0  0  0  0  0  0  0  0  0  0  0  0  0  0  0  0  0  0  0  0]
 [ 0  0  0  0  0  0  0  0  0  0  0  0  0  0  0  0  0  0  0  0]
 [ 0  0  0  0  0  0  0  0  0  0  0  0  0  0  0  0  0  0  0  0]
 [ 0  0  0  0  0  0  0  0  0  0  0  0  0  0  0  0  0  0 13  0]
 [ 0  0  0  0  0  0  0  0  0  0  0  0  0  0  0  0  0  0  0  0]
 [ 0  0  0  0  0  0  0  0  0  0  0  0  0  0  0  0  0  0  0  0]
 [ 0  0  0  0  0  0 13  0  0  0  0  0  0  0  0  0  0  0  0  0]
 [ 0  0  0  0  0  0  0  0  0  0  0  0  0  0  0  0  0  0  0  0]
 [ 0  0  0  0  0  0  0  0  0  0  0  0  0  0  0  0  0  0 10 10]
 [ 1  0  0  0  0  0  0  0  0  0  0 14 14  0  0  0  0  0 10 10]
 [ 1  0  0  0  0  0  0  0  0  0  0 14 14  0  0  0  0  0 10 10]
 [10 10 10 10 10 10 10 10 10 10 10 10 10 10 10 10 10 10 10 10]
 [10 10 10 10 10 10 10 10 10 10 10 10 10 10 10 10 10 10 10 10]]
State: {'lives': 2, 'score': 100, 'coins': 1, 'stage': 1, 'world': 1, 'x_position': 348, 'time': 362, 'dead_timer': 0, 'dead_jump_timer': 0, 'game_over': False}
Frame: [[[255 255 255]
  [255 255 255]
  [255 255 255]
  ...
  [255 255 255]
  [255 255 255]
  [255 255 255]]

 [[255 255 255]
  [224 224 224]
  [170 170 170]
  ...
  [170 170 170]
  [224 224 224]
  [255 255 255]]

 [[255 255 255]
  [179 179 179]
  [ 42  42  42]
  ...
  [ 42  42  42]
  [179 179 179]
  [255 255 255]]

 ...

 [[  0   0   0]
  [  0   0   0]
  [  0   0   0]
  ...
  [  0   0   0]
  [  0   0   0]
  [  0   0   0]]

 [[  0   0   0]
  [  0   0   0]
  [  0   0   0]
  ...
  [  0   0   0]
  [  0   0   0]
  [  0   0   0]]

 [[  0   0   0]
  [  0   0   0]
  [  0   0   0]
  ...
  [  0   0   0]
  [  0   0   0]
  [  0   0   0]]]
Game Area: [[ 0  0  0  0  0  0  0  0  0  0  0  0  0  0  0  0  0  0  0  0]
 [ 0  0  0  0  0  0  0  0  0  0  0  0  0  0  0  0  0  0  0  0]
 [ 0  0  0  0  0  0  0  0  0  0  0  0  0  0  0  0  0  0  0  0]
 [ 0  0  0  0  0  0  0  0  0  0  0  0  0  0  0  0  0  0  0  0]
 [ 0  0  0  0  0  0  0  0  0  0  0  0  0  0  0  0  0  0  0  0]
 [ 0  0  0  0  0  0  0  0  0  0  0  0  0  0  0  0  0  0  0  0]
 [ 0  0  0  0  0  0  0  0  0  0  0  0  0  0  0  0  0  0 13  0]
 [ 0  0  0  0  0  0  0  0  0  0  0  0  0  0  0  0  0  0  0  0]
 [ 0  0  0  0  0  0  0  0  0  0  0  0  0  0  0  0  0  0  0  0]
 [ 0  0  0  0  0  0 13  0  0  0  0  0  0  0  0  0  0  0  0  0]
 [ 0  0  0  0  0  0  0  0  0  0  0  0  0  0  0  0  0  0  0  0]
 [ 0  0  0  0  0  0  0  0  0  0  0  0  0  0  0  0  0  0 10 10]
 [ 1  0  0  0  0  0  0  0  0  0  0 14 14  0  0  0  0  0 10 10]
 [ 1  0  0  0  0  0  0  0  0  0  0 14 14  0  0  0  0  0 10 10]
 [10 10 10 10 10 10 10 10 10 10 10 10 10 10 10 10 10 10 10 10]
 [10 10 10 10 10 10 10 10 10 10 10 10 10 10 10 10 10 10 10 10]]
State: {'lives': 2, 'score': 100, 'coins': 1, 'stage': 1, 'world': 1, 'x_position': 348, 'time': 362, 'dead_timer': 0, 'dead_jump_timer': 0, 'game_over': False}
Frame: [[[255 255 255]
  [255 255 255]
  [255 255 255]
  ...
  [255 255 255]
  [255 255 255]
  [255 255 255]]

 [[255 255 255]
  [224 224 224]
  [170 170 170]
  ...
  [170 170 170]
  [224 224 224]
  [255 255 255]]

 [[255 255 255]
  [179 179 179]
  [ 42  42  42]
  ...
  [ 42  42  42]
  [179 179 179]
  [255 255 255]]

 ...

 [[  0   0   0]
  [  0   0   0]
  [  0   0   0]
  ...
  [  0   0   0]
  [  0   0   0]
  [  0   0   0]]

 [[  0   0   0]
  [  0   0   0]
  [  0   0   0]
  ...
  [  0   0   0]
  [  0   0   0]
  [  0   0   0]]

 [[  0   0   0]
  [  0   0   0]
  [  0   0   0]
  ...
  [  0   0   0]
  [  0   0   0]
  [  0   0   0]]]
Game Area: [[ 0  0  0  0  0  0  0  0  0  0  0  0  0  0  0  0  0  0  0  0]
 [ 0  0  0  0  0  0  0  0  0  0  0  0  0  0  0  0  0  0  0  0]
 [ 0  0  0  0  0  0  0  0  0  0  0  0  0  0  0  0  0  0  0  0]
 [ 0  0  0  0  0  0  0  0  0  0  0  0  0  0  0  0  0  0  0  0]
 [ 0  0  0  0  0  0  0  0  0  0  0  0  0  0  0  0  0  0  0  0]
 [ 0  0  0  0  0  0  0  0  0  0  0  0  0  0  0  0  0  0  0  0]
 [ 0  0  0  0  0  0  0  0  0  0  0  0  0  0  0  0  0  0 13  0]
 [ 0  0  0  0  0  0  0  0  0  0  0  0  0  0  0  0  0  0  0  0]
 [ 0  0  0  0  0  0  0  0  0  0  0  0  0  0  0  0  0  0  0  0]
 [ 0  0  0  0  0  0 13  0  0  0  0  0  0  0  0  0  0  0  0  0]
 [ 0  0  0  0  0  0  0  0  0  0  0  0  0  0  0  0  0  0  0  0]
 [ 0  0  0  0  0  0  0  0  0  0  0  0  0  0  0  0  0  0 10 10]
 [ 1  0  0  0  0  0  0  0  0  0  0 14 14  0  0  0  0  0 10 10]
 [ 1  0  0  0  0  0  0  0  0  0  0 14 14  0  0  0  0  0 10 10]
 [10 10 10 10 10 10 10 10 10 10 10 10 10 10 10 10 10 10 10 10]
 [10 10 10 10 10 10 10 10 10 10 10 10 10 10 10 10 10 10 10 10]]
State: {'lives': 2, 'score': 100, 'coins': 1, 'stage': 1, 'world': 1, 'x_position': 348, 'time': 362, 'dead_timer': 0, 'dead_jump_timer': 0, 'game_over': False}
Frame: [[[255 255 255]
  [255 255 255]
  [255 255 255]
  ...
  [255 255 255]
  [255 255 255]
  [255 255 255]]

 [[255 255 255]
  [224 224 224]
  [170 170 170]
  ...
  [170 170 170]
  [224 224 224]
  [255 255 255]]

 [[255 255 255]
  [179 179 179]
  [ 42  42  42]
  ...
  [ 42  42  42]
  [179 179 179]
  [255 255 255]]

 ...

 [[  0   0   0]
  [  0   0   0]
  [  0   0   0]
  ...
  [  0   0   0]
  [  0   0   0]
  [  0   0   0]]

 [[  0   0   0]
  [  0   0   0]
  [  0   0   0]
  ...
  [  0   0   0]
  [  0   0   0]
  [  0   0   0]]

 [[  0   0   0]
  [  0   0   0]
  [  0   0   0]
  ...
  [  0   0   0]
  [  0   0   0]
  [  0   0   0]]]
Game Area: [[ 0  0  0  0  0  0  0  0  0  0  0  0  0  0  0  0  0  0  0  0]
 [ 0  0  0  0  0  0  0  0  0  0  0  0  0  0  0  0  0  0  0  0]
 [ 0  0  0  0  0  0  0  0  0  0  0  0  0  0  0  0  0  0  0  0]
 [ 0  0  0  0  0  0  0  0  0  0  0  0  0  0  0  0  0  0  0  0]
 [ 0  0  0  0  0  0  0  0  0  0  0  0  0  0  0  0  0  0  0  0]
 [ 0  0  0  0  0  0  0  0  0  0  0  0  0  0  0  0  0  0  0  0]
 [ 0  0  0  0  0  0  0  0  0  0  0  0  0  0  0  0  0  0 13  0]
 [ 0  0  0  0  0  0  0  0  0  0  0  0  0  0  0  0  0  0  0  0]
 [ 0  0  0  0  0  0  0  0  0  0  0  0  0  0  0  0  0  0  0  0]
 [ 0  0  0  0  0  0 13  0  0  0  0  0  0  0  0  0  0  0  0  0]
 [ 0  0  0  0  0  0  0  0  0  0  0  0  0  0  0  0  0  0  0  0]
 [ 0  0  0  0  0  0  0  0  0  0  0  0  0  0  0  0  0  0 10 10]
 [ 1  0  0  0  0  0  0  0  0  0  0 14 14  0  0  0  0  0 10 10]
 [ 1  0  0  0  0  0  0  0  0  0  0 14 14  0  0  0  0  0 10 10]
 [10 10 10 10 10 10 10 10 10 10 10 10 10 10 10 10 10 10 10 10]
 [10 10 10 10 10 10 10 10 10 10 10 10 10 10 10 10 10 10 10 10]]
State: {'lives': 2, 'score': 100, 'coins': 1, 'stage': 1, 'world': 1, 'x_position': 355, 'time': 362, 'dead_timer': 0, 'dead_jump_timer': 0, 'game_over': False}
Frame: [[[255 255 255]
  [255 255 255]
  [255 255 255]
  ...
  [255 255 255]
  [255 255 255]
  [255 255 255]]

 [[255 255 255]
  [224 224 224]
  [170 170 170]
  ...
  [170 170 170]
  [224 224 224]
  [255 255 255]]

 [[255 255 255]
  [179 179 179]
  [ 42  42  42]
  ...
  [ 42  42  42]
  [179 179 179]
  [255 255 255]]

 ...

 [[  0   0   0]
  [  0   0   0]
  [  0   0   0]
  ...
  [  0   0   0]
  [  0   0   0]
  [  0   0   0]]

 [[  0   0   0]
  [  0   0   0]
  [  0   0   0]
  ...
  [  0   0   0]
  [  0   0   0]
  [  0   0   0]]

 [[  0   0   0]
  [  0   0   0]
  [  0   0   0]
  ...
  [  0   0   0]
  [  0   0   0]
  [  0   0   0]]]
Game Area: [[ 0  0  0  0  0  0  0  0  0  0  0  0  0  0  0  0  0  0  0  0]
 [ 0  0  0  0  0  0  0  0  0  0  0  0  0  0  0  0  0  0  0  0]
 [ 0  0  0  0  0  0  0  0  0  0  0  0  0  0  0  0  0  0  0  0]
 [ 0  0  0  0  0  0  0  0  0  0  0  0  0  0  0  0  0  0  0  0]
 [ 0  0  0  0  0  0  0  0  0  0  0  0  0  0  0  0  0  0  0  0]
 [ 0  0  0  0  0  0  0  0  0  0  0  0  0  0  0  0  0  0  0  0]
 [ 0  0  0  0  0  0  0  0  0  0  0  0  0  0  0  0  0  0 13  0]
 [ 0  0  0  0  0  0  0  0  0  0  0  0  0  0  0  0  0  0  0  0]
 [ 0  0  0  0  0  0  0  0  0  0  0  0  0  0  0  0  0  0  0  0]
 [ 0  0  0  0  0  0 13  0  0  0  0  0  0  0  0  0  0  0  0  0]
 [ 0  0  0  0  0  0  0  0  0  0  0  0  0  0  0  0  0  0  0  0]
 [ 0  0  0  0  0  0  0  0  0  0  0  0  0  0  0  0  0  0 10 10]
 [ 1  1  0  0  0  0  0  0  0  0  0 14 14  0  0  0  0  0 10 10]
 [ 1  1  0  0  0  0  0  0  0  0  0 14 14  0  0  0  0  0 10 10]
 [10 10 10 10 10 10 10 10 10 10 10 10 10 10 10 10 10 10 10 10]
 [10 10 10 10 10 10 10 10 10 10 10 10 10 10 10 10 10 10 10 10]]
State: {'lives': 2, 'score': 100, 'coins': 1, 'stage': 1, 'world': 1, 'x_position': 365, 'time': 361, 'dead_timer': 0, 'dead_jump_timer': 0, 'game_over': False}
Frame: [[[255 255 255]
  [255 255 255]
  [255 255 255]
  ...
  [255 255 255]
  [255 255 255]
  [255 255 255]]

 [[255 255 255]
  [224 224 224]
  [170 170 170]
  ...
  [170 170 170]
  [224 224 224]
  [255 255 255]]

 [[255 255 255]
  [179 179 179]
  [ 42  42  42]
  ...
  [ 42  42  42]
  [179 179 179]
  [255 255 255]]

 ...

 [[  0   0   0]
  [  0   0   0]
  [  0   0   0]
  ...
  [  0   0   0]
  [  0   0   0]
  [  0   0   0]]

 [[  0   0   0]
  [  0   0   0]
  [  0   0   0]
  ...
  [  0   0   0]
  [  0   0   0]
  [  0   0   0]]

 [[  0   0   0]
  [  0   0   0]
  [  0   0   0]
  ...
  [  0   0   0]
  [  0   0   0]
  [  0   0   0]]]
Game Area: [[ 0  0  0  0  0  0  0  0  0  0  0  0  0  0  0  0  0  0  0  0]
 [ 0  0  0  0  0  0  0  0  0  0  0  0  0  0  0  0  0  0  0  0]
 [ 0  0  0  0  0  0  0  0  0  0  0  0  0  0  0  0  0  0  0  0]
 [ 0  0  0  0  0  0  0  0  0  0  0  0  0  0  0  0  0  0  0  0]
 [ 0  0  0  0  0  0  0  0  0  0  0  0  0  0  0  0  0  0  0  0]
 [ 0  0  0  0  0  0  0  0  0  0  0  0  0  0  0  0  0  0  0  0]
 [ 0  0  0  0  0  0  0  0  0  0  0  0  0  0  0  0  0  0 13  0]
 [ 0  0  0  0  0  0  0  0  0  0  0  0  0  0  0  0  0  0  0  0]
 [ 0  0  0  0  0  0  0  0  0  0  0  0  0  0  0  0  0  0  0  0]
 [ 0  0  0  0  0  0 13  0  0  0  0  0  0  0  0  0  0  0  0  0]
 [ 0  0  0  0  0  0  0  0  0  0  0  0  0  0  0  0  0  0  0  0]
 [ 0  0  0  0  0  0  0  0  0  0  0  0  0  0  0  0  0  0 10 10]
 [ 0  0  1  1  0  0  0  0  0  0  0 14 14  0  0  0  0  0 10 10]
 [ 0  0  1  1  0  0  0  0  0  0  0 14 14  0  0  0  0  0 10 10]
 [10 10 10 10 10 10 10 10 10 10 10 10 10 10 10 10 10 10 10 10]
 [10 10 10 10 10 10 10 10 10 10 10 10 10 10 10 10 10 10 10 10]]
State: {'lives': 2, 'score': 100, 'coins': 1, 'stage': 1, 'world': 1, 'x_position': 375, 'time': 361, 'dead_timer': 0, 'dead_jump_timer': 0, 'game_over': False}
Frame: [[[255 255 255]
  [255 255 255]
  [255 255 255]
  ...
  [255 255 255]
  [255 255 255]
  [255 255 255]]

 [[255 255 255]
  [224 224 224]
  [170 170 170]
  ...
  [170 170 170]
  [224 224 224]
  [255 255 255]]

 [[255 255 255]
  [179 179 179]
  [ 42  42  42]
  ...
  [ 42  42  42]
  [179 179 179]
  [255 255 255]]

 ...

 [[  0   0   0]
  [  0   0   0]
  [  0   0   0]
  ...
  [  0   0   0]
  [  0   0   0]
  [  0   0   0]]

 [[  0   0   0]
  [  0   0   0]
  [  0   0   0]
  ...
  [  0   0   0]
  [  0   0   0]
  [  0   0   0]]

 [[  0   0   0]
  [  0   0   0]
  [  0   0   0]
  ...
  [  0   0   0]
  [  0   0   0]
  [  0   0   0]]]
Game Area: [[ 0  0  0  0  0  0  0  0  0  0  0  0  0  0  0  0  0  0  0  0]
 [ 0  0  0  0  0  0  0  0  0  0  0  0  0  0  0  0  0  0  0  0]
 [ 0  0  0  0  0  0  0  0  0  0  0  0  0  0  0  0  0  0  0  0]
 [ 0  0  0  0  0  0  0  0  0  0  0  0  0  0  0  0  0  0  0  0]
 [ 0  0  0  0  0  0  0  0  0  0  0  0  0  0  0  0  0  0  0  0]
 [ 0  0  0  0  0  0  0  0  0  0  0  0  0  0  0  0  0  0  0  0]
 [ 0  0  0  0  0  0  0  0  0  0  0  0  0  0  0  0  0  0 13  0]
 [ 0  0  0  0  0  0  0  0  0  0  0  0  0  0  0  0  0  0  0  0]
 [ 0  0  0  0  0  0  0  0  0  0  0  0  0  0  0  0  0  0  0  0]
 [ 0  0  0  0  0  0 13  0  0  0  0  0  0  0  0  0  0  0  0  0]
 [ 0  0  0  0  0  0  0  0  0  0  0  0  0  0  0  0  0  0  0  0]
 [ 0  0  0  0  0  0  0  0  0  0  0  0  0  0  0  0  0  0 10 10]
 [ 0  0  0  1  1  0  0  0  0  0  0 14 14  0  0  0  0  0 10 10]
 [ 0  0  0  1  1  0  0  0  0  0  0 14 14  0  0  0  0  0 10 10]
 [10 10 10 10 10 10 10 10 10 10 10 10 10 10 10 10 10 10 10 10]
 [10 10 10 10 10 10 10 10 10 10 10 10 10 10 10 10 10 10 10 10]]
State: {'lives': 2, 'score': 100, 'coins': 1, 'stage': 1, 'world': 1, 'x_position': 378, 'time': 361, 'dead_timer': 0, 'dead_jump_timer': 0, 'game_over': False}
Frame: [[[255 255 255]
  [255 255 255]
  [255 255 255]
  ...
  [255 255 255]
  [255 255 255]
  [255 255 255]]

 [[255 255 255]
  [224 224 224]
  [170 170 170]
  ...
  [170 170 170]
  [224 224 224]
  [255 255 255]]

 [[255 255 255]
  [179 179 179]
  [ 42  42  42]
  ...
  [ 42  42  42]
  [179 179 179]
  [255 255 255]]

 ...

 [[  0   0   0]
  [  0   0   0]
  [  0   0   0]
  ...
  [  0   0   0]
  [  0   0   0]
  [  0   0   0]]

 [[  0   0   0]
  [  0   0   0]
  [  0   0   0]
  ...
  [  0   0   0]
  [  0   0   0]
  [  0   0   0]]

 [[  0   0   0]
  [  0   0   0]
  [  0   0   0]
  ...
  [  0   0   0]
  [  0   0   0]
  [  0   0   0]]]
Game Area: [[ 0  0  0  0  0  0  0  0  0  0  0  0  0  0  0  0  0  0  0  0]
 [ 0  0  0  0  0  0  0  0  0  0  0  0  0  0  0  0  0  0  0  0]
 [ 0  0  0  0  0  0  0  0  0  0  0  0  0  0  0  0  0  0  0  0]
 [ 0  0  0  0  0  0  0  0  0  0  0  0  0  0  0  0  0  0  0  0]
 [ 0  0  0  0  0  0  0  0  0  0  0  0  0  0  0  0  0  0  0  0]
 [ 0  0  0  0  0  0  0  0  0  0  0  0  0  0  0  0  0  0  0  0]
 [ 0  0  0  0  0  0  0  0  0  0  0  0  0  0  0  0  0  0 13  0]
 [ 0  0  0  0  0  0  0  0  0  0  0  0  0  0  0  0  0  0  0  0]
 [ 0  0  0  0  0  0  0  0  0  0  0  0  0  0  0  0  0  0  0  0]
 [ 0  0  0  0  0  0 13  0  0  0  0  0  0  0  0  0  0  0  0  0]
 [ 0  0  0  0  0  0  0  0  0  0  0  0  0  0  0  0  0  0  0  0]
 [ 0  0  0  0  0  0  0  0  0  0  0  0  0  0  0  0  0  0 10 10]
 [ 0  0  0  1  1  0  0  0  0  0  0 14 14  0  0  0  0  0 10 10]
 [ 0  0  0  1  1  0  0  0  0  0  0 14 14  0  0  0  0  0 10 10]
 [10 10 10 10 10 10 10 10 10 10 10 10 10 10 10 10 10 10 10 10]
 [10 10 10 10 10 10 10 10 10 10 10 10 10 10 10 10 10 10 10 10]]
State: {'lives': 2, 'score': 100, 'coins': 1, 'stage': 1, 'world': 1, 'x_position': 378, 'time': 361, 'dead_timer': 0, 'dead_jump_timer': 0, 'game_over': False}
Frame: [[[255 255 255]
  [255 255 255]
  [255 255 255]
  ...
  [255 255 255]
  [255 255 255]
  [255 255 255]]

 [[255 255 255]
  [224 224 224]
  [170 170 170]
  ...
  [170 170 170]
  [224 224 224]
  [255 255 255]]

 [[255 255 255]
  [179 179 179]
  [ 42  42  42]
  ...
  [ 42  42  42]
  [179 179 179]
  [255 255 255]]

 ...

 [[  0   0   0]
  [  0   0   0]
  [  0   0   0]
  ...
  [  0   0   0]
  [  0   0   0]
  [  0   0   0]]

 [[  0   0   0]
  [  0   0   0]
  [  0   0   0]
  ...
  [  0   0   0]
  [  0   0   0]
  [  0   0   0]]

 [[  0   0   0]
  [  0   0   0]
  [  0   0   0]
  ...
  [  0   0   0]
  [  0   0   0]
  [  0   0   0]]]
Game Area: [[ 0  0  0  0  0  0  0  0  0  0  0  0  0  0  0  0  0  0  0  0]
 [ 0  0  0  0  0  0  0  0  0  0  0  0  0  0  0  0  0  0  0  0]
 [ 0  0  0  0  0  0  0  0  0  0  0  0  0  0  0  0  0  0  0  0]
 [ 0  0  0  0  0  0  0  0  0  0  0  0  0  0  0  0  0  0  0  0]
 [ 0  0  0  0  0  0  0  0  0  0  0  0  0  0  0  0  0  0  0  0]
 [ 0  0  0  0  0  0  0  0  0  0  0  0  0  0  0  0  0  0  0  0]
 [ 0  0  0  0  0  0  0  0  0  0  0  0  0  0  0  0  0  0 13  0]
 [ 0  0  0  0  0  0  0  0  0  0  0  0  0  0  0  0  0  0  0  0]
 [ 0  0  0  0  0  0  0  0  0  0  0  0  0  0  0  0  0  0  0  0]
 [ 0  0  0  1  1  0 13  0  0  0  0  0  0  0  0  0  0  0  0  0]
 [ 0  0  0  1  1  0  0  0  0  0  0  0  0  0  0  0  0  0  0  0]
 [ 0  0  0  0  0  0  0  0  0  0  0  0  0  0  0  0  0  0 10 10]
 [ 0  0  0  0  0  0  0  0  0  0  0 14 14  0  0  0  0  0 10 10]
 [ 0  0  0  0  0  0  0  0  0  0  0 14 14  0  0  0  0  0 10 10]
 [10 10 10 10 10 10 10 10 10 10 10 10 10 10 10 10 10 10 10 10]
 [10 10 10 10 10 10 10 10 10 10 10 10 10 10 10 10 10 10 10 10]]
State: {'lives': 2, 'score': 100, 'coins': 1, 'stage': 1, 'world': 1, 'x_position': 378, 'time': 360, 'dead_timer': 0, 'dead_jump_timer': 0, 'game_over': False}
Frame: [[[255 255 255]
  [255 255 255]
  [255 255 255]
  ...
  [255 255 255]
  [255 255 255]
  [255 255 255]]

 [[255 255 255]
  [224 224 224]
  [170 170 170]
  ...
  [170 170 170]
  [224 224 224]
  [255 255 255]]

 [[255 255 255]
  [179 179 179]
  [ 42  42  42]
  ...
  [ 42  42  42]
  [179 179 179]
  [255 255 255]]

 ...

 [[  0   0   0]
  [  0   0   0]
  [  0   0   0]
  ...
  [  0   0   0]
  [  0   0   0]
  [  0   0   0]]

 [[  0   0   0]
  [  0   0   0]
  [  0   0   0]
  ...
  [  0   0   0]
  [  0   0   0]
  [  0   0   0]]

 [[  0   0   0]
  [  0   0   0]
  [  0   0   0]
  ...
  [  0   0   0]
  [  0   0   0]
  [  0   0   0]]]
Game Area: [[ 0  0  0  0  0  0  0  0  0  0  0  0  0  0  0  0  0  0  0  0]
 [ 0  0  0  0  0  0  0  0  0  0  0  0  0  0  0  0  0  0  0  0]
 [ 0  0  0  0  0  0  0  0  0  0  0  0  0  0  0  0  0  0  0  0]
 [ 0  0  0  0  0  0  0  0  0  0  0  0  0  0  0  0  0  0  0  0]
 [ 0  0  0  0  0  0  0  0  0  0  0  0  0  0  0  0  0  0  0  0]
 [ 0  0  0  0  0  0  0  0  0  0  0  0  0  0  0  0  0  0  0  0]
 [ 0  0  0  0  0  0  0  0  0  0  0  0  0  0  0  0  0  0 13  0]
 [ 0  0  0  0  0  0  0  0  0  0  0  0  0  0  0  0  0  0  0  0]
 [ 0  0  0  1  1  0  0  0  0  0  0  0  0  0  0  0  0  0  0  0]
 [ 0  0  0  1  1  0 13  0  0  0  0  0  0  0  0  0  0  0  0  0]
 [ 0  0  0  0  0  0  0  0  0  0  0  0  0  0  0  0  0  0  0  0]
 [ 0  0  0  0  0  0  0  0  0  0  0  0  0  0  0  0  0  0 10 10]
 [ 0  0  0  0  0  0  0  0  0  0  0 14 14  0  0  0  0  0 10 10]
 [ 0  0  0  0  0  0  0  0  0  0  0 14 14  0  0  0  0  0 10 10]
 [10 10 10 10 10 10 10 10 10 10 10 10 10 10 10 10 10 10 10 10]
 [10 10 10 10 10 10 10 10 10 10 10 10 10 10 10 10 10 10 10 10]]
State: {'lives': 2, 'score': 100, 'coins': 1, 'stage': 1, 'world': 1, 'x_position': 378, 'time': 360, 'dead_timer': 0, 'dead_jump_timer': 0, 'game_over': False}
Frame: [[[255 255 255]
  [255 255 255]
  [255 255 255]
  ...
  [255 255 255]
  [255 255 255]
  [255 255 255]]

 [[255 255 255]
  [224 224 224]
  [170 170 170]
  ...
  [170 170 170]
  [224 224 224]
  [255 255 255]]

 [[255 255 255]
  [179 179 179]
  [ 42  42  42]
  ...
  [ 42  42  42]
  [179 179 179]
  [255 255 255]]

 ...

 [[  0   0   0]
  [  0   0   0]
  [  0   0   0]
  ...
  [  0   0   0]
  [  0   0   0]
  [  0   0   0]]

 [[  0   0   0]
  [  0   0   0]
  [  0   0   0]
  ...
  [  0   0   0]
  [  0   0   0]
  [  0   0   0]]

 [[  0   0   0]
  [  0   0   0]
  [  0   0   0]
  ...
  [  0   0   0]
  [  0   0   0]
  [  0   0   0]]]
Game Area: [[ 0  0  0  0  0  0  0  0  0  0  0  0  0  0  0  0  0  0  0  0]
 [ 0  0  0  0  0  0  0  0  0  0  0  0  0  0  0  0  0  0  0  0]
 [ 0  0  0  0  0  0  0  0  0  0  0  0  0  0  0  0  0  0  0  0]
 [ 0  0  0  0  0  0  0  0  0  0  0  0  0  0  0  0  0  0  0  0]
 [ 0  0  0  0  0  0  0  0  0  0  0  0  0  0  0  0  0  0  0  0]
 [ 0  0  0  0  0  0  0  0  0  0  0  0  0  0  0  0  0  0  0  0]
 [ 0  0  0  0  0  0  0  0  0  0  0  0  0  0  0  0  0  0 13  0]
 [ 0  0  0  0  0  0  0  0  0  0  0  0  0  0  0  0  0  0  0  0]
 [ 0  0  0  1  1  0  0  0  0  0  0  0  0  0  0  0  0  0  0  0]
 [ 0  0  0  1  1  0 13  0  0  0  0  0  0  0  0  0  0  0  0  0]
 [ 0  0  0  0  0  0  0  0  0  0  0  0  0  0  0  0  0  0  0  0]
 [ 0  0  0  0  0  0  0  0  0  0  0  0  0  0  0  0  0  0 10 10]
 [ 0  0  0  0  0  0  0  0  0  0  0 14 14  0  0  0  0  0 10 10]
 [ 0  0  0  0  0  0  0  0  0  0  0 14 14  0  0  0  0  0 10 10]
 [10 10 10 10 10 10 10 10 10 10 10 10 10 10 10 10 10 10 10 10]
 [10 10 10 10 10 10 10 10 10 10 10 10 10 10 10 10 10 10 10 10]]
State: {'lives': 2, 'score': 100, 'coins': 1, 'stage': 1, 'world': 1, 'x_position': 378, 'time': 360, 'dead_timer': 0, 'dead_jump_timer': 0, 'game_over': False}
Frame: [[[255 255 255]
  [255 255 255]
  [255 255 255]
  ...
  [255 255 255]
  [255 255 255]
  [255 255 255]]

 [[255 255 255]
  [224 224 224]
  [170 170 170]
  ...
  [170 170 170]
  [224 224 224]
  [255 255 255]]

 [[255 255 255]
  [179 179 179]
  [ 42  42  42]
  ...
  [ 42  42  42]
  [179 179 179]
  [255 255 255]]

 ...

 [[  0   0   0]
  [  0   0   0]
  [  0   0   0]
  ...
  [  0   0   0]
  [  0   0   0]
  [  0   0   0]]

 [[  0   0   0]
  [  0   0   0]
  [  0   0   0]
  ...
  [  0   0   0]
  [  0   0   0]
  [  0   0   0]]

 [[  0   0   0]
  [  0   0   0]
  [  0   0   0]
  ...
  [  0   0   0]
  [  0   0   0]
  [  0   0   0]]]
Game Area: [[ 0  0  0  0  0  0  0  0  0  0  0  0  0  0  0  0  0  0  0  0]
 [ 0  0  0  0  0  0  0  0  0  0  0  0  0  0  0  0  0  0  0  0]
 [ 0  0  0  0  0  0  0  0  0  0  0  0  0  0  0  0  0  0  0  0]
 [ 0  0  0  0  0  0  0  0  0  0  0  0  0  0  0  0  0  0  0  0]
 [ 0  0  0  0  0  0  0  0  0  0  0  0  0  0  0  0  0  0  0  0]
 [ 0  0  0  0  0  0  0  0  0  0  0  0  0  0  0  0  0  0  0  0]
 [ 0  0  0  0  0  0  0  0  0  0  0  0  0  0  0  0  0  0 13  0]
 [ 0  0  0  0  0  0  0  0  0  0  0  0  0  0  0  0  0  0  0  0]
 [ 0  0  0  0  0  0  0  0  0  0  0  0  0  0  0  0  0  0  0  0]
 [ 0  0  0  0  0  0 13  0  0  0  0  0  0  0  0  0  0  0  0  0]
 [ 0  0  0  1  1  0  0  0  0  0  0  0  0  0  0  0  0  0  0  0]
 [ 0  0  0  1  1  0  0  0  0  0  0  0  0  0  0  0  0  0 10 10]
 [ 0  0  0  0  0  0  0  0  0  0  0 14 14  0  0  0  0  0 10 10]
 [ 0  0  0  0  0  0  0  0  0  0  0 14 14  0  0  0  0  0 10 10]
 [10 10 10 10 10 10 10 10 10 10 10 10 10 10 10 10 10 10 10 10]
 [10 10 10 10 10 10 10 10 10 10 10 10 10 10 10 10 10 10 10 10]]
State: {'lives': 2, 'score': 100, 'coins': 1, 'stage': 1, 'world': 1, 'x_position': 378, 'time': 360, 'dead_timer': 0, 'dead_jump_timer': 0, 'game_over': False}
Frame: [[[255 255 255]
  [255 255 255]
  [255 255 255]
  ...
  [255 255 255]
  [255 255 255]
  [255 255 255]]

 [[255 255 255]
  [224 224 224]
  [170 170 170]
  ...
  [170 170 170]
  [224 224 224]
  [255 255 255]]

 [[255 255 255]
  [179 179 179]
  [ 42  42  42]
  ...
  [ 42  42  42]
  [179 179 179]
  [255 255 255]]

 ...

 [[  0   0   0]
  [  0   0   0]
  [  0   0   0]
  ...
  [  0   0   0]
  [  0   0   0]
  [  0   0   0]]

 [[  0   0   0]
  [  0   0   0]
  [  0   0   0]
  ...
  [  0   0   0]
  [  0   0   0]
  [  0   0   0]]

 [[  0   0   0]
  [  0   0   0]
  [  0   0   0]
  ...
  [  0   0   0]
  [  0   0   0]
  [  0   0   0]]]
Game Area: [[ 0  0  0  0  0  0  0  0  0  0  0  0  0  0  0  0  0  0  0  0]
 [ 0  0  0  0  0  0  0  0  0  0  0  0  0  0  0  0  0  0  0  0]
 [ 0  0  0  0  0  0  0  0  0  0  0  0  0  0  0  0  0  0  0  0]
 [ 0  0  0  0  0  0  0  0  0  0  0  0  0  0  0  0  0  0  0  0]
 [ 0  0  0  0  0  0  0  0  0  0  0  0  0  0  0  0  0  0  0  0]
 [ 0  0  0  0  0  0  0  0  0  0  0  0  0  0  0  0  0  0  0  0]
 [ 0  0  0  0  0  0  0  0  0  0  0  0  0  0  0  0  0  0 13  0]
 [ 0  0  0  0  0  0  0  0  0  0  0  0  0  0  0  0  0  0  0  0]
 [ 0  0  0  0  0  0  0  0  0  0  0  0  0  0  0  0  0  0  0  0]
 [ 0  0  0  0  0  0 13  0  0  0  0  0  0  0  0  0  0  0  0  0]
 [ 0  0  0  0  0  0  0  0  0  0  0  0  0  0  0  0  0  0  0  0]
 [ 0  0  0  0  0  0  0  0  0  0  0  0  0  0  0  0  0  0 10 10]
 [ 0  0  0  1  1  0  0  0  0  0  0 14 14  0  0  0  0  0 10 10]
 [ 0  0  0  1  1  0  0  0  0  0  0 14 14  0  0  0  0  0 10 10]
 [10 10 10 10 10 10 10 10 10 10 10 10 10 10 10 10 10 10 10 10]
 [10 10 10 10 10 10 10 10 10 10 10 10 10 10 10 10 10 10 10 10]]
State: {'lives': 2, 'score': 100, 'coins': 1, 'stage': 1, 'world': 1, 'x_position': 378, 'time': 359, 'dead_timer': 0, 'dead_jump_timer': 0, 'game_over': False}
Frame: [[[255 255 255]
  [255 255 255]
  [255 255 255]
  ...
  [255 255 255]
  [255 255 255]
  [255 255 255]]

 [[255 255 255]
  [224 224 224]
  [170 170 170]
  ...
  [170 170 170]
  [224 224 224]
  [255 255 255]]

 [[255 255 255]
  [179 179 179]
  [ 42  42  42]
  ...
  [ 42  42  42]
  [179 179 179]
  [255 255 255]]

 ...

 [[  0   0   0]
  [  0   0   0]
  [  0   0   0]
  ...
  [  0   0   0]
  [  0   0   0]
  [  0   0   0]]

 [[  0   0   0]
  [  0   0   0]
  [  0   0   0]
  ...
  [  0   0   0]
  [  0   0   0]
  [  0   0   0]]

 [[  0   0   0]
  [  0   0   0]
  [  0   0   0]
  ...
  [  0   0   0]
  [  0   0   0]
  [  0   0   0]]]
Game Area: [[ 0  0  0  0  0  0  0  0  0  0  0  0  0  0  0  0  0  0  0  0]
 [ 0  0  0  0  0  0  0  0  0  0  0  0  0  0  0  0  0  0  0  0]
 [ 0  0  0  0  0  0  0  0  0  0  0  0  0  0  0  0  0  0  0  0]
 [ 0  0  0  0  0  0  0  0  0  0  0  0  0  0  0  0  0  0  0  0]
 [ 0  0  0  0  0  0  0  0  0  0  0  0  0  0  0  0  0  0  0  0]
 [ 0  0  0  0  0  0  0  0  0  0  0  0  0  0  0  0  0  0  0  0]
 [ 0  0  0  0  0  0  0  0  0  0  0  0  0  0  0  0  0  0 13  0]
 [ 0  0  0  0  0  0  0  0  0  0  0  0  0  0  0  0  0  0  0  0]
 [ 0  0  0  0  0  0  0  0  0  0  0  0  0  0  0  0  0  0  0  0]
 [ 0  0  0  0  0  0 13  0  0  0  0  0  0  0  0  0  0  0  0  0]
 [ 0  0  0  0  0  0  0  0  0  0  0  0  0  0  0  0  0  0  0  0]
 [ 0  0  0  0  0  0  0  0  0  0  0  0  0  0  0  0  0  0 10 10]
 [ 0  0  0  1  1  0  0  0  0  0  0 14 14  0  0  0  0  0 10 10]
 [ 0  0  0  1  1  0  0  0  0  0  0 14 14  0  0  0  0  0 10 10]
 [10 10 10 10 10 10 10 10 10 10 10 10 10 10 10 10 10 10 10 10]
 [10 10 10 10 10 10 10 10 10 10 10 10 10 10 10 10 10 10 10 10]]
State: {'lives': 2, 'score': 100, 'coins': 1, 'stage': 1, 'world': 1, 'x_position': 378, 'time': 359, 'dead_timer': 0, 'dead_jump_timer': 0, 'game_over': False}
Frame: [[[255 255 255]
  [255 255 255]
  [255 255 255]
  ...
  [255 255 255]
  [255 255 255]
  [255 255 255]]

 [[255 255 255]
  [224 224 224]
  [170 170 170]
  ...
  [170 170 170]
  [224 224 224]
  [255 255 255]]

 [[255 255 255]
  [179 179 179]
  [ 42  42  42]
  ...
  [ 42  42  42]
  [179 179 179]
  [255 255 255]]

 ...

 [[  0   0   0]
  [  0   0   0]
  [  0   0   0]
  ...
  [  0   0   0]
  [  0   0   0]
  [  0   0   0]]

 [[  0   0   0]
  [  0   0   0]
  [  0   0   0]
  ...
  [  0   0   0]
  [  0   0   0]
  [  0   0   0]]

 [[  0   0   0]
  [  0   0   0]
  [  0   0   0]
  ...
  [  0   0   0]
  [  0   0   0]
  [  0   0   0]]]
Game Area: [[ 0  0  0  0  0  0  0  0  0  0  0  0  0  0  0  0  0  0  0  0]
 [ 0  0  0  0  0  0  0  0  0  0  0  0  0  0  0  0  0  0  0  0]
 [ 0  0  0  0  0  0  0  0  0  0  0  0  0  0  0  0  0  0  0  0]
 [ 0  0  0  0  0  0  0  0  0  0  0  0  0  0  0  0  0  0  0  0]
 [ 0  0  0  0  0  0  0  0  0  0  0  0  0  0  0  0  0  0  0  0]
 [ 0  0  0  0  0  0  0  0  0  0  0  0  0  0  0  0  0  0  0  0]
 [ 0  0  0  0  0  0  0  0  0  0  0  0  0  0  0  0  0  0 13  0]
 [ 0  0  0  0  0  0  0  0  0  0  0  0  0  0  0  0  0  0  0  0]
 [ 0  0  0  0  0  0  0  0  0  0  0  0  0  0  0  0  0  0  0  0]
 [ 0  0  0  0  0  0 13  0  0  0  0  0  0  0  0  0  0  0  0  0]
 [ 0  0  0  0  0  0  0  0  0  0  0  0  0  0  0  0  0  0  0  0]
 [ 0  0  0  0  0  0  0  0  0  0  0  0  0  0  0  0  0  0 10 10]
 [ 0  0  0  1  1  0  0  0  0  0  0 14 14  0  0  0  0  0 10 10]
 [ 0  0  0  1  1  0  0  0  0  0  0 14 14  0  0  0  0  0 10 10]
 [10 10 10 10 10 10 10 10 10 10 10 10 10 10 10 10 10 10 10 10]
 [10 10 10 10 10 10 10 10 10 10 10 10 10 10 10 10 10 10 10 10]]
State: {'lives': 2, 'score': 100, 'coins': 1, 'stage': 1, 'world': 1, 'x_position': 378, 'time': 359, 'dead_timer': 0, 'dead_jump_timer': 0, 'game_over': False}
Frame: [[[255 255 255]
  [255 255 255]
  [255 255 255]
  ...
  [255 255 255]
  [255 255 255]
  [255 255 255]]

 [[255 255 255]
  [224 224 224]
  [170 170 170]
  ...
  [170 170 170]
  [224 224 224]
  [255 255 255]]

 [[255 255 255]
  [179 179 179]
  [ 42  42  42]
  ...
  [ 42  42  42]
  [179 179 179]
  [255 255 255]]

 ...

 [[  0   0   0]
  [  0   0   0]
  [  0   0   0]
  ...
  [  0   0   0]
  [  0   0   0]
  [  0   0   0]]

 [[  0   0   0]
  [  0   0   0]
  [  0   0   0]
  ...
  [  0   0   0]
  [  0   0   0]
  [  0   0   0]]

 [[  0   0   0]
  [  0   0   0]
  [  0   0   0]
  ...
  [  0   0   0]
  [  0   0   0]
  [  0   0   0]]]
Game Area: [[ 0  0  0  0  0  0  0  0  0  0  0  0  0  0  0  0  0  0  0  0]
 [ 0  0  0  0  0  0  0  0  0  0  0  0  0  0  0  0  0  0  0  0]
 [ 0  0  0  0  0  0  0  0  0  0  0  0  0  0  0  0  0  0  0  0]
 [ 0  0  0  0  0  0  0  0  0  0  0  0  0  0  0  0  0  0  0  0]
 [ 0  0  0  0  0  0  0  0  0  0  0  0  0  0  0  0  0  0  0  0]
 [ 0  0  0  0  0  0  0  0  0  0  0  0  0  0  0  0  0  0  0  0]
 [ 0  0  0  0  0  0  0  0  0  0  0  0  0  0  0  0  0  0 13  0]
 [ 0  0  0  0  0  0  0  0  0  0  0  0  0  0  0  0  0  0  0  0]
 [ 0  0  0  0  0  0  0  0  0  0  0  0  0  0  0  0  0  0  0  0]
 [ 0  0  0  0  0  0 13  0  0  0  0  0  0  0  0  0  0  0  0  0]
 [ 0  0  0  0  0  0  0  0  0  0  0  0  0  0  0  0  0  0  0  0]
 [ 0  0  0  0  0  0  0  0  0  0  0  0  0  0  0  0  0  0 10 10]
 [ 0  0  0  1  1  0  0  0  0  0  0 14 14  0  0  0  0  0 10 10]
 [ 0  0  0  1  1  0  0  0  0  0  0 14 14  0  0  0  0  0 10 10]
 [10 10 10 10 10 10 10 10 10 10 10 10 10 10 10 10 10 10 10 10]
 [10 10 10 10 10 10 10 10 10 10 10 10 10 10 10 10 10 10 10 10]]
State: {'lives': 2, 'score': 100, 'coins': 1, 'stage': 1, 'world': 1, 'x_position': 385, 'time': 359, 'dead_timer': 0, 'dead_jump_timer': 0, 'game_over': False}
Frame: [[[255 255 255]
  [255 255 255]
  [255 255 255]
  ...
  [255 255 255]
  [255 255 255]
  [255 255 255]]

 [[255 255 255]
  [224 224 224]
  [170 170 170]
  ...
  [170 170 170]
  [224 224 224]
  [255 255 255]]

 [[255 255 255]
  [179 179 179]
  [ 42  42  42]
  ...
  [ 42  42  42]
  [179 179 179]
  [255 255 255]]

 ...

 [[  0   0   0]
  [  0   0   0]
  [  0   0   0]
  ...
  [  0   0   0]
  [  0   0   0]
  [  0   0   0]]

 [[  0   0   0]
  [  0   0   0]
  [  0   0   0]
  ...
  [  0   0   0]
  [  0   0   0]
  [  0   0   0]]

 [[  0   0   0]
  [  0   0   0]
  [  0   0   0]
  ...
  [  0   0   0]
  [  0   0   0]
  [  0   0   0]]]
Game Area: [[ 0  0  0  0  0  0  0  0  0  0  0  0  0  0  0  0  0  0  0  0]
 [ 0  0  0  0  0  0  0  0  0  0  0  0  0  0  0  0  0  0  0  0]
 [ 0  0  0  0  0  0  0  0  0  0  0  0  0  0  0  0  0  0  0  0]
 [ 0  0  0  0  0  0  0  0  0  0  0  0  0  0  0  0  0  0  0  0]
 [ 0  0  0  0  0  0  0  0  0  0  0  0  0  0  0  0  0  0  0  0]
 [ 0  0  0  0  0  0  0  0  0  0  0  0  0  0  0  0  0  0  0  0]
 [ 0  0  0  0  0  0  0  0  0  0  0  0  0  0  0  0  0  0 13  0]
 [ 0  0  0  0  0  0  0  0  0  0  0  0  0  0  0  0  0  0  0  0]
 [ 0  0  0  0  0  0  0  0  0  0  0  0  0  0  0  0  0  0  0  0]
 [ 0  0  0  0  0  0 13  0  0  0  0  0  0  0  0  0  0  0  0  0]
 [ 0  0  0  0  0  0  0  0  0  0  0  0  0  0  0  0  0  0  0  0]
 [ 0  0  0  0  0  0  0  0  0  0  0  0  0  0  0  0  0  0 10 10]
 [ 0  0  0  0  1  1  0  0  0  0  0 14 14  0  0  0  0  0 10 10]
 [ 0  0  0  0  1  1  0  0  0  0  0 14 14  0  0  0  0  0 10 10]
 [10 10 10 10 10 10 10 10 10 10 10 10 10 10 10 10 10 10 10 10]
 [10 10 10 10 10 10 10 10 10 10 10 10 10 10 10 10 10 10 10 10]]
State: {'lives': 2, 'score': 100, 'coins': 1, 'stage': 1, 'world': 1, 'x_position': 384, 'time': 358, 'dead_timer': 0, 'dead_jump_timer': 0, 'game_over': False}
Frame: [[[255 255 255]
  [255 255 255]
  [255 255 255]
  ...
  [255 255 255]
  [255 255 255]
  [255 255 255]]

 [[255 255 255]
  [224 224 224]
  [170 170 170]
  ...
  [170 170 170]
  [224 224 224]
  [255 255 255]]

 [[255 255 255]
  [179 179 179]
  [ 42  42  42]
  ...
  [ 42  42  42]
  [179 179 179]
  [255 255 255]]

 ...

 [[  0   0   0]
  [  0   0   0]
  [  0   0   0]
  ...
  [  0   0   0]
  [  0   0   0]
  [  0   0   0]]

 [[  0   0   0]
  [  0   0   0]
  [  0   0   0]
  ...
  [  0   0   0]
  [  0   0   0]
  [  0   0   0]]

 [[  0   0   0]
  [  0   0   0]
  [  0   0   0]
  ...
  [  0   0   0]
  [  0   0   0]
  [  0   0   0]]]
Game Area: [[ 0  0  0  0  0  0  0  0  0  0  0  0  0  0  0  0  0  0  0  0]
 [ 0  0  0  0  0  0  0  0  0  0  0  0  0  0  0  0  0  0  0  0]
 [ 0  0  0  0  0  0  0  0  0  0  0  0  0  0  0  0  0  0  0  0]
 [ 0  0  0  0  0  0  0  0  0  0  0  0  0  0  0  0  0  0  0  0]
 [ 0  0  0  0  0  0  0  0  0  0  0  0  0  0  0  0  0  0  0  0]
 [ 0  0  0  0  0  0  0  0  0  0  0  0  0  0  0  0  0  0  0  0]
 [ 0  0  0  0  0  0  0  0  0  0  0  0  0  0  0  0  0  0 13  0]
 [ 0  0  0  0  0  0  0  0  0  0  0  0  0  0  0  0  0  0  0  0]
 [ 0  0  0  0  0  0  0  0  0  0  0  0  0  0  0  0  0  0  0  0]
 [ 0  0  0  0  0  0 13  0  0  0  0  0  0  0  0  0  0  0  0  0]
 [ 0  0  0  0  0  0  0  0  0  0  0  0  0  0  0  0  0  0  0  0]
 [ 0  0  0  0  0  0  0  0  0  0  0  0  0  0  0  0  0  0 10 10]
 [ 0  0  0  0  1  1  0  0  0  0  0 14 14  0  0  0  0  0 10 10]
 [ 0  0  0  0  1  1  0  0  0  0  0 14 14  0  0  0  0  0 10 10]
 [10 10 10 10 10 10 10 10 10 10 10 10 10 10 10 10 10 10 10 10]
 [10 10 10 10 10 10 10 10 10 10 10 10 10 10 10 10 10 10 10 10]]
State: {'lives': 2, 'score': 100, 'coins': 1, 'stage': 1, 'world': 1, 'x_position': 380, 'time': 358, 'dead_timer': 0, 'dead_jump_timer': 0, 'game_over': False}
Frame: [[[255 255 255]
  [255 255 255]
  [255 255 255]
  ...
  [255 255 255]
  [255 255 255]
  [255 255 255]]

 [[255 255 255]
  [224 224 224]
  [170 170 170]
  ...
  [170 170 170]
  [224 224 224]
  [255 255 255]]

 [[255 255 255]
  [179 179 179]
  [ 42  42  42]
  ...
  [ 42  42  42]
  [179 179 179]
  [255 255 255]]

 ...

 [[  0   0   0]
  [  0   0   0]
  [  0   0   0]
  ...
  [  0   0   0]
  [  0   0   0]
  [  0   0   0]]

 [[  0   0   0]
  [  0   0   0]
  [  0   0   0]
  ...
  [  0   0   0]
  [  0   0   0]
  [  0   0   0]]

 [[  0   0   0]
  [  0   0   0]
  [  0   0   0]
  ...
  [  0   0   0]
  [  0   0   0]
  [  0   0   0]]]
Game Area: [[ 0  0  0  0  0  0  0  0  0  0  0  0  0  0  0  0  0  0  0  0]
 [ 0  0  0  0  0  0  0  0  0  0  0  0  0  0  0  0  0  0  0  0]
 [ 0  0  0  0  0  0  0  0  0  0  0  0  0  0  0  0  0  0  0  0]
 [ 0  0  0  0  0  0  0  0  0  0  0  0  0  0  0  0  0  0  0  0]
 [ 0  0  0  0  0  0  0  0  0  0  0  0  0  0  0  0  0  0  0  0]
 [ 0  0  0  0  0  0  0  0  0  0  0  0  0  0  0  0  0  0  0  0]
 [ 0  0  0  0  0  0  0  0  0  0  0  0  0  0  0  0  0  0 13  0]
 [ 0  0  0  0  0  0  0  0  0  0  0  0  0  0  0  0  0  0  0  0]
 [ 0  0  0  0  0  0  0  0  0  0  0  0  0  0  0  0  0  0  0  0]
 [ 0  0  0  0  0  0 13  0  0  0  0  0  0  0  0  0  0  0  0  0]
 [ 0  0  0  0  0  0  0  0  0  0  0  0  0  0  0  0  0  0  0  0]
 [ 0  0  0  0  0  0  0  0  0  0  0  0  0  0  0  0  0  0 10 10]
 [ 0  0  0  1  1  0  0  0  0  0  0 14 14  0  0  0  0  0 10 10]
 [ 0  0  0  1  1  0  0  0  0  0  0 14 14  0  0  0  0  0 10 10]
 [10 10 10 10 10 10 10 10 10 10 10 10 10 10 10 10 10 10 10 10]
 [10 10 10 10 10 10 10 10 10 10 10 10 10 10 10 10 10 10 10 10]]
State: {'lives': 2, 'score': 100, 'coins': 1, 'stage': 1, 'world': 1, 'x_position': 380, 'time': 358, 'dead_timer': 0, 'dead_jump_timer': 0, 'game_over': False}
Frame: [[[255 255 255]
  [255 255 255]
  [255 255 255]
  ...
  [255 255 255]
  [255 255 255]
  [255 255 255]]

 [[255 255 255]
  [224 224 224]
  [170 170 170]
  ...
  [170 170 170]
  [224 224 224]
  [255 255 255]]

 [[255 255 255]
  [179 179 179]
  [ 42  42  42]
  ...
  [ 42  42  42]
  [179 179 179]
  [255 255 255]]

 ...

 [[  0   0   0]
  [  0   0   0]
  [  0   0   0]
  ...
  [  0   0   0]
  [  0   0   0]
  [  0   0   0]]

 [[  0   0   0]
  [  0   0   0]
  [  0   0   0]
  ...
  [  0   0   0]
  [  0   0   0]
  [  0   0   0]]

 [[  0   0   0]
  [  0   0   0]
  [  0   0   0]
  ...
  [  0   0   0]
  [  0   0   0]
  [  0   0   0]]]
Game Area: [[ 0  0  0  0  0  0  0  0  0  0  0  0  0  0  0  0  0  0  0  0]
 [ 0  0  0  0  0  0  0  0  0  0  0  0  0  0  0  0  0  0  0  0]
 [ 0  0  0  0  0  0  0  0  0  0  0  0  0  0  0  0  0  0  0  0]
 [ 0  0  0  0  0  0  0  0  0  0  0  0  0  0  0  0  0  0  0  0]
 [ 0  0  0  0  0  0  0  0  0  0  0  0  0  0  0  0  0  0  0  0]
 [ 0  0  0  0  0  0  0  0  0  0  0  0  0  0  0  0  0  0  0  0]
 [ 0  0  0  0  0  0  0  0  0  0  0  0  0  0  0  0  0  0 13  0]
 [ 0  0  0  0  0  0  0  0  0  0  0  0  0  0  0  0  0  0  0  0]
 [ 0  0  0  0  0  0  0  0  0  0  0  0  0  0  0  0  0  0  0  0]
 [ 0  0  0  0  0  0 13  0  0  0  0  0  0  0  0  0  0  0  0  0]
 [ 0  0  0  0  0  0  0  0  0  0  0  0  0  0  0  0  0  0  0  0]
 [ 0  0  0  0  0  0  0  0  0  0  0  0  0  0  0  0  0  0 10 10]
 [ 0  0  0  1  1  0  0  0  0  0  0 14 14  0  0  0  0  0 10 10]
 [ 0  0  0  1  1  0  0  0  0  0  0 14 14  0  0  0  0  0 10 10]
 [10 10 10 10 10 10 10 10 10 10 10 10 10 10 10 10 10 10 10 10]
 [10 10 10 10 10 10 10 10 10 10 10 10 10 10 10 10 10 10 10 10]]
State: {'lives': 2, 'score': 100, 'coins': 1, 'stage': 1, 'world': 1, 'x_position': 380, 'time': 358, 'dead_timer': 0, 'dead_jump_timer': 0, 'game_over': False}
Frame: [[[255 255 255]
  [255 255 255]
  [255 255 255]
  ...
  [255 255 255]
  [255 255 255]
  [255 255 255]]

 [[255 255 255]
  [224 224 224]
  [170 170 170]
  ...
  [170 170 170]
  [224 224 224]
  [255 255 255]]

 [[255 255 255]
  [179 179 179]
  [ 42  42  42]
  ...
  [ 42  42  42]
  [179 179 179]
  [255 255 255]]

 ...

 [[  0   0   0]
  [  0   0   0]
  [  0   0   0]
  ...
  [  0   0   0]
  [  0   0   0]
  [  0   0   0]]

 [[  0   0   0]
  [  0   0   0]
  [  0   0   0]
  ...
  [  0   0   0]
  [  0   0   0]
  [  0   0   0]]

 [[  0   0   0]
  [  0   0   0]
  [  0   0   0]
  ...
  [  0   0   0]
  [  0   0   0]
  [  0   0   0]]]
Game Area: [[ 0  0  0  0  0  0  0  0  0  0  0  0  0  0  0  0  0  0  0  0]
 [ 0  0  0  0  0  0  0  0  0  0  0  0  0  0  0  0  0  0  0  0]
 [ 0  0  0  0  0  0  0  0  0  0  0  0  0  0  0  0  0  0  0  0]
 [ 0  0  0  0  0  0  0  0  0  0  0  0  0  0  0  0  0  0  0  0]
 [ 0  0  0  0  0  0  0  0  0  0  0  0  0  0  0  0  0  0  0  0]
 [ 0  0  0  0  0  0  0  0  0  0  0  0  0  0  0  0  0  0  0  0]
 [ 0  0  0  0  0  0  0  0  0  0  0  0  0  0  0  0  0  0 13  0]
 [ 0  0  0  0  0  0  0  0  0  0  0  0  0  0  0  0  0  0  0  0]
 [ 0  0  0  0  0  0  0  0  0  0  0  0  0  0  0  0  0  0  0  0]
 [ 0  0  0  0  0  0 13  0  0  0  0  0  0  0  0  0  0  0  0  0]
 [ 0  0  0  0  0  0  0  0  0  0  0  0  0  0  0  0  0  0  0  0]
 [ 0  0  0  0  0  0  0  0  0  0  0  0  0  0  0  0  0  0 10 10]
 [ 0  0  0  1  1  0  0  0  0  0  0 14 14  0  0  0  0  0 10 10]
 [ 0  0  0  1  1  0  0  0  0  0  0 14 14  0  0  0  0  0 10 10]
 [10 10 10 10 10 10 10 10 10 10 10 10 10 10 10 10 10 10 10 10]
 [10 10 10 10 10 10 10 10 10 10 10 10 10 10 10 10 10 10 10 10]]
State: {'lives': 2, 'score': 100, 'coins': 1, 'stage': 1, 'world': 1, 'x_position': 387, 'time': 357, 'dead_timer': 0, 'dead_jump_timer': 0, 'game_over': False}
Frame: [[[255 255 255]
  [255 255 255]
  [255 255 255]
  ...
  [255 255 255]
  [255 255 255]
  [255 255 255]]

 [[255 255 255]
  [224 224 224]
  [170 170 170]
  ...
  [170 170 170]
  [224 224 224]
  [255 255 255]]

 [[255 255 255]
  [179 179 179]
  [ 42  42  42]
  ...
  [ 42  42  42]
  [179 179 179]
  [255 255 255]]

 ...

 [[  0   0   0]
  [  0   0   0]
  [  0   0   0]
  ...
  [  0   0   0]
  [  0   0   0]
  [  0   0   0]]

 [[  0   0   0]
  [  0   0   0]
  [  0   0   0]
  ...
  [  0   0   0]
  [  0   0   0]
  [  0   0   0]]

 [[  0   0   0]
  [  0   0   0]
  [  0   0   0]
  ...
  [  0   0   0]
  [  0   0   0]
  [  0   0   0]]]
Game Area: [[ 0  0  0  0  0  0  0  0  0  0  0  0  0  0  0  0  0  0  0  0]
 [ 0  0  0  0  0  0  0  0  0  0  0  0  0  0  0  0  0  0  0  0]
 [ 0  0  0  0  0  0  0  0  0  0  0  0  0  0  0  0  0  0  0  0]
 [ 0  0  0  0  0  0  0  0  0  0  0  0  0  0  0  0  0  0  0  0]
 [ 0  0  0  0  0  0  0  0  0  0  0  0  0  0  0  0  0  0  0  0]
 [ 0  0  0  0  0  0  0  0  0  0  0  0  0  0  0  0  0  0  0  0]
 [ 0  0  0  0  0  0  0  0  0  0  0  0  0  0  0  0  0  0 13  0]
 [ 0  0  0  0  0  0  0  0  0  0  0  0  0  0  0  0  0  0  0  0]
 [ 0  0  0  0  0  0  0  0  0  0  0  0  0  0  0  0  0  0  0  0]
 [ 0  0  0  0  0  0 13  0  0  0  0  0  0  0  0  0  0  0  0  0]
 [ 0  0  0  0  0  0  0  0  0  0  0  0  0  0  0  0  0  0  0  0]
 [ 0  0  0  0  0  0  0  0  0  0  0  0  0  0  0  0  0  0 10 10]
 [ 0  0  0  0  1  1  0  0  0  0  0 14 14  0  0  0  0  0 10 10]
 [ 0  0  0  0  1  1  0  0  0  0  0 14 14  0  0  0  0  0 10 10]
 [10 10 10 10 10 10 10 10 10 10 10 10 10 10 10 10 10 10 10 10]
 [10 10 10 10 10 10 10 10 10 10 10 10 10 10 10 10 10 10 10 10]]
State: {'lives': 2, 'score': 100, 'coins': 1, 'stage': 1, 'world': 1, 'x_position': 386, 'time': 357, 'dead_timer': 0, 'dead_jump_timer': 0, 'game_over': False}
Frame: [[[255 255 255]
  [255 255 255]
  [255 255 255]
  ...
  [255 255 255]
  [255 255 255]
  [255 255 255]]

 [[255 255 255]
  [224 224 224]
  [170 170 170]
  ...
  [170 170 170]
  [224 224 224]
  [255 255 255]]

 [[255 255 255]
  [179 179 179]
  [ 42  42  42]
  ...
  [ 42  42  42]
  [179 179 179]
  [255 255 255]]

 ...

 [[  0   0   0]
  [  0   0   0]
  [  0   0   0]
  ...
  [  0   0   0]
  [  0   0   0]
  [  0   0   0]]

 [[  0   0   0]
  [  0   0   0]
  [  0   0   0]
  ...
  [  0   0   0]
  [  0   0   0]
  [  0   0   0]]

 [[  0   0   0]
  [  0   0   0]
  [  0   0   0]
  ...
  [  0   0   0]
  [  0   0   0]
  [  0   0   0]]]
Game Area: [[ 0  0  0  0  0  0  0  0  0  0  0  0  0  0  0  0  0  0  0  0]
 [ 0  0  0  0  0  0  0  0  0  0  0  0  0  0  0  0  0  0  0  0]
 [ 0  0  0  0  0  0  0  0  0  0  0  0  0  0  0  0  0  0  0  0]
 [ 0  0  0  0  0  0  0  0  0  0  0  0  0  0  0  0  0  0  0  0]
 [ 0  0  0  0  0  0  0  0  0  0  0  0  0  0  0  0  0  0  0  0]
 [ 0  0  0  0  0  0  0  0  0  0  0  0  0  0  0  0  0  0  0  0]
 [ 0  0  0  0  0  0  0  0  0  0  0  0  0  0  0  0  0  0 13  0]
 [ 0  0  0  0  0  0  0  0  0  0  0  0  0  0  0  0  0  0  0  0]
 [ 0  0  0  0  0  0  0  0  0  0  0  0  0  0  0  0  0  0  0  0]
 [ 0  0  0  0  0  0 13  0  0  0  0  0  0  0  0  0  0  0  0  0]
 [ 0  0  0  0  0  0  0  0  0  0  0  0  0  0  0  0  0  0  0  0]
 [ 0  0  0  0  0  0  0  0  0  0  0  0  0  0  0  0  0  0 10 10]
 [ 0  0  0  0  0  1  1  0  0  0  0 14 14  0  0  0  0  0 10 10]
 [ 0  0  0  0  0  1  1  0  0  0  0 14 14  0  0  0  0  0 10 10]
 [10 10 10 10 10 10 10 10 10 10 10 10 10 10 10 10 10 10 10 10]
 [10 10 10 10 10 10 10 10 10 10 10 10 10 10 10 10 10 10 10 10]]
State: {'lives': 2, 'score': 100, 'coins': 1, 'stage': 1, 'world': 1, 'x_position': 385, 'time': 357, 'dead_timer': 0, 'dead_jump_timer': 0, 'game_over': False}
Frame: [[[255 255 255]
  [255 255 255]
  [255 255 255]
  ...
  [255 255 255]
  [255 255 255]
  [255 255 255]]

 [[255 255 255]
  [224 224 224]
  [170 170 170]
  ...
  [170 170 170]
  [224 224 224]
  [255 255 255]]

 [[255 255 255]
  [179 179 179]
  [ 42  42  42]
  ...
  [ 42  42  42]
  [179 179 179]
  [255 255 255]]

 ...

 [[  0   0   0]
  [  0   0   0]
  [  0   0   0]
  ...
  [  0   0   0]
  [  0   0   0]
  [  0   0   0]]

 [[  0   0   0]
  [  0   0   0]
  [  0   0   0]
  ...
  [  0   0   0]
  [  0   0   0]
  [  0   0   0]]

 [[  0   0   0]
  [  0   0   0]
  [  0   0   0]
  ...
  [  0   0   0]
  [  0   0   0]
  [  0   0   0]]]
Game Area: [[ 0  0  0  0  0  0  0  0  0  0  0  0  0  0  0  0  0  0  0  0]
 [ 0  0  0  0  0  0  0  0  0  0  0  0  0  0  0  0  0  0  0  0]
 [ 0  0  0  0  0  0  0  0  0  0  0  0  0  0  0  0  0  0  0  0]
 [ 0  0  0  0  0  0  0  0  0  0  0  0  0  0  0  0  0  0  0  0]
 [ 0  0  0  0  0  0  0  0  0  0  0  0  0  0  0  0  0  0  0  0]
 [ 0  0  0  0  0  0  0  0  0  0  0  0  0  0  0  0  0  0  0  0]
 [ 0  0  0  0  0  0  0  0  0  0  0  0  0  0  0  0  0  0 13  0]
 [ 0  0  0  0  0  0  0  0  0  0  0  0  0  0  0  0  0  0  0  0]
 [ 0  0  0  0  0  0  0  0  0  0  0  0  0  0  0  0  0  0  0  0]
 [ 0  0  0  0  0  0 13  0  0  0  0  0  0  0  0  0  0  0  0  0]
 [ 0  0  0  0  0  0  0  0  0  0  0  0  0  0  0  0  0  0  0  0]
 [ 0  0  0  0  0  0  0  0  0  0  0  0  0  0  0  0  0  0 10 10]
 [ 0  0  0  0  1  1  0  0  0  0  0 14 14  0  0  0  0  0 10 10]
 [ 0  0  0  0  1  1  0  0  0  0  0 14 14  0  0  0  0  0 10 10]
 [10 10 10 10 10 10 10 10 10 10 10 10 10 10 10 10 10 10 10 10]
 [10 10 10 10 10 10 10 10 10 10 10 10 10 10 10 10 10 10 10 10]]
State: {'lives': 2, 'score': 100, 'coins': 1, 'stage': 1, 'world': 1, 'x_position': 392, 'time': 357, 'dead_timer': 0, 'dead_jump_timer': 0, 'game_over': False}
Frame: [[[255 255 255]
  [255 255 255]
  [255 255 255]
  ...
  [255 255 255]
  [255 255 255]
  [255 255 255]]

 [[255 255 255]
  [224 224 224]
  [170 170 170]
  ...
  [170 170 170]
  [224 224 224]
  [255 255 255]]

 [[255 255 255]
  [179 179 179]
  [ 42  42  42]
  ...
  [ 42  42  42]
  [179 179 179]
  [255 255 255]]

 ...

 [[  0   0   0]
  [  0   0   0]
  [  0   0   0]
  ...
  [  0   0   0]
  [  0   0   0]
  [  0   0   0]]

 [[  0   0   0]
  [  0   0   0]
  [  0   0   0]
  ...
  [  0   0   0]
  [  0   0   0]
  [  0   0   0]]

 [[  0   0   0]
  [  0   0   0]
  [  0   0   0]
  ...
  [  0   0   0]
  [  0   0   0]
  [  0   0   0]]]
Game Area: [[ 0  0  0  0  0  0  0  0  0  0  0  0  0  0  0  0  0  0  0  0]
 [ 0  0  0  0  0  0  0  0  0  0  0  0  0  0  0  0  0  0  0  0]
 [ 0  0  0  0  0  0  0  0  0  0  0  0  0  0  0  0  0  0  0  0]
 [ 0  0  0  0  0  0  0  0  0  0  0  0  0  0  0  0  0  0  0  0]
 [ 0  0  0  0  0  0  0  0  0  0  0  0  0  0  0  0  0  0  0  0]
 [ 0  0  0  0  0  0  0  0  0  0  0  0  0  0  0  0  0  0  0  0]
 [ 0  0  0  0  0  0  0  0  0  0  0  0  0  0  0  0  0  0 13  0]
 [ 0  0  0  0  0  0  0  0  0  0  0  0  0  0  0  0  0  0  0  0]
 [ 0  0  0  0  0  0  0  0  0  0  0  0  0  0  0  0  0  0  0  0]
 [ 0  0  0  0  0  0 13  0  0  0  0  0  0  0  0  0  0  0  0  0]
 [ 0  0  0  0  0  0  0  0  0  0  0  0  0  0  0  0  0  0  0  0]
 [ 0  0  0  0  0  0  0  0  0  0  0  0  0  0  0  0  0  0 10 10]
 [ 0  0  0  0  0  1  1  0  0  0  0 14 14  0  0  0  0  0 10 10]
 [ 0  0  0  0  0  1  1  0  0  0  0 14 14  0  0  0  0  0 10 10]
 [10 10 10 10 10 10 10 10 10 10 10 10 10 10 10 10 10 10 10 10]
 [10 10 10 10 10 10 10 10 10 10 10 10 10 10 10 10 10 10 10 10]]
State: {'lives': 2, 'score': 100, 'coins': 1, 'stage': 1, 'world': 1, 'x_position': 397, 'time': 356, 'dead_timer': 0, 'dead_jump_timer': 0, 'game_over': False}
Frame: [[[255 255 255]
  [255 255 255]
  [255 255 255]
  ...
  [255 255 255]
  [255 255 255]
  [255 255 255]]

 [[255 255 255]
  [224 224 224]
  [170 170 170]
  ...
  [170 170 170]
  [224 224 224]
  [255 255 255]]

 [[255 255 255]
  [179 179 179]
  [ 42  42  42]
  ...
  [ 42  42  42]
  [179 179 179]
  [255 255 255]]

 ...

 [[  0   0   0]
  [  0   0   0]
  [  0   0   0]
  ...
  [  0   0   0]
  [  0   0   0]
  [  0   0   0]]

 [[  0   0   0]
  [  0   0   0]
  [  0   0   0]
  ...
  [  0   0   0]
  [  0   0   0]
  [  0   0   0]]

 [[  0   0   0]
  [  0   0   0]
  [  0   0   0]
  ...
  [  0   0   0]
  [  0   0   0]
  [  0   0   0]]]
Game Area: [[ 0  0  0  0  0  0  0  0  0  0  0  0  0  0  0  0  0  0  0  0]
 [ 0  0  0  0  0  0  0  0  0  0  0  0  0  0  0  0  0  0  0  0]
 [ 0  0  0  0  0  0  0  0  0  0  0  0  0  0  0  0  0  0  0  0]
 [ 0  0  0  0  0  0  0  0  0  0  0  0  0  0  0  0  0  0  0  0]
 [ 0  0  0  0  0  0  0  0  0  0  0  0  0  0  0  0  0  0  0  0]
 [ 0  0  0  0  0  0  0  0  0  0  0  0  0  0  0  0  0  0  0  0]
 [ 0  0  0  0  0  0  0  0  0  0  0  0  0  0  0  0  0  0 13  0]
 [ 0  0  0  0  0  0  0  0  0  0  0  0  0  0  0  0  0  0  0  0]
 [ 0  0  0  0  0  0  0  0  0  0  0  0  0  0  0  0  0  0  0  0]
 [ 0  0  0  0  0  0  1  1  0  0  0  0  0  0  0  0  0  0  0  0]
 [ 0  0  0  0  0  0  1  1  0  0  0  0  0  0  0  0  0  0  0  0]
 [ 0  0  0  0  0  0  0  0  0  0  0  0  0  0  0  0  0  0 10 10]
 [ 0  0  0  0  0  0  0  0  0  0  0 14 14  0  0  0  0  0 10 10]
 [ 0  0  0  0  0  0  0  0  0  0  0 14 14  0  0  0  0  0 10 10]
 [10 10 10 10 10 10 10 10 10 10 10 10 10 10 10 10 10 10 10 10]
 [10 10 10 10 10 10 10 10 10 10 10 10 10 10 10 10 10 10 10 10]]
State: {'lives': 2, 'score': 100, 'coins': 1, 'stage': 1, 'world': 1, 'x_position': 402, 'time': 356, 'dead_timer': 0, 'dead_jump_timer': 0, 'game_over': False}
Frame: [[[255 255 255]
  [255 255 255]
  [255 255 255]
  ...
  [255 255 255]
  [255 255 255]
  [255 255 255]]

 [[255 255 255]
  [224 224 224]
  [170 170 170]
  ...
  [170 170 170]
  [224 224 224]
  [255 255 255]]

 [[255 255 255]
  [179 179 179]
  [ 42  42  42]
  ...
  [ 42  42  42]
  [179 179 179]
  [255 255 255]]

 ...

 [[  0   0   0]
  [  0   0   0]
  [  0   0   0]
  ...
  [  0   0   0]
  [  0   0   0]
  [  0   0   0]]

 [[  0   0   0]
  [  0   0   0]
  [  0   0   0]
  ...
  [  0   0   0]
  [  0   0   0]
  [  0   0   0]]

 [[  0   0   0]
  [  0   0   0]
  [  0   0   0]
  ...
  [  0   0   0]
  [  0   0   0]
  [  0   0   0]]]
Game Area: [[ 0  0  0  0  0  0  0  0  0  0  0  0  0  0  0  0  0  0  0  0]
 [ 0  0  0  0  0  0  0  0  0  0  0  0  0  0  0  0  0  0  0  0]
 [ 0  0  0  0  0  0  0  0  0  0  0  0  0  0  0  0  0  0  0  0]
 [ 0  0  0  0  0  0  0  0  0  0  0  0  0  0  0  0  0  0  0  0]
 [ 0  0  0  0  0  0  0  0  0  0  0  0  0  0  0  0  0  0  0  0]
 [ 0  0  0  0  0  0  0  0  0  0  0  0  0  0  0  0  0  0  0  0]
 [ 0  0  0  0  0  0  0  0  0  0  0  0  0  0  0  0  0  0 13  0]
 [ 0  0  0  0  0  0  0  0  0  0  0  0  0  0  0  0  0  0  0  0]
 [ 0  0  0  0  0  0  1  1  0  0  0  0  0  0  0  0  0  0  0  0]
 [ 0  0  0  0  0  0  1  1  0  0  0  0  0  0  0  0  0  0  0  0]
 [ 0  0  0  0  0  0  0  0  0  0  0  0  0  0  0  0  0  0  0  0]
 [ 0  0  0  0  0  0  0  0  0  0  0  0  0  0  0  0  0  0 10 10]
 [ 0  0  0  0  0  0  0  0  0  0  0 14 14  0  0  0  0  0 10 10]
 [ 0  0  0  0  0  0  0  0  0  0  0 14 14  0  0  0  0  0 10 10]
 [10 10 10 10 10 10 10 10 10 10 10 10 10 10 10 10 10 10 10 10]
 [10 10 10 10 10 10 10 10 10 10 10 10 10 10 10 10 10 10 10 10]]
State: {'lives': 2, 'score': 100, 'coins': 1, 'stage': 1, 'world': 1, 'x_position': 407, 'time': 356, 'dead_timer': 0, 'dead_jump_timer': 0, 'game_over': False}
Frame: [[[255 255 255]
  [255 255 255]
  [255 255 255]
  ...
  [255 255 255]
  [255 255 255]
  [255 255 255]]

 [[255 255 255]
  [224 224 224]
  [170 170 170]
  ...
  [170 170 170]
  [224 224 224]
  [255 255 255]]

 [[255 255 255]
  [179 179 179]
  [ 42  42  42]
  ...
  [ 42  42  42]
  [179 179 179]
  [255 255 255]]

 ...

 [[  0   0   0]
  [  0   0   0]
  [  0   0   0]
  ...
  [  0   0   0]
  [  0   0   0]
  [  0   0   0]]

 [[  0   0   0]
  [  0   0   0]
  [  0   0   0]
  ...
  [  0   0   0]
  [  0   0   0]
  [  0   0   0]]

 [[  0   0   0]
  [  0   0   0]
  [  0   0   0]
  ...
  [  0   0   0]
  [  0   0   0]
  [  0   0   0]]]
Game Area: [[ 0  0  0  0  0  0  0  0  0  0  0  0  0  0  0  0  0  0  0  0]
 [ 0  0  0  0  0  0  0  0  0  0  0  0  0  0  0  0  0  0  0  0]
 [ 0  0  0  0  0  0  0  0  0  0  0  0  0  0  0  0  0  0  0  0]
 [ 0  0  0  0  0  0  0  0  0  0  0  0  0  0  0  0  0  0  0  0]
 [ 0  0  0  0  0  0  0  0  0  0  0  0  0  0  0  0  0  0  0  0]
 [ 0  0  0  0  0  0  0  0  0  0  0  0  0  0  0  0  0  0  0  0]
 [ 0  0  0  0  0  0  0  0  0  0  0  0  0  0  0  0  0  0 13  0]
 [ 0  0  0  0  0  0  0  0  0  0  0  0  0  0  0  0  0  0  0  0]
 [ 0  0  0  0  0  0  0  1  1  0  0  0  0  0  0  0  0  0  0  0]
 [ 0  0  0  0  0  0 13  1  1  0  0  0  0  0  0  0  0  0  0  0]
 [ 0  0  0  0  0  0  0  0  0  0  0  0  0  0  0  0  0  0  0  0]
 [ 0  0  0  0  0  0  0  0  0  0  0  0  0  0  0  0  0  0 10 10]
 [ 0  0  0  0  0  0  0  0  0  0  0 14 14  0  0  0  0  0 10 10]
 [ 0  0  0  0  0  0  0  0  0  0  0 14 14  0  0  0  0  0 10 10]
 [10 10 10 10 10 10 10 10 10 10 10 10 10 10 10 10 10 10 10 10]
 [10 10 10 10 10 10 10 10 10 10 10 10 10 10 10 10 10 10 10 10]]
State: {'lives': 2, 'score': 100, 'coins': 1, 'stage': 1, 'world': 1, 'x_position': 412, 'time': 356, 'dead_timer': 0, 'dead_jump_timer': 0, 'game_over': False}
Frame: [[[255 255 255]
  [255 255 255]
  [255 255 255]
  ...
  [255 255 255]
  [255 255 255]
  [255 255 255]]

 [[255 255 255]
  [224 224 224]
  [170 170 170]
  ...
  [170 170 170]
  [224 224 224]
  [255 255 255]]

 [[255 255 255]
  [179 179 179]
  [ 42  42  42]
  ...
  [ 42  42  42]
  [179 179 179]
  [255 255 255]]

 ...

 [[  0   0   0]
  [  0   0   0]
  [  0   0   0]
  ...
  [  0   0   0]
  [  0   0   0]
  [  0   0   0]]

 [[  0   0   0]
  [  0   0   0]
  [  0   0   0]
  ...
  [  0   0   0]
  [  0   0   0]
  [  0   0   0]]

 [[  0   0   0]
  [  0   0   0]
  [  0   0   0]
  ...
  [  0   0   0]
  [  0   0   0]
  [  0   0   0]]]
Game Area: [[ 0  0  0  0  0  0  0  0  0  0  0  0  0  0  0  0  0  0  0  0]
 [ 0  0  0  0  0  0  0  0  0  0  0  0  0  0  0  0  0  0  0  0]
 [ 0  0  0  0  0  0  0  0  0  0  0  0  0  0  0  0  0  0  0  0]
 [ 0  0  0  0  0  0  0  0  0  0  0  0  0  0  0  0  0  0  0  0]
 [ 0  0  0  0  0  0  0  0  0  0  0  0  0  0  0  0  0  0  0  0]
 [ 0  0  0  0  0  0  0  0  0  0  0  0  0  0  0  0  0  0  0  0]
 [ 0  0  0  0  0  0  0  0  0  0  0  0  0  0  0  0  0  0 13  0]
 [ 0  0  0  0  0  0  0  0  0  0  0  0  0  0  0  0  0  0  0  0]
 [ 0  0  0  0  0  0  0  0  0  0  0  0  0  0  0  0  0  0  0  0]
 [ 0  0  0  0  0  0 13  0  1  1  0  0  0  0  0  0  0  0  0  0]
 [ 0  0  0  0  0  0  0  0  1  1  0  0  0  0  0  0  0  0  0  0]
 [ 0  0  0  0  0  0  0  0  0  0  0  0  0  0  0  0  0  0 10 10]
 [ 0  0  0  0  0  0  0  0  0  0  0 14 14  0  0  0  0  0 10 10]
 [ 0  0  0  0  0  0  0  0  0  0  0 14 14  0  0  0  0  0 10 10]
 [10 10 10 10 10 10 10 10 10 10 10 10 10 10 10 10 10 10 10 10]
 [10 10 10 10 10 10 10 10 10 10 10 10 10 10 10 10 10 10 10 10]]
State: {'lives': 2, 'score': 100, 'coins': 1, 'stage': 1, 'world': 1, 'x_position': 416, 'time': 355, 'dead_timer': 0, 'dead_jump_timer': 0, 'game_over': False}
Frame: [[[255 255 255]
  [255 255 255]
  [255 255 255]
  ...
  [255 255 255]
  [255 255 255]
  [255 255 255]]

 [[255 255 255]
  [224 224 224]
  [170 170 170]
  ...
  [170 170 170]
  [224 224 224]
  [255 255 255]]

 [[255 255 255]
  [179 179 179]
  [ 42  42  42]
  ...
  [ 42  42  42]
  [179 179 179]
  [255 255 255]]

 ...

 [[  0   0   0]
  [  0   0   0]
  [  0   0   0]
  ...
  [  0   0   0]
  [  0   0   0]
  [  0   0   0]]

 [[  0   0   0]
  [  0   0   0]
  [  0   0   0]
  ...
  [  0   0   0]
  [  0   0   0]
  [  0   0   0]]

 [[  0   0   0]
  [  0   0   0]
  [  0   0   0]
  ...
  [  0   0   0]
  [  0   0   0]
  [  0   0   0]]]
Game Area: [[ 0  0  0  0  0  0  0  0  0  0  0  0  0  0  0  0  0  0  0  0]
 [ 0  0  0  0  0  0  0  0  0  0  0  0  0  0  0  0  0  0  0  0]
 [ 0  0  0  0  0  0  0  0  0  0  0  0  0  0  0  0  0  0  0  0]
 [ 0  0  0  0  0  0  0  0  0  0  0  0  0  0  0  0  0  0  0  0]
 [ 0  0  0  0  0  0  0  0  0  0  0  0  0  0  0  0  0  0  0  0]
 [ 0  0  0  0  0  0  0  0  0  0  0  0  0  0  0  0  0  0  0  0]
 [ 0  0  0  0  0  0  0  0  0  0  0  0  0  0  0  0  0  0 13  0]
 [ 0  0  0  0  0  0  0  0  0  0  0  0  0  0  0  0  0  0  0  0]
 [ 0  0  0  0  0  0  0  0  0  0  0  0  0  0  0  0  0  0  0  0]
 [ 0  0  0  0  0  0 13  0  0  0  0  0  0  0  0  0  0  0  0  0]
 [ 0  0  0  0  0  0  0  0  0  0  0  0  0  0  0  0  0  0  0  0]
 [ 0  0  0  0  0  0  0  0  0  0  0  0  0  0  0  0  0  0 10 10]
 [ 0  0  0  0  0  0  0  0  1  1  0 14 14  0  0  0  0  0 10 10]
 [ 0  0  0  0  0  0  0  0  1  1  0 14 14  0  0  0  0  0 10 10]
 [10 10 10 10 10 10 10 10 10 10 10 10 10 10 10 10 10 10 10 10]
 [10 10 10 10 10 10 10 10 10 10 10 10 10 10 10 10 10 10 10 10]]
State: {'lives': 2, 'score': 100, 'coins': 1, 'stage': 1, 'world': 1, 'x_position': 419, 'time': 355, 'dead_timer': 0, 'dead_jump_timer': 0, 'game_over': False}
Frame: [[[255 255 255]
  [255 255 255]
  [255 255 255]
  ...
  [255 255 255]
  [255 255 255]
  [255 255 255]]

 [[255 255 255]
  [224 224 224]
  [170 170 170]
  ...
  [170 170 170]
  [224 224 224]
  [255 255 255]]

 [[255 255 255]
  [179 179 179]
  [ 42  42  42]
  ...
  [ 42  42  42]
  [179 179 179]
  [255 255 255]]

 ...

 [[  0   0   0]
  [  0   0   0]
  [  0   0   0]
  ...
  [  0   0   0]
  [  0   0   0]
  [  0   0   0]]

 [[  0   0   0]
  [  0   0   0]
  [  0   0   0]
  ...
  [  0   0   0]
  [  0   0   0]
  [  0   0   0]]

 [[  0   0   0]
  [  0   0   0]
  [  0   0   0]
  ...
  [  0   0   0]
  [  0   0   0]
  [  0   0   0]]]
Game Area: [[ 0  0  0  0  0  0  0  0  0  0  0  0  0  0  0  0  0  0  0  0]
 [ 0  0  0  0  0  0  0  0  0  0  0  0  0  0  0  0  0  0  0  0]
 [ 0  0  0  0  0  0  0  0  0  0  0  0  0  0  0  0  0  0  0  0]
 [ 0  0  0  0  0  0  0  0  0  0  0  0  0  0  0  0  0  0  0  0]
 [ 0  0  0  0  0  0  0  0  0  0  0  0  0  0  0  0  0  0  0  0]
 [ 0  0  0  0  0  0  0  0  0  0  0  0  0  0  0  0  0  0  0  0]
 [ 0  0  0  0  0  0  0  0  0  0  0  0  0  0  0  0  0 13  0  0]
 [ 0  0  0  0  0  0  0  0  0  0  0  0  0  0  0  0  0  0  0  0]
 [ 0  0  0  0  0  0  0  0  0  0  0  0  0  0  0  0  0  0  0  0]
 [ 0  0  0  0  0 13  0  0  0  0  0  0  0  0  0  0  0  0  0  0]
 [ 0  0  0  0  0  0  0  0  0  0  0  0  0  0  0  0  0  0  0  0]
 [ 0  0  0  0  0  0  0  0  0  0  0  0  0  0  0  0  0 10 10  0]
 [ 0  0  0  0  0  0  0  0  1  1 14 14  0  0  0  0  0 10 10  0]
 [ 0  0  0  0  0  0  0  0  1  1 14 14  0  0  0  0  0 10 10  0]
 [10 10 10 10 10 10 10 10 10 10 10 10 10 10 10 10 10 10 10 10]
 [10 10 10 10 10 10 10 10 10 10 10 10 10 10 10 10 10 10 10 10]]
State: {'lives': 2, 'score': 100, 'coins': 1, 'stage': 1, 'world': 1, 'x_position': 419, 'time': 355, 'dead_timer': 0, 'dead_jump_timer': 0, 'game_over': False}
Frame: [[[255 255 255]
  [255 255 255]
  [255 255 255]
  ...
  [255 255 255]
  [255 255 255]
  [255 255 255]]

 [[255 255 255]
  [224 224 224]
  [170 170 170]
  ...
  [170 170 170]
  [224 224 224]
  [255 255 255]]

 [[255 255 255]
  [179 179 179]
  [ 42  42  42]
  ...
  [ 42  42  42]
  [179 179 179]
  [255 255 255]]

 ...

 [[  0   0   0]
  [  0   0   0]
  [  0   0   0]
  ...
  [  0   0   0]
  [  0   0   0]
  [  0   0   0]]

 [[  0   0   0]
  [  0   0   0]
  [  0   0   0]
  ...
  [  0   0   0]
  [  0   0   0]
  [  0   0   0]]

 [[  0   0   0]
  [  0   0   0]
  [  0   0   0]
  ...
  [  0   0   0]
  [  0   0   0]
  [  0   0   0]]]
Game Area: [[ 0  0  0  0  0  0  0  0  0  0  0  0  0  0  0  0  0  0  0  0]
 [ 0  0  0  0  0  0  0  0  0  0  0  0  0  0  0  0  0  0  0  0]
 [ 0  0  0  0  0  0  0  0  0  0  0  0  0  0  0  0  0  0  0  0]
 [ 0  0  0  0  0  0  0  0  0  0  0  0  0  0  0  0  0  0  0  0]
 [ 0  0  0  0  0  0  0  0  0  0  0  0  0  0  0  0  0  0  0  0]
 [ 0  0  0  0  0  0  0  0  0  0  0  0  0  0  0  0  0  0  0  0]
 [ 0  0  0  0  0  0  0  0  0  0  0  0  0  0  0  0  0 13  0  0]
 [ 0  0  0  0  0  0  0  0  0  0  0  0  0  0  0  0  0  0  0  0]
 [ 0  0  0  0  0  0  0  0  0  0  0  0  0  0  0  0  0  0  0  0]
 [ 0  0  0  0  0 13  0  0  0  0  0  0  0  0  0  0  0  0  0  0]
 [ 0  0  0  0  0  0  0  0  0  0  0  0  0  0  0  0  0  0  0  0]
 [ 0  0  0  0  0  0  0  0  0  0  0  0  0  0  0  0  0 10 10  0]
 [ 0  0  0  0  0  0  0  0  1  1 14 14  0  0  0  0  0 10 10  0]
 [ 0  0  0  0  0  0  0  0  1  1 14 14  0  0  0  0  0 10 10  0]
 [10 10 10 10 10 10 10 10 10 10 10 10 10 10 10 10 10 10 10 10]
 [10 10 10 10 10 10 10 10 10 10 10 10 10 10 10 10 10 10 10 10]]
State: {'lives': 2, 'score': 100, 'coins': 1, 'stage': 1, 'world': 1, 'x_position': 412, 'time': 355, 'dead_timer': 0, 'dead_jump_timer': 0, 'game_over': False}
Frame: [[[255 255 255]
  [255 255 255]
  [255 255 255]
  ...
  [255 255 255]
  [255 255 255]
  [255 255 255]]

 [[255 255 255]
  [224 224 224]
  [170 170 170]
  ...
  [170 170 170]
  [224 224 224]
  [255 255 255]]

 [[255 255 255]
  [179 179 179]
  [ 42  42  42]
  ...
  [ 42  42  42]
  [179 179 179]
  [255 255 255]]

 ...

 [[  0   0   0]
  [  0   0   0]
  [  0   0   0]
  ...
  [  0   0   0]
  [  0   0   0]
  [  0   0   0]]

 [[  0   0   0]
  [  0   0   0]
  [  0   0   0]
  ...
  [  0   0   0]
  [  0   0   0]
  [  0   0   0]]

 [[  0   0   0]
  [  0   0   0]
  [  0   0   0]
  ...
  [  0   0   0]
  [  0   0   0]
  [  0   0   0]]]
Game Area: [[ 0  0  0  0  0  0  0  0  0  0  0  0  0  0  0  0  0  0  0  0]
 [ 0  0  0  0  0  0  0  0  0  0  0  0  0  0  0  0  0  0  0  0]
 [ 0  0  0  0  0  0  0  0  0  0  0  0  0  0  0  0  0  0  0  0]
 [ 0  0  0  0  0  0  0  0  0  0  0  0  0  0  0  0  0  0  0  0]
 [ 0  0  0  0  0  0  0  0  0  0  0  0  0  0  0  0  0  0  0  0]
 [ 0  0  0  0  0  0  0  0  0  0  0  0  0  0  0  0  0  0  0  0]
 [ 0  0  0  0  0  0  0  0  0  0  0  0  0  0  0  0  0 13  0  0]
 [ 0  0  0  0  0  0  0  0  0  0  0  0  0  0  0  0  0  0  0  0]
 [ 0  0  0  0  0  0  0  0  0  0  0  0  0  0  0  0  0  0  0  0]
 [ 0  0  0  0  0 13  0  0  0  0  0  0  0  0  0  0  0  0  0  0]
 [ 0  0  0  0  0  0  0  0  0  0  0  0  0  0  0  0  0  0  0  0]
 [ 0  0  0  0  0  0  0  0  0  0  0  0  0  0  0  0  0 10 10  0]
 [ 0  0  0  0  0  0  0  1  1  0 14 14  0  0  0  0  0 10 10  0]
 [ 0  0  0  0  0  0  0  1  1  0 14 14  0  0  0  0  0 10 10  0]
 [10 10 10 10 10 10 10 10 10 10 10 10 10 10 10 10 10 10 10 10]
 [10 10 10 10 10 10 10 10 10 10 10 10 10 10 10 10 10 10 10 10]]
State: {'lives': 2, 'score': 100, 'coins': 1, 'stage': 1, 'world': 1, 'x_position': 409, 'time': 354, 'dead_timer': 0, 'dead_jump_timer': 0, 'game_over': False}
Frame: [[[255 255 255]
  [255 255 255]
  [255 255 255]
  ...
  [255 255 255]
  [255 255 255]
  [255 255 255]]

 [[255 255 255]
  [224 224 224]
  [170 170 170]
  ...
  [170 170 170]
  [224 224 224]
  [255 255 255]]

 [[255 255 255]
  [179 179 179]
  [ 42  42  42]
  ...
  [ 42  42  42]
  [179 179 179]
  [255 255 255]]

 ...

 [[  0   0   0]
  [  0   0   0]
  [  0   0   0]
  ...
  [  0   0   0]
  [  0   0   0]
  [  0   0   0]]

 [[  0   0   0]
  [  0   0   0]
  [  0   0   0]
  ...
  [  0   0   0]
  [  0   0   0]
  [  0   0   0]]

 [[  0   0   0]
  [  0   0   0]
  [  0   0   0]
  ...
  [  0   0   0]
  [  0   0   0]
  [  0   0   0]]]
Game Area: [[ 0  0  0  0  0  0  0  0  0  0  0  0  0  0  0  0  0  0  0  0]
 [ 0  0  0  0  0  0  0  0  0  0  0  0  0  0  0  0  0  0  0  0]
 [ 0  0  0  0  0  0  0  0  0  0  0  0  0  0  0  0  0  0  0  0]
 [ 0  0  0  0  0  0  0  0  0  0  0  0  0  0  0  0  0  0  0  0]
 [ 0  0  0  0  0  0  0  0  0  0  0  0  0  0  0  0  0  0  0  0]
 [ 0  0  0  0  0  0  0  0  0  0  0  0  0  0  0  0  0  0  0  0]
 [ 0  0  0  0  0  0  0  0  0  0  0  0  0  0  0  0  0 13  0  0]
 [ 0  0  0  0  0  0  0  0  0  0  0  0  0  0  0  0  0  0  0  0]
 [ 0  0  0  0  0  0  0  0  0  0  0  0  0  0  0  0  0  0  0  0]
 [ 0  0  0  0  0 13  0  0  0  0  0  0  0  0  0  0  0  0  0  0]
 [ 0  0  0  0  0  0  0  0  0  0  0  0  0  0  0  0  0  0  0  0]
 [ 0  0  0  0  0  0  0  0  0  0  0  0  0  0  0  0  0 10 10  0]
 [ 0  0  0  0  0  0  1  1  0  0 14 14  0  0  0  0  0 10 10  0]
 [ 0  0  0  0  0  0  1  1  0  0 14 14  0  0  0  0  0 10 10  0]
 [10 10 10 10 10 10 10 10 10 10 10 10 10 10 10 10 10 10 10 10]
 [10 10 10 10 10 10 10 10 10 10 10 10 10 10 10 10 10 10 10 10]]
State: {'lives': 2, 'score': 100, 'coins': 1, 'stage': 1, 'world': 1, 'x_position': 409, 'time': 354, 'dead_timer': 0, 'dead_jump_timer': 0, 'game_over': False}
Frame: [[[255 255 255]
  [255 255 255]
  [255 255 255]
  ...
  [255 255 255]
  [255 255 255]
  [255 255 255]]

 [[255 255 255]
  [224 224 224]
  [170 170 170]
  ...
  [170 170 170]
  [224 224 224]
  [255 255 255]]

 [[255 255 255]
  [179 179 179]
  [ 42  42  42]
  ...
  [ 42  42  42]
  [179 179 179]
  [255 255 255]]

 ...

 [[  0   0   0]
  [  0   0   0]
  [  0   0   0]
  ...
  [  0   0   0]
  [  0   0   0]
  [  0   0   0]]

 [[  0   0   0]
  [  0   0   0]
  [  0   0   0]
  ...
  [  0   0   0]
  [  0   0   0]
  [  0   0   0]]

 [[  0   0   0]
  [  0   0   0]
  [  0   0   0]
  ...
  [  0   0   0]
  [  0   0   0]
  [  0   0   0]]]
Game Area: [[ 0  0  0  0  0  0  0  0  0  0  0  0  0  0  0  0  0  0  0  0]
 [ 0  0  0  0  0  0  0  0  0  0  0  0  0  0  0  0  0  0  0  0]
 [ 0  0  0  0  0  0  0  0  0  0  0  0  0  0  0  0  0  0  0  0]
 [ 0  0  0  0  0  0  0  0  0  0  0  0  0  0  0  0  0  0  0  0]
 [ 0  0  0  0  0  0  0  0  0  0  0  0  0  0  0  0  0  0  0  0]
 [ 0  0  0  0  0  0  0  0  0  0  0  0  0  0  0  0  0  0  0  0]
 [ 0  0  0  0  0  0  0  0  0  0  0  0  0  0  0  0  0 13  0  0]
 [ 0  0  0  0  0  0  0  0  0  0  0  0  0  0  0  0  0  0  0  0]
 [ 0  0  0  0  0  0  0  0  0  0  0  0  0  0  0  0  0  0  0  0]
 [ 0  0  0  0  0 13  0  0  0  0  0  0  0  0  0  0  0  0  0  0]
 [ 0  0  0  0  0  0  0  0  0  0  0  0  0  0  0  0  0  0  0  0]
 [ 0  0  0  0  0  0  0  0  0  0  0  0  0  0  0  0  0 10 10  0]
 [ 0  0  0  0  0  0  1  1  0  0 14 14  0  0  0  0  0 10 10  0]
 [ 0  0  0  0  0  0  1  1  0  0 14 14  0  0  0  0  0 10 10  0]
 [10 10 10 10 10 10 10 10 10 10 10 10 10 10 10 10 10 10 10 10]
 [10 10 10 10 10 10 10 10 10 10 10 10 10 10 10 10 10 10 10 10]]
State: {'lives': 2, 'score': 100, 'coins': 1, 'stage': 1, 'world': 1, 'x_position': 409, 'time': 354, 'dead_timer': 0, 'dead_jump_timer': 0, 'game_over': False}
Frame: [[[255 255 255]
  [255 255 255]
  [255 255 255]
  ...
  [255 255 255]
  [255 255 255]
  [255 255 255]]

 [[255 255 255]
  [224 224 224]
  [170 170 170]
  ...
  [170 170 170]
  [224 224 224]
  [255 255 255]]

 [[255 255 255]
  [179 179 179]
  [ 42  42  42]
  ...
  [ 42  42  42]
  [179 179 179]
  [255 255 255]]

 ...

 [[  0   0   0]
  [  0   0   0]
  [  0   0   0]
  ...
  [  0   0   0]
  [  0   0   0]
  [  0   0   0]]

 [[  0   0   0]
  [  0   0   0]
  [  0   0   0]
  ...
  [  0   0   0]
  [  0   0   0]
  [  0   0   0]]

 [[  0   0   0]
  [  0   0   0]
  [  0   0   0]
  ...
  [  0   0   0]
  [  0   0   0]
  [  0   0   0]]]
Game Area: [[ 0  0  0  0  0  0  0  0  0  0  0  0  0  0  0  0  0  0  0  0]
 [ 0  0  0  0  0  0  0  0  0  0  0  0  0  0  0  0  0  0  0  0]
 [ 0  0  0  0  0  0  0  0  0  0  0  0  0  0  0  0  0  0  0  0]
 [ 0  0  0  0  0  0  0  0  0  0  0  0  0  0  0  0  0  0  0  0]
 [ 0  0  0  0  0  0  0  0  0  0  0  0  0  0  0  0  0  0  0  0]
 [ 0  0  0  0  0  0  0  0  0  0  0  0  0  0  0  0  0  0  0  0]
 [ 0  0  0  0  0  0  0  0  0  0  0  0  0  0  0  0  0 13  0  0]
 [ 0  0  0  0  0  0  0  0  0  0  0  0  0  0  0  0  0  0  0  0]
 [ 0  0  0  0  0  0  0  0  0  0  0  0  0  0  0  0  0  0  0  0]
 [ 0  0  0  0  0 13  0  0  0  0  0  0  0  0  0  0  0  0  0  0]
 [ 0  0  0  0  0  0  0  0  0  0  0  0  0  0  0  0  0  0  0  0]
 [ 0  0  0  0  0  0  0  0  0  0  0  0  0  0  0  0  0 10 10  0]
 [ 0  0  0  0  0  0  1  1  0  0 14 14  0  0  0  0  0 10 10  0]
 [ 0  0  0  0  0  0  1  1  0  0 14 14  0  0  0  0  0 10 10  0]
 [10 10 10 10 10 10 10 10 10 10 10 10 10 10 10 10 10 10 10 10]
 [10 10 10 10 10 10 10 10 10 10 10 10 10 10 10 10 10 10 10 10]]
State: {'lives': 2, 'score': 100, 'coins': 1, 'stage': 1, 'world': 1, 'x_position': 416, 'time': 354, 'dead_timer': 0, 'dead_jump_timer': 0, 'game_over': False}
Frame: [[[255 255 255]
  [255 255 255]
  [255 255 255]
  ...
  [255 255 255]
  [255 255 255]
  [255 255 255]]

 [[255 255 255]
  [224 224 224]
  [170 170 170]
  ...
  [170 170 170]
  [224 224 224]
  [255 255 255]]

 [[255 255 255]
  [179 179 179]
  [ 42  42  42]
  ...
  [ 42  42  42]
  [179 179 179]
  [255 255 255]]

 ...

 [[  0   0   0]
  [  0   0   0]
  [  0   0   0]
  ...
  [  0   0   0]
  [  0   0   0]
  [  0   0   0]]

 [[  0   0   0]
  [  0   0   0]
  [  0   0   0]
  ...
  [  0   0   0]
  [  0   0   0]
  [  0   0   0]]

 [[  0   0   0]
  [  0   0   0]
  [  0   0   0]
  ...
  [  0   0   0]
  [  0   0   0]
  [  0   0   0]]]
Game Area: [[ 0  0  0  0  0  0  0  0  0  0  0  0  0  0  0  0  0  0  0  0]
 [ 0  0  0  0  0  0  0  0  0  0  0  0  0  0  0  0  0  0  0  0]
 [ 0  0  0  0  0  0  0  0  0  0  0  0  0  0  0  0  0  0  0  0]
 [ 0  0  0  0  0  0  0  0  0  0  0  0  0  0  0  0  0  0  0  0]
 [ 0  0  0  0  0  0  0  0  0  0  0  0  0  0  0  0  0  0  0  0]
 [ 0  0  0  0  0  0  0  0  0  0  0  0  0  0  0  0  0  0  0  0]
 [ 0  0  0  0  0  0  0  0  0  0  0  0  0  0  0  0  0 13  0  0]
 [ 0  0  0  0  0  0  0  0  0  0  0  0  0  0  0  0  0  0  0  0]
 [ 0  0  0  0  0  0  0  0  0  0  0  0  0  0  0  0  0  0  0  0]
 [ 0  0  0  0  0 13  0  0  0  0  0  0  0  0  0  0  0  0  0  0]
 [ 0  0  0  0  0  0  0  0  0  0  0  0  0  0  0  0  0  0  0  0]
 [ 0  0  0  0  0  0  0  0  0  0  0  0  0  0  0  0  0 10 10  0]
 [ 0  0  0  0  0  0  0  1  1  0 14 14  0  0  0  0  0 10 10  0]
 [ 0  0  0  0  0  0  0  1  1  0 14 14  0  0  0  0  0 10 10  0]
 [10 10 10 10 10 10 10 10 10 10 10 10 10 10 10 10 10 10 10 10]
 [10 10 10 10 10 10 10 10 10 10 10 10 10 10 10 10 10 10 10 10]]
State: {'lives': 2, 'score': 100, 'coins': 1, 'stage': 1, 'world': 1, 'x_position': 419, 'time': 353, 'dead_timer': 0, 'dead_jump_timer': 0, 'game_over': False}
Frame: [[[255 255 255]
  [255 255 255]
  [255 255 255]
  ...
  [255 255 255]
  [255 255 255]
  [255 255 255]]

 [[255 255 255]
  [224 224 224]
  [170 170 170]
  ...
  [170 170 170]
  [224 224 224]
  [255 255 255]]

 [[255 255 255]
  [179 179 179]
  [ 42  42  42]
  ...
  [ 42  42  42]
  [179 179 179]
  [255 255 255]]

 ...

 [[  0   0   0]
  [  0   0   0]
  [  0   0   0]
  ...
  [  0   0   0]
  [  0   0   0]
  [  0   0   0]]

 [[  0   0   0]
  [  0   0   0]
  [  0   0   0]
  ...
  [  0   0   0]
  [  0   0   0]
  [  0   0   0]]

 [[  0   0   0]
  [  0   0   0]
  [  0   0   0]
  ...
  [  0   0   0]
  [  0   0   0]
  [  0   0   0]]]
Game Area: [[ 0  0  0  0  0  0  0  0  0  0  0  0  0  0  0  0  0  0  0  0]
 [ 0  0  0  0  0  0  0  0  0  0  0  0  0  0  0  0  0  0  0  0]
 [ 0  0  0  0  0  0  0  0  0  0  0  0  0  0  0  0  0  0  0  0]
 [ 0  0  0  0  0  0  0  0  0  0  0  0  0  0  0  0  0  0  0  0]
 [ 0  0  0  0  0  0  0  0  0  0  0  0  0  0  0  0  0  0  0  0]
 [ 0  0  0  0  0  0  0  0  0  0  0  0  0  0  0  0  0  0  0  0]
 [ 0  0  0  0  0  0  0  0  0  0  0  0  0  0  0  0  0 13  0  0]
 [ 0  0  0  0  0  0  0  0  0  0  0  0  0  0  0  0  0  0  0  0]
 [ 0  0  0  0  0  0  0  0  0  0  0  0  0  0  0  0  0  0  0  0]
 [ 0  0  0  0  0 13  0  0  0  0  0  0  0  0  0  0  0  0  0  0]
 [ 0  0  0  0  0  0  0  0  0  0  0  0  0  0  0  0  0  0  0  0]
 [ 0  0  0  0  0  0  0  0  0  0  0  0  0  0  0  0  0 10 10  0]
 [ 0  0  0  0  0  0  0  0  1  1 14 14  0  0  0  0  0 10 10  0]
 [ 0  0  0  0  0  0  0  0  1  1 14 14  0  0  0  0  0 10 10  0]
 [10 10 10 10 10 10 10 10 10 10 10 10 10 10 10 10 10 10 10 10]
 [10 10 10 10 10 10 10 10 10 10 10 10 10 10 10 10 10 10 10 10]]
State: {'lives': 2, 'score': 100, 'coins': 1, 'stage': 1, 'world': 1, 'x_position': 412, 'time': 353, 'dead_timer': 0, 'dead_jump_timer': 0, 'game_over': False}
Frame: [[[255 255 255]
  [255 255 255]
  [255 255 255]
  ...
  [255 255 255]
  [255 255 255]
  [255 255 255]]

 [[255 255 255]
  [224 224 224]
  [170 170 170]
  ...
  [170 170 170]
  [224 224 224]
  [255 255 255]]

 [[255 255 255]
  [179 179 179]
  [ 42  42  42]
  ...
  [ 42  42  42]
  [179 179 179]
  [255 255 255]]

 ...

 [[  0   0   0]
  [  0   0   0]
  [  0   0   0]
  ...
  [  0   0   0]
  [  0   0   0]
  [  0   0   0]]

 [[  0   0   0]
  [  0   0   0]
  [  0   0   0]
  ...
  [  0   0   0]
  [  0   0   0]
  [  0   0   0]]

 [[  0   0   0]
  [  0   0   0]
  [  0   0   0]
  ...
  [  0   0   0]
  [  0   0   0]
  [  0   0   0]]]
Game Area: [[ 0  0  0  0  0  0  0  0  0  0  0  0  0  0  0  0  0  0  0  0]
 [ 0  0  0  0  0  0  0  0  0  0  0  0  0  0  0  0  0  0  0  0]
 [ 0  0  0  0  0  0  0  0  0  0  0  0  0  0  0  0  0  0  0  0]
 [ 0  0  0  0  0  0  0  0  0  0  0  0  0  0  0  0  0  0  0  0]
 [ 0  0  0  0  0  0  0  0  0  0  0  0  0  0  0  0  0  0  0  0]
 [ 0  0  0  0  0  0  0  0  0  0  0  0  0  0  0  0  0  0  0  0]
 [ 0  0  0  0  0  0  0  0  0  0  0  0  0  0  0  0  0 13  0  0]
 [ 0  0  0  0  0  0  0  0  0  0  0  0  0  0  0  0  0  0  0  0]
 [ 0  0  0  0  0  0  0  0  0  0  0  0  0  0  0  0  0  0  0  0]
 [ 0  0  0  0  0 13  0  0  0  0  0  0  0  0  0  0  0  0  0  0]
 [ 0  0  0  0  0  0  0  0  0  0  0  0  0  0  0  0  0  0  0  0]
 [ 0  0  0  0  0  0  0  0  0  0  0  0  0  0  0  0  0 10 10  0]
 [ 0  0  0  0  0  0  0  1  1  0 14 14  0  0  0  0  0 10 10  0]
 [ 0  0  0  0  0  0  0  1  1  0 14 14  0  0  0  0  0 10 10  0]
 [10 10 10 10 10 10 10 10 10 10 10 10 10 10 10 10 10 10 10 10]
 [10 10 10 10 10 10 10 10 10 10 10 10 10 10 10 10 10 10 10 10]]
State: {'lives': 2, 'score': 100, 'coins': 1, 'stage': 1, 'world': 1, 'x_position': 402, 'time': 353, 'dead_timer': 0, 'dead_jump_timer': 0, 'game_over': False}
Frame: [[[255 255 255]
  [255 255 255]
  [255 255 255]
  ...
  [255 255 255]
  [255 255 255]
  [255 255 255]]

 [[255 255 255]
  [224 224 224]
  [170 170 170]
  ...
  [170 170 170]
  [224 224 224]
  [255 255 255]]

 [[255 255 255]
  [179 179 179]
  [ 42  42  42]
  ...
  [ 42  42  42]
  [179 179 179]
  [255 255 255]]

 ...

 [[  0   0   0]
  [  0   0   0]
  [  0   0   0]
  ...
  [  0   0   0]
  [  0   0   0]
  [  0   0   0]]

 [[  0   0   0]
  [  0   0   0]
  [  0   0   0]
  ...
  [  0   0   0]
  [  0   0   0]
  [  0   0   0]]

 [[  0   0   0]
  [  0   0   0]
  [  0   0   0]
  ...
  [  0   0   0]
  [  0   0   0]
  [  0   0   0]]]
Game Area: [[ 0  0  0  0  0  0  0  0  0  0  0  0  0  0  0  0  0  0  0  0]
 [ 0  0  0  0  0  0  0  0  0  0  0  0  0  0  0  0  0  0  0  0]
 [ 0  0  0  0  0  0  0  0  0  0  0  0  0  0  0  0  0  0  0  0]
 [ 0  0  0  0  0  0  0  0  0  0  0  0  0  0  0  0  0  0  0  0]
 [ 0  0  0  0  0  0  0  0  0  0  0  0  0  0  0  0  0  0  0  0]
 [ 0  0  0  0  0  0  0  0  0  0  0  0  0  0  0  0  0  0  0  0]
 [ 0  0  0  0  0  0  0  0  0  0  0  0  0  0  0  0  0 13  0  0]
 [ 0  0  0  0  0  0  0  0  0  0  0  0  0  0  0  0  0  0  0  0]
 [ 0  0  0  0  0  0  0  0  0  0  0  0  0  0  0  0  0  0  0  0]
 [ 0  0  0  0  0 13  0  0  0  0  0  0  0  0  0  0  0  0  0  0]
 [ 0  0  0  0  0  0  0  0  0  0  0  0  0  0  0  0  0  0  0  0]
 [ 0  0  0  0  0  0  0  0  0  0  0  0  0  0  0  0  0 10 10  0]
 [ 0  0  0  0  0  0  1  1  0  0 14 14  0  0  0  0  0 10 10  0]
 [ 0  0  0  0  0  0  1  1  0  0 14 14  0  0  0  0  0 10 10  0]
 [10 10 10 10 10 10 10 10 10 10 10 10 10 10 10 10 10 10 10 10]
 [10 10 10 10 10 10 10 10 10 10 10 10 10 10 10 10 10 10 10 10]]
State: {'lives': 2, 'score': 100, 'coins': 1, 'stage': 1, 'world': 1, 'x_position': 402, 'time': 353, 'dead_timer': 0, 'dead_jump_timer': 0, 'game_over': False}
Frame: [[[255 255 255]
  [255 255 255]
  [255 255 255]
  ...
  [255 255 255]
  [255 255 255]
  [255 255 255]]

 [[255 255 255]
  [224 224 224]
  [170 170 170]
  ...
  [170 170 170]
  [224 224 224]
  [255 255 255]]

 [[255 255 255]
  [179 179 179]
  [ 42  42  42]
  ...
  [ 42  42  42]
  [179 179 179]
  [255 255 255]]

 ...

 [[  0   0   0]
  [  0   0   0]
  [  0   0   0]
  ...
  [  0   0   0]
  [  0   0   0]
  [  0   0   0]]

 [[  0   0   0]
  [  0   0   0]
  [  0   0   0]
  ...
  [  0   0   0]
  [  0   0   0]
  [  0   0   0]]

 [[  0   0   0]
  [  0   0   0]
  [  0   0   0]
  ...
  [  0   0   0]
  [  0   0   0]
  [  0   0   0]]]
Game Area: [[ 0  0  0  0  0  0  0  0  0  0  0  0  0  0  0  0  0  0  0  0]
 [ 0  0  0  0  0  0  0  0  0  0  0  0  0  0  0  0  0  0  0  0]
 [ 0  0  0  0  0  0  0  0  0  0  0  0  0  0  0  0  0  0  0  0]
 [ 0  0  0  0  0  0  0  0  0  0  0  0  0  0  0  0  0  0  0  0]
 [ 0  0  0  0  0  0  0  0  0  0  0  0  0  0  0  0  0  0  0  0]
 [ 0  0  0  0  0  0  0  0  0  0  0  0  0  0  0  0  0  0  0  0]
 [ 0  0  0  0  0  0  0  0  0  0  0  0  0  0  0  0  0 13  0  0]
 [ 0  0  0  0  0  0  0  0  0  0  0  0  0  0  0  0  0  0  0  0]
 [ 0  0  0  0  0  0  0  0  0  0  0  0  0  0  0  0  0  0  0  0]
 [ 0  0  0  0  0 13  0  0  0  0  0  0  0  0  0  0  0  0  0  0]
 [ 0  0  0  0  0  0  0  0  0  0  0  0  0  0  0  0  0  0  0  0]
 [ 0  0  0  0  0  0  0  0  0  0  0  0  0  0  0  0  0 10 10  0]
 [ 0  0  0  0  0  1  1  0  0  0 14 14  0  0  0  0  0 10 10  0]
 [ 0  0  0  0  0  1  1  0  0  0 14 14  0  0  0  0  0 10 10  0]
 [10 10 10 10 10 10 10 10 10 10 10 10 10 10 10 10 10 10 10 10]
 [10 10 10 10 10 10 10 10 10 10 10 10 10 10 10 10 10 10 10 10]]
State: {'lives': 2, 'score': 100, 'coins': 1, 'stage': 1, 'world': 1, 'x_position': 402, 'time': 352, 'dead_timer': 0, 'dead_jump_timer': 0, 'game_over': False}
Frame: [[[255 255 255]
  [255 255 255]
  [255 255 255]
  ...
  [255 255 255]
  [255 255 255]
  [255 255 255]]

 [[255 255 255]
  [224 224 224]
  [170 170 170]
  ...
  [170 170 170]
  [224 224 224]
  [255 255 255]]

 [[255 255 255]
  [179 179 179]
  [ 42  42  42]
  ...
  [ 42  42  42]
  [179 179 179]
  [255 255 255]]

 ...

 [[  0   0   0]
  [  0   0   0]
  [  0   0   0]
  ...
  [  0   0   0]
  [  0   0   0]
  [  0   0   0]]

 [[  0   0   0]
  [  0   0   0]
  [  0   0   0]
  ...
  [  0   0   0]
  [  0   0   0]
  [  0   0   0]]

 [[  0   0   0]
  [  0   0   0]
  [  0   0   0]
  ...
  [  0   0   0]
  [  0   0   0]
  [  0   0   0]]]
Game Area: [[ 0  0  0  0  0  0  0  0  0  0  0  0  0  0  0  0  0  0  0  0]
 [ 0  0  0  0  0  0  0  0  0  0  0  0  0  0  0  0  0  0  0  0]
 [ 0  0  0  0  0  0  0  0  0  0  0  0  0  0  0  0  0  0  0  0]
 [ 0  0  0  0  0  0  0  0  0  0  0  0  0  0  0  0  0  0  0  0]
 [ 0  0  0  0  0  0  0  0  0  0  0  0  0  0  0  0  0  0  0  0]
 [ 0  0  0  0  0  0  0  0  0  0  0  0  0  0  0  0  0  0  0  0]
 [ 0  0  0  0  0  0  0  0  0  0  0  0  0  0  0  0  0 13  0  0]
 [ 0  0  0  0  0  0  0  0  0  0  0  0  0  0  0  0  0  0  0  0]
 [ 0  0  0  0  0  0  0  0  0  0  0  0  0  0  0  0  0  0  0  0]
 [ 0  0  0  0  0 13  0  0  0  0  0  0  0  0  0  0  0  0  0  0]
 [ 0  0  0  0  0  0  0  0  0  0  0  0  0  0  0  0  0  0  0  0]
 [ 0  0  0  0  0  0  0  0  0  0  0  0  0  0  0  0  0 10 10  0]
 [ 0  0  0  0  0  1  1  0  0  0 14 14  0  0  0  0  0 10 10  0]
 [ 0  0  0  0  0  1  1  0  0  0 14 14  0  0  0  0  0 10 10  0]
 [10 10 10 10 10 10 10 10 10 10 10 10 10 10 10 10 10 10 10 10]
 [10 10 10 10 10 10 10 10 10 10 10 10 10 10 10 10 10 10 10 10]]
State: {'lives': 2, 'score': 100, 'coins': 1, 'stage': 1, 'world': 1, 'x_position': 395, 'time': 352, 'dead_timer': 0, 'dead_jump_timer': 0, 'game_over': False}
Frame: [[[255 255 255]
  [255 255 255]
  [255 255 255]
  ...
  [255 255 255]
  [255 255 255]
  [255 255 255]]

 [[255 255 255]
  [224 224 224]
  [170 170 170]
  ...
  [170 170 170]
  [224 224 224]
  [255 255 255]]

 [[255 255 255]
  [179 179 179]
  [ 42  42  42]
  ...
  [ 42  42  42]
  [179 179 179]
  [255 255 255]]

 ...

 [[  0   0   0]
  [  0   0   0]
  [  0   0   0]
  ...
  [  0   0   0]
  [  0   0   0]
  [  0   0   0]]

 [[  0   0   0]
  [  0   0   0]
  [  0   0   0]
  ...
  [  0   0   0]
  [  0   0   0]
  [  0   0   0]]

 [[  0   0   0]
  [  0   0   0]
  [  0   0   0]
  ...
  [  0   0   0]
  [  0   0   0]
  [  0   0   0]]]
Game Area: [[ 0  0  0  0  0  0  0  0  0  0  0  0  0  0  0  0  0  0  0  0]
 [ 0  0  0  0  0  0  0  0  0  0  0  0  0  0  0  0  0  0  0  0]
 [ 0  0  0  0  0  0  0  0  0  0  0  0  0  0  0  0  0  0  0  0]
 [ 0  0  0  0  0  0  0  0  0  0  0  0  0  0  0  0  0  0  0  0]
 [ 0  0  0  0  0  0  0  0  0  0  0  0  0  0  0  0  0  0  0  0]
 [ 0  0  0  0  0  0  0  0  0  0  0  0  0  0  0  0  0  0  0  0]
 [ 0  0  0  0  0  0  0  0  0  0  0  0  0  0  0  0  0 13  0  0]
 [ 0  0  0  0  0  0  0  0  0  0  0  0  0  0  0  0  0  0  0  0]
 [ 0  0  0  0  0  0  0  0  0  0  0  0  0  0  0  0  0  0  0  0]
 [ 0  0  0  0  0 13  0  0  0  0  0  0  0  0  0  0  0  0  0  0]
 [ 0  0  0  0  0  0  0  0  0  0  0  0  0  0  0  0  0  0  0  0]
 [ 0  0  0  0  0  0  0  0  0  0  0  0  0  0  0  0  0 10 10  0]
 [ 0  0  0  0  0  1  1  0  0  0 14 14  0  0  0  0  0 10 10  0]
 [ 0  0  0  0  0  1  1  0  0  0 14 14  0  0  0  0  0 10 10  0]
 [10 10 10 10 10 10 10 10 10 10 10 10 10 10 10 10 10 10 10 10]
 [10 10 10 10 10 10 10 10 10 10 10 10 10 10 10 10 10 10 10 10]]
State: {'lives': 2, 'score': 100, 'coins': 1, 'stage': 1, 'world': 1, 'x_position': 395, 'time': 352, 'dead_timer': 0, 'dead_jump_timer': 0, 'game_over': False}
Frame: [[[255 255 255]
  [255 255 255]
  [255 255 255]
  ...
  [255 255 255]
  [255 255 255]
  [255 255 255]]

 [[255 255 255]
  [224 224 224]
  [170 170 170]
  ...
  [170 170 170]
  [224 224 224]
  [255 255 255]]

 [[255 255 255]
  [179 179 179]
  [ 42  42  42]
  ...
  [ 42  42  42]
  [179 179 179]
  [255 255 255]]

 ...

 [[  0   0   0]
  [  0   0   0]
  [  0   0   0]
  ...
  [  0   0   0]
  [  0   0   0]
  [  0   0   0]]

 [[  0   0   0]
  [  0   0   0]
  [  0   0   0]
  ...
  [  0   0   0]
  [  0   0   0]
  [  0   0   0]]

 [[  0   0   0]
  [  0   0   0]
  [  0   0   0]
  ...
  [  0   0   0]
  [  0   0   0]
  [  0   0   0]]]
Game Area: [[ 0  0  0  0  0  0  0  0  0  0  0  0  0  0  0  0  0  0  0  0]
 [ 0  0  0  0  0  0  0  0  0  0  0  0  0  0  0  0  0  0  0  0]
 [ 0  0  0  0  0  0  0  0  0  0  0  0  0  0  0  0  0  0  0  0]
 [ 0  0  0  0  0  0  0  0  0  0  0  0  0  0  0  0  0  0  0  0]
 [ 0  0  0  0  0  0  0  0  0  0  0  0  0  0  0  0  0  0  0  0]
 [ 0  0  0  0  0  0  0  0  0  0  0  0  0  0  0  0  0  0  0  0]
 [ 0  0  0  0  0  0  0  0  0  0  0  0  0  0  0  0  0 13  0  0]
 [ 0  0  0  0  0  0  0  0  0  0  0  0  0  0  0  0  0  0  0  0]
 [ 0  0  0  0  0  0  0  0  0  0  0  0  0  0  0  0  0  0  0  0]
 [ 0  0  0  0  0 13  0  0  0  0  0  0  0  0  0  0  0  0  0  0]
 [ 0  0  0  0  0  0  0  0  0  0  0  0  0  0  0  0  0  0  0  0]
 [ 0  0  0  0  0  0  0  0  0  0  0  0  0  0  0  0  0 10 10  0]
 [ 0  0  0  0  0  1  1  0  0  0 14 14  0  0  0  0  0 10 10  0]
 [ 0  0  0  0  0  1  1  0  0  0 14 14  0  0  0  0  0 10 10  0]
 [10 10 10 10 10 10 10 10 10 10 10 10 10 10 10 10 10 10 10 10]
 [10 10 10 10 10 10 10 10 10 10 10 10 10 10 10 10 10 10 10 10]]
State: {'lives': 2, 'score': 100, 'coins': 1, 'stage': 1, 'world': 1, 'x_position': 388, 'time': 352, 'dead_timer': 0, 'dead_jump_timer': 0, 'game_over': False}
Frame: [[[255 255 255]
  [255 255 255]
  [255 255 255]
  ...
  [255 255 255]
  [255 255 255]
  [255 255 255]]

 [[255 255 255]
  [224 224 224]
  [170 170 170]
  ...
  [170 170 170]
  [224 224 224]
  [255 255 255]]

 [[255 255 255]
  [179 179 179]
  [ 42  42  42]
  ...
  [ 42  42  42]
  [179 179 179]
  [255 255 255]]

 ...

 [[  0   0   0]
  [  0   0   0]
  [  0   0   0]
  ...
  [  0   0   0]
  [  0   0   0]
  [  0   0   0]]

 [[  0   0   0]
  [  0   0   0]
  [  0   0   0]
  ...
  [  0   0   0]
  [  0   0   0]
  [  0   0   0]]

 [[  0   0   0]
  [  0   0   0]
  [  0   0   0]
  ...
  [  0   0   0]
  [  0   0   0]
  [  0   0   0]]]
Game Area: [[ 0  0  0  0  0  0  0  0  0  0  0  0  0  0  0  0  0  0  0  0]
 [ 0  0  0  0  0  0  0  0  0  0  0  0  0  0  0  0  0  0  0  0]
 [ 0  0  0  0  0  0  0  0  0  0  0  0  0  0  0  0  0  0  0  0]
 [ 0  0  0  0  0  0  0  0  0  0  0  0  0  0  0  0  0  0  0  0]
 [ 0  0  0  0  0  0  0  0  0  0  0  0  0  0  0  0  0  0  0  0]
 [ 0  0  0  0  0  0  0  0  0  0  0  0  0  0  0  0  0  0  0  0]
 [ 0  0  0  0  0  0  0  0  0  0  0  0  0  0  0  0  0 13  0  0]
 [ 0  0  0  0  0  0  0  0  0  0  0  0  0  0  0  0  0  0  0  0]
 [ 0  0  0  0  0  0  0  0  0  0  0  0  0  0  0  0  0  0  0  0]
 [ 0  0  0  0  0 13  0  0  0  0  0  0  0  0  0  0  0  0  0  0]
 [ 0  0  0  0  0  0  0  0  0  0  0  0  0  0  0  0  0  0  0  0]
 [ 0  0  0  0  0  0  0  0  0  0  0  0  0  0  0  0  0 10 10  0]
 [ 0  0  0  0  1  1  0  0  0  0 14 14  0  0  0  0  0 10 10  0]
 [ 0  0  0  0  1  1  0  0  0  0 14 14  0  0  0  0  0 10 10  0]
 [10 10 10 10 10 10 10 10 10 10 10 10 10 10 10 10 10 10 10 10]
 [10 10 10 10 10 10 10 10 10 10 10 10 10 10 10 10 10 10 10 10]]
State: {'lives': 2, 'score': 100, 'coins': 1, 'stage': 1, 'world': 1, 'x_position': 388, 'time': 351, 'dead_timer': 0, 'dead_jump_timer': 0, 'game_over': False}
Frame: [[[255 255 255]
  [255 255 255]
  [255 255 255]
  ...
  [255 255 255]
  [255 255 255]
  [255 255 255]]

 [[255 255 255]
  [224 224 224]
  [170 170 170]
  ...
  [170 170 170]
  [224 224 224]
  [255 255 255]]

 [[255 255 255]
  [179 179 179]
  [ 42  42  42]
  ...
  [ 42  42  42]
  [179 179 179]
  [255 255 255]]

 ...

 [[  0   0   0]
  [  0   0   0]
  [  0   0   0]
  ...
  [  0   0   0]
  [  0   0   0]
  [  0   0   0]]

 [[  0   0   0]
  [  0   0   0]
  [  0   0   0]
  ...
  [  0   0   0]
  [  0   0   0]
  [  0   0   0]]

 [[  0   0   0]
  [  0   0   0]
  [  0   0   0]
  ...
  [  0   0   0]
  [  0   0   0]
  [  0   0   0]]]
Game Area: [[ 0  0  0  0  0  0  0  0  0  0  0  0  0  0  0  0  0  0  0  0]
 [ 0  0  0  0  0  0  0  0  0  0  0  0  0  0  0  0  0  0  0  0]
 [ 0  0  0  0  0  0  0  0  0  0  0  0  0  0  0  0  0  0  0  0]
 [ 0  0  0  0  0  0  0  0  0  0  0  0  0  0  0  0  0  0  0  0]
 [ 0  0  0  0  0  0  0  0  0  0  0  0  0  0  0  0  0  0  0  0]
 [ 0  0  0  0  0  0  0  0  0  0  0  0  0  0  0  0  0  0  0  0]
 [ 0  0  0  0  0  0  0  0  0  0  0  0  0  0  0  0  0 13  0  0]
 [ 0  0  0  0  0  0  0  0  0  0  0  0  0  0  0  0  0  0  0  0]
 [ 0  0  0  0  0  0  0  0  0  0  0  0  0  0  0  0  0  0  0  0]
 [ 0  0  0  0  0 13  0  0  0  0  0  0  0  0  0  0  0  0  0  0]
 [ 0  0  0  0  0  0  0  0  0  0  0  0  0  0  0  0  0  0  0  0]
 [ 0  0  0  0  0  0  0  0  0  0  0  0  0  0  0  0  0 10 10  0]
 [ 0  0  0  0  1  1  0  0  0  0 14 14  0  0  0  0  0 10 10  0]
 [ 0  0  0  0  1  1  0  0  0  0 14 14  0  0  0  0  0 10 10  0]
 [10 10 10 10 10 10 10 10 10 10 10 10 10 10 10 10 10 10 10 10]
 [10 10 10 10 10 10 10 10 10 10 10 10 10 10 10 10 10 10 10 10]]
State: {'lives': 2, 'score': 100, 'coins': 1, 'stage': 1, 'world': 1, 'x_position': 388, 'time': 351, 'dead_timer': 0, 'dead_jump_timer': 0, 'game_over': False}
Frame: [[[255 255 255]
  [255 255 255]
  [255 255 255]
  ...
  [255 255 255]
  [255 255 255]
  [255 255 255]]

 [[255 255 255]
  [224 224 224]
  [170 170 170]
  ...
  [170 170 170]
  [224 224 224]
  [255 255 255]]

 [[255 255 255]
  [179 179 179]
  [ 42  42  42]
  ...
  [ 42  42  42]
  [179 179 179]
  [255 255 255]]

 ...

 [[  0   0   0]
  [  0   0   0]
  [  0   0   0]
  ...
  [  0   0   0]
  [  0   0   0]
  [  0   0   0]]

 [[  0   0   0]
  [  0   0   0]
  [  0   0   0]
  ...
  [  0   0   0]
  [  0   0   0]
  [  0   0   0]]

 [[  0   0   0]
  [  0   0   0]
  [  0   0   0]
  ...
  [  0   0   0]
  [  0   0   0]
  [  0   0   0]]]
Game Area: [[ 0  0  0  0  0  0  0  0  0  0  0  0  0  0  0  0  0  0  0  0]
 [ 0  0  0  0  0  0  0  0  0  0  0  0  0  0  0  0  0  0  0  0]
 [ 0  0  0  0  0  0  0  0  0  0  0  0  0  0  0  0  0  0  0  0]
 [ 0  0  0  0  0  0  0  0  0  0  0  0  0  0  0  0  0  0  0  0]
 [ 0  0  0  0  0  0  0  0  0  0  0  0  0  0  0  0  0  0  0  0]
 [ 0  0  0  0  0  0  0  0  0  0  0  0  0  0  0  0  0  0  0  0]
 [ 0  0  0  0  0  0  0  0  0  0  0  0  0  0  0  0  0 13  0  0]
 [ 0  0  0  0  0  0  0  0  0  0  0  0  0  0  0  0  0  0  0  0]
 [ 0  0  0  0  0  0  0  0  0  0  0  0  0  0  0  0  0  0  0  0]
 [ 0  0  0  0  0 13  0  0  0  0  0  0  0  0  0  0  0  0  0  0]
 [ 0  0  0  0  0  0  0  0  0  0  0  0  0  0  0  0  0  0  0  0]
 [ 0  0  0  0  0  0  0  0  0  0  0  0  0  0  0  0  0 10 10  0]
 [ 0  0  0  0  1  1  0  0  0  0 14 14  0  0  0  0  0 10 10  0]
 [ 0  0  0  0  1  1  0  0  0  0 14 14  0  0  0  0  0 10 10  0]
 [10 10 10 10 10 10 10 10 10 10 10 10 10 10 10 10 10 10 10 10]
 [10 10 10 10 10 10 10 10 10 10 10 10 10 10 10 10 10 10 10 10]]
State: {'lives': 2, 'score': 100, 'coins': 1, 'stage': 1, 'world': 1, 'x_position': 395, 'time': 351, 'dead_timer': 0, 'dead_jump_timer': 0, 'game_over': False}
Frame: [[[255 255 255]
  [255 255 255]
  [255 255 255]
  ...
  [255 255 255]
  [255 255 255]
  [255 255 255]]

 [[255 255 255]
  [224 224 224]
  [170 170 170]
  ...
  [170 170 170]
  [224 224 224]
  [255 255 255]]

 [[255 255 255]
  [179 179 179]
  [ 42  42  42]
  ...
  [ 42  42  42]
  [179 179 179]
  [255 255 255]]

 ...

 [[  0   0   0]
  [  0   0   0]
  [  0   0   0]
  ...
  [  0   0   0]
  [  0   0   0]
  [  0   0   0]]

 [[  0   0   0]
  [  0   0   0]
  [  0   0   0]
  ...
  [  0   0   0]
  [  0   0   0]
  [  0   0   0]]

 [[  0   0   0]
  [  0   0   0]
  [  0   0   0]
  ...
  [  0   0   0]
  [  0   0   0]
  [  0   0   0]]]
Game Area: [[ 0  0  0  0  0  0  0  0  0  0  0  0  0  0  0  0  0  0  0  0]
 [ 0  0  0  0  0  0  0  0  0  0  0  0  0  0  0  0  0  0  0  0]
 [ 0  0  0  0  0  0  0  0  0  0  0  0  0  0  0  0  0  0  0  0]
 [ 0  0  0  0  0  0  0  0  0  0  0  0  0  0  0  0  0  0  0  0]
 [ 0  0  0  0  0  0  0  0  0  0  0  0  0  0  0  0  0  0  0  0]
 [ 0  0  0  0  0  0  0  0  0  0  0  0  0  0  0  0  0  0  0  0]
 [ 0  0  0  0  0  0  0  0  0  0  0  0  0  0  0  0  0 13  0  0]
 [ 0  0  0  0  0  0  0  0  0  0  0  0  0  0  0  0  0  0  0  0]
 [ 0  0  0  0  0  0  0  0  0  0  0  0  0  0  0  0  0  0  0  0]
 [ 0  0  0  0  0 13  0  0  0  0  0  0  0  0  0  0  0  0  0  0]
 [ 0  0  0  0  0  0  0  0  0  0  0  0  0  0  0  0  0  0  0  0]
 [ 0  0  0  0  0  0  0  0  0  0  0  0  0  0  0  0  0 10 10  0]
 [ 0  0  0  0  0  1  1  0  0  0 14 14  0  0  0  0  0 10 10  0]
 [ 0  0  0  0  0  1  1  0  0  0 14 14  0  0  0  0  0 10 10  0]
 [10 10 10 10 10 10 10 10 10 10 10 10 10 10 10 10 10 10 10 10]
 [10 10 10 10 10 10 10 10 10 10 10 10 10 10 10 10 10 10 10 10]]
State: {'lives': 2, 'score': 100, 'coins': 1, 'stage': 1, 'world': 1, 'x_position': 398, 'time': 351, 'dead_timer': 0, 'dead_jump_timer': 0, 'game_over': False}
Frame: [[[255 255 255]
  [255 255 255]
  [255 255 255]
  ...
  [255 255 255]
  [255 255 255]
  [255 255 255]]

 [[255 255 255]
  [224 224 224]
  [170 170 170]
  ...
  [170 170 170]
  [224 224 224]
  [255 255 255]]

 [[255 255 255]
  [179 179 179]
  [ 42  42  42]
  ...
  [ 42  42  42]
  [179 179 179]
  [255 255 255]]

 ...

 [[  0   0   0]
  [  0   0   0]
  [  0   0   0]
  ...
  [  0   0   0]
  [  0   0   0]
  [  0   0   0]]

 [[  0   0   0]
  [  0   0   0]
  [  0   0   0]
  ...
  [  0   0   0]
  [  0   0   0]
  [  0   0   0]]

 [[  0   0   0]
  [  0   0   0]
  [  0   0   0]
  ...
  [  0   0   0]
  [  0   0   0]
  [  0   0   0]]]
Game Area: [[ 0  0  0  0  0  0  0  0  0  0  0  0  0  0  0  0  0  0  0  0]
 [ 0  0  0  0  0  0  0  0  0  0  0  0  0  0  0  0  0  0  0  0]
 [ 0  0  0  0  0  0  0  0  0  0  0  0  0  0  0  0  0  0  0  0]
 [ 0  0  0  0  0  0  0  0  0  0  0  0  0  0  0  0  0  0  0  0]
 [ 0  0  0  0  0  0  0  0  0  0  0  0  0  0  0  0  0  0  0  0]
 [ 0  0  0  0  0  0  0  0  0  0  0  0  0  0  0  0  0  0  0  0]
 [ 0  0  0  0  0  0  0  0  0  0  0  0  0  0  0  0  0 13  0  0]
 [ 0  0  0  0  0  0  0  0  0  0  0  0  0  0  0  0  0  0  0  0]
 [ 0  0  0  0  0  0  0  0  0  0  0  0  0  0  0  0  0  0  0  0]
 [ 0  0  0  0  0 13  0  0  0  0  0  0  0  0  0  0  0  0  0  0]
 [ 0  0  0  0  0  0  0  0  0  0  0  0  0  0  0  0  0  0  0  0]
 [ 0  0  0  0  0  0  0  0  0  0  0  0  0  0  0  0  0 10 10  0]
 [ 0  0  0  0  0  1  1  0  0  0 14 14  0  0  0  0  0 10 10  0]
 [ 0  0  0  0  0  1  1  0  0  0 14 14  0  0  0  0  0 10 10  0]
 [10 10 10 10 10 10 10 10 10 10 10 10 10 10 10 10 10 10 10 10]
 [10 10 10 10 10 10 10 10 10 10 10 10 10 10 10 10 10 10 10 10]]
State: {'lives': 2, 'score': 100, 'coins': 1, 'stage': 1, 'world': 1, 'x_position': 405, 'time': 350, 'dead_timer': 0, 'dead_jump_timer': 0, 'game_over': False}
Frame: [[[255 255 255]
  [255 255 255]
  [255 255 255]
  ...
  [255 255 255]
  [255 255 255]
  [255 255 255]]

 [[255 255 255]
  [224 224 224]
  [170 170 170]
  ...
  [170 170 170]
  [224 224 224]
  [255 255 255]]

 [[255 255 255]
  [179 179 179]
  [ 42  42  42]
  ...
  [ 42  42  42]
  [179 179 179]
  [255 255 255]]

 ...

 [[  0   0   0]
  [  0   0   0]
  [  0   0   0]
  ...
  [  0   0   0]
  [  0   0   0]
  [  0   0   0]]

 [[  0   0   0]
  [  0   0   0]
  [  0   0   0]
  ...
  [  0   0   0]
  [  0   0   0]
  [  0   0   0]]

 [[  0   0   0]
  [  0   0   0]
  [  0   0   0]
  ...
  [  0   0   0]
  [  0   0   0]
  [  0   0   0]]]
Game Area: [[ 0  0  0  0  0  0  0  0  0  0  0  0  0  0  0  0  0  0  0  0]
 [ 0  0  0  0  0  0  0  0  0  0  0  0  0  0  0  0  0  0  0  0]
 [ 0  0  0  0  0  0  0  0  0  0  0  0  0  0  0  0  0  0  0  0]
 [ 0  0  0  0  0  0  0  0  0  0  0  0  0  0  0  0  0  0  0  0]
 [ 0  0  0  0  0  0  0  0  0  0  0  0  0  0  0  0  0  0  0  0]
 [ 0  0  0  0  0  0  0  0  0  0  0  0  0  0  0  0  0  0  0  0]
 [ 0  0  0  0  0  0  0  0  0  0  0  0  0  0  0  0  0 13  0  0]
 [ 0  0  0  0  0  0  0  0  0  0  0  0  0  0  0  0  0  0  0  0]
 [ 0  0  0  0  0  0  0  0  0  0  0  0  0  0  0  0  0  0  0  0]
 [ 0  0  0  0  0 13  0  0  0  0  0  0  0  0  0  0  0  0  0  0]
 [ 0  0  0  0  0  0  0  0  0  0  0  0  0  0  0  0  0  0  0  0]
 [ 0  0  0  0  0  0  0  0  0  0  0  0  0  0  0  0  0 10 10  0]
 [ 0  0  0  0  0  0  1  1  0  0 14 14  0  0  0  0  0 10 10  0]
 [ 0  0  0  0  0  0  1  1  0  0 14 14  0  0  0  0  0 10 10  0]
 [10 10 10 10 10 10 10 10 10 10 10 10 10 10 10 10 10 10 10 10]
 [10 10 10 10 10 10 10 10 10 10 10 10 10 10 10 10 10 10 10 10]]
State: {'lives': 2, 'score': 100, 'coins': 1, 'stage': 1, 'world': 1, 'x_position': 415, 'time': 350, 'dead_timer': 0, 'dead_jump_timer': 0, 'game_over': False}
Frame: [[[255 255 255]
  [255 255 255]
  [255 255 255]
  ...
  [255 255 255]
  [255 255 255]
  [255 255 255]]

 [[255 255 255]
  [224 224 224]
  [170 170 170]
  ...
  [170 170 170]
  [224 224 224]
  [255 255 255]]

 [[255 255 255]
  [179 179 179]
  [ 42  42  42]
  ...
  [ 42  42  42]
  [179 179 179]
  [255 255 255]]

 ...

 [[  0   0   0]
  [  0   0   0]
  [  0   0   0]
  ...
  [  0   0   0]
  [  0   0   0]
  [  0   0   0]]

 [[  0   0   0]
  [  0   0   0]
  [  0   0   0]
  ...
  [  0   0   0]
  [  0   0   0]
  [  0   0   0]]

 [[  0   0   0]
  [  0   0   0]
  [  0   0   0]
  ...
  [  0   0   0]
  [  0   0   0]
  [  0   0   0]]]
Game Area: [[ 0  0  0  0  0  0  0  0  0  0  0  0  0  0  0  0  0  0  0  0]
 [ 0  0  0  0  0  0  0  0  0  0  0  0  0  0  0  0  0  0  0  0]
 [ 0  0  0  0  0  0  0  0  0  0  0  0  0  0  0  0  0  0  0  0]
 [ 0  0  0  0  0  0  0  0  0  0  0  0  0  0  0  0  0  0  0  0]
 [ 0  0  0  0  0  0  0  0  0  0  0  0  0  0  0  0  0  0  0  0]
 [ 0  0  0  0  0  0  0  0  0  0  0  0  0  0  0  0  0  0  0  0]
 [ 0  0  0  0  0  0  0  0  0  0  0  0  0  0  0  0  0 13  0  0]
 [ 0  0  0  0  0  0  0  0  0  0  0  0  0  0  0  0  0  0  0  0]
 [ 0  0  0  0  0  0  0  0  0  0  0  0  0  0  0  0  0  0  0  0]
 [ 0  0  0  0  0 13  0  0  0  0  0  0  0  0  0  0  0  0  0  0]
 [ 0  0  0  0  0  0  0  0  0  0  0  0  0  0  0  0  0  0  0  0]
 [ 0  0  0  0  0  0  0  0  0  0  0  0  0  0  0  0  0 10 10  0]
 [ 0  0  0  0  0  0  0  1  1  0 14 14  0  0  0  0  0 10 10  0]
 [ 0  0  0  0  0  0  0  1  1  0 14 14  0  0  0  0  0 10 10  0]
 [10 10 10 10 10 10 10 10 10 10 10 10 10 10 10 10 10 10 10 10]
 [10 10 10 10 10 10 10 10 10 10 10 10 10 10 10 10 10 10 10 10]]
State: {'lives': 2, 'score': 100, 'coins': 1, 'stage': 1, 'world': 1, 'x_position': 419, 'time': 350, 'dead_timer': 0, 'dead_jump_timer': 0, 'game_over': False}
Frame: [[[255 255 255]
  [255 255 255]
  [255 255 255]
  ...
  [255 255 255]
  [255 255 255]
  [255 255 255]]

 [[255 255 255]
  [224 224 224]
  [170 170 170]
  ...
  [170 170 170]
  [224 224 224]
  [255 255 255]]

 [[255 255 255]
  [179 179 179]
  [ 42  42  42]
  ...
  [ 42  42  42]
  [179 179 179]
  [255 255 255]]

 ...

 [[  0   0   0]
  [  0   0   0]
  [  0   0   0]
  ...
  [  0   0   0]
  [  0   0   0]
  [  0   0   0]]

 [[  0   0   0]
  [  0   0   0]
  [  0   0   0]
  ...
  [  0   0   0]
  [  0   0   0]
  [  0   0   0]]

 [[  0   0   0]
  [  0   0   0]
  [  0   0   0]
  ...
  [  0   0   0]
  [  0   0   0]
  [  0   0   0]]]
Game Area: [[ 0  0  0  0  0  0  0  0  0  0  0  0  0  0  0  0  0  0  0  0]
 [ 0  0  0  0  0  0  0  0  0  0  0  0  0  0  0  0  0  0  0  0]
 [ 0  0  0  0  0  0  0  0  0  0  0  0  0  0  0  0  0  0  0  0]
 [ 0  0  0  0  0  0  0  0  0  0  0  0  0  0  0  0  0  0  0  0]
 [ 0  0  0  0  0  0  0  0  0  0  0  0  0  0  0  0  0  0  0  0]
 [ 0  0  0  0  0  0  0  0  0  0  0  0  0  0  0  0  0  0  0  0]
 [ 0  0  0  0  0  0  0  0  0  0  0  0  0  0  0  0  0 13  0  0]
 [ 0  0  0  0  0  0  0  0  0  0  0  0  0  0  0  0  0  0  0  0]
 [ 0  0  0  0  0  0  0  0  0  0  0  0  0  0  0  0  0  0  0  0]
 [ 0  0  0  0  0 13  0  0  1  1  0  0  0  0  0  0  0  0  0  0]
 [ 0  0  0  0  0  0  0  0  1  1  0  0  0  0  0  0  0  0  0  0]
 [ 0  0  0  0  0  0  0  0  0  0  0  0  0  0  0  0  0 10 10  0]
 [ 0  0  0  0  0  0  0  0  0  0 14 14  0  0  0  0  0 10 10  0]
 [ 0  0  0  0  0  0  0  0  0  0 14 14  0  0  0  0  0 10 10  0]
 [10 10 10 10 10 10 10 10 10 10 10 10 10 10 10 10 10 10 10 10]
 [10 10 10 10 10 10 10 10 10 10 10 10 10 10 10 10 10 10 10 10]]
State: {'lives': 2, 'score': 100, 'coins': 1, 'stage': 1, 'world': 1, 'x_position': 424, 'time': 350, 'dead_timer': 0, 'dead_jump_timer': 0, 'game_over': False}
Frame: [[[255 255 255]
  [255 255 255]
  [255 255 255]
  ...
  [255 255 255]
  [255 255 255]
  [255 255 255]]

 [[255 255 255]
  [224 224 224]
  [170 170 170]
  ...
  [170 170 170]
  [224 224 224]
  [255 255 255]]

 [[255 255 255]
  [179 179 179]
  [ 42  42  42]
  ...
  [ 42  42  42]
  [179 179 179]
  [255 255 255]]

 ...

 [[  0   0   0]
  [  0   0   0]
  [  0   0   0]
  ...
  [  0   0   0]
  [  0   0   0]
  [  0   0   0]]

 [[  0   0   0]
  [  0   0   0]
  [  0   0   0]
  ...
  [  0   0   0]
  [  0   0   0]
  [  0   0   0]]

 [[  0   0   0]
  [  0   0   0]
  [  0   0   0]
  ...
  [  0   0   0]
  [  0   0   0]
  [  0   0   0]]]
Game Area: [[ 0  0  0  0  0  0  0  0  0  0  0  0  0  0  0  0  0  0  0  0]
 [ 0  0  0  0  0  0  0  0  0  0  0  0  0  0  0  0  0  0  0  0]
 [ 0  0  0  0  0  0  0  0  0  0  0  0  0  0  0  0  0  0  0  0]
 [ 0  0  0  0  0  0  0  0  0  0  0  0  0  0  0  0  0  0  0  0]
 [ 0  0  0  0  0  0  0  0  0  0  0  0  0  0  0  0  0  0  0  0]
 [ 0  0  0  0  0  0  0  0  0  0  0  0  0  0  0  0  0  0  0  0]
 [ 0  0  0  0  0  0  0  0  0  0  0  0  0  0  0  0  0 13  0  0]
 [ 0  0  0  0  0  0  0  0  0  0  0  0  0  0  0  0  0  0  0  0]
 [ 0  0  0  0  0  0  0  0  1  1  0  0  0  0  0  0  0  0  0  0]
 [ 0  0  0  0  0 13  0  0  1  1  0  0  0  0  0  0  0  0  0  0]
 [ 0  0  0  0  0  0  0  0  0  0  0  0  0  0  0  0  0  0  0  0]
 [ 0  0  0  0  0  0  0  0  0  0  0  0  0  0  0  0  0 10 10  0]
 [ 0  0  0  0  0  0  0  0  0  0 14 14  0  0  0  0  0 10 10  0]
 [ 0  0  0  0  0  0  0  0  0  0 14 14  0  0  0  0  0 10 10  0]
 [10 10 10 10 10 10 10 10 10 10 10 10 10 10 10 10 10 10 10 10]
 [10 10 10 10 10 10 10 10 10 10 10 10 10 10 10 10 10 10 10 10]]
State: {'lives': 2, 'score': 100, 'coins': 1, 'stage': 1, 'world': 1, 'x_position': 429, 'time': 349, 'dead_timer': 0, 'dead_jump_timer': 0, 'game_over': False}
Frame: [[[255 255 255]
  [255 255 255]
  [255 255 255]
  ...
  [255 255 255]
  [255 255 255]
  [255 255 255]]

 [[255 255 255]
  [224 224 224]
  [170 170 170]
  ...
  [170 170 170]
  [224 224 224]
  [255 255 255]]

 [[255 255 255]
  [179 179 179]
  [ 42  42  42]
  ...
  [ 42  42  42]
  [179 179 179]
  [255 255 255]]

 ...

 [[  0   0   0]
  [  0   0   0]
  [  0   0   0]
  ...
  [  0   0   0]
  [  0   0   0]
  [  0   0   0]]

 [[  0   0   0]
  [  0   0   0]
  [  0   0   0]
  ...
  [  0   0   0]
  [  0   0   0]
  [  0   0   0]]

 [[  0   0   0]
  [  0   0   0]
  [  0   0   0]
  ...
  [  0   0   0]
  [  0   0   0]
  [  0   0   0]]]
Game Area: [[ 0  0  0  0  0  0  0  0  0  0  0  0  0  0  0  0  0  0  0  0]
 [ 0  0  0  0  0  0  0  0  0  0  0  0  0  0  0  0  0  0  0  0]
 [ 0  0  0  0  0  0  0  0  0  0  0  0  0  0  0  0  0  0  0  0]
 [ 0  0  0  0  0  0  0  0  0  0  0  0  0  0  0  0  0  0  0  0]
 [ 0  0  0  0  0  0  0  0  0  0  0  0  0  0  0  0  0  0  0  0]
 [ 0  0  0  0  0  0  0  0  0  0  0  0  0  0  0  0  0  0  0  0]
 [ 0  0  0  0  0  0  0  0  0  0  0  0  0  0  0  0 13  0  0  0]
 [ 0  0  0  0  0  0  0  0  0  0  0  0  0  0  0  0  0  0  0  0]
 [ 0  0  0  0  0  0  0  0  1  1  0  0  0  0  0  0  0  0  0  0]
 [ 0  0  0  0 13  0  0  0  1  1  0  0  0  0  0  0  0  0  0  0]
 [ 0  0  0  0  0  0  0  0  0  0  0  0  0  0  0  0  0  0  0  0]
 [ 0  0  0  0  0  0  0  0  0  0  0  0  0  0  0  0 10 10  0  0]
 [ 0  0  0  0  0  0  0  0  0 14 14  0  0  0  0  0 10 10  0  0]
 [ 0  0  0  0  0  0  0  0  0 14 14  0  0  0  0  0 10 10  0  0]
 [10 10 10 10 10 10 10 10 10 10 10 10 10 10 10 10 10 10 10 10]
 [10 10 10 10 10 10 10 10 10 10 10 10 10 10 10 10 10 10 10 10]]
State: {'lives': 2, 'score': 100, 'coins': 1, 'stage': 1, 'world': 1, 'x_position': 436, 'time': 349, 'dead_timer': 0, 'dead_jump_timer': 0, 'game_over': False}
Frame: [[[255 255 255]
  [255 255 255]
  [255 255 255]
  ...
  [255 255 255]
  [255 255 255]
  [255 255 255]]

 [[255 255 255]
  [224 224 224]
  [170 170 170]
  ...
  [170 170 170]
  [224 224 224]
  [255 255 255]]

 [[255 255 255]
  [179 179 179]
  [ 42  42  42]
  ...
  [ 42  42  42]
  [179 179 179]
  [255 255 255]]

 ...

 [[  0   0   0]
  [  0   0   0]
  [  0   0   0]
  ...
  [  0   0   0]
  [  0   0   0]
  [  0   0   0]]

 [[  0   0   0]
  [  0   0   0]
  [  0   0   0]
  ...
  [  0   0   0]
  [  0   0   0]
  [  0   0   0]]

 [[  0   0   0]
  [  0   0   0]
  [  0   0   0]
  ...
  [  0   0   0]
  [  0   0   0]
  [  0   0   0]]]
Game Area: [[ 0  0  0  0  0  0  0  0  0  0  0  0  0  0  0  0  0  0  0  0]
 [ 0  0  0  0  0  0  0  0  0  0  0  0  0  0  0  0  0  0  0  0]
 [ 0  0  0  0  0  0  0  0  0  0  0  0  0  0  0  0  0  0  0  0]
 [ 0  0  0  0  0  0  0  0  0  0  0  0  0  0  0  0  0  0  0  0]
 [ 0  0  0  0  0  0  0  0  0  0  0  0  0  0  0  0  0  0  0  0]
 [ 0  0  0  0  0  0  0  0  0  0  0  0  0  0  0  0  0  0  0  0]
 [ 0  0  0  0  0  0  0  0  0  0  0  0  0  0  0 13  0  0  0  0]
 [ 0  0  0  0  0  0  0  0  0  0  0  0  0  0  0  0  0  0  0  0]
 [ 0  0  0  0  0  0  0  0  0  0  0  0  0  0  0  0  0  0  0  0]
 [ 0  0  0 13  0  0  0  0  0  0  0  0  0  0  0  0  0  0  0  0]
 [ 0  0  0  0  0  0  0  0  1  1  0  0  0  0  0  0  0  0  0  0]
 [ 0  0  0  0  0  0  0  0  1  1  0  0  0  0  0 10 10  0  0  0]
 [ 0  0  0  0  0  0  0  0 14 14  0  0  0  0  0 10 10  0  0  0]
 [ 0  0  0  0  0  0  0  0 14 14  0  0  0  0  0 10 10  0  0  0]
 [10 10 10 10 10 10 10 10 10 10 10 10 10 10 10 10 10 10 10 10]
 [10 10 10 10 10 10 10 10 10 10 10 10 10 10 10 10 10 10 10 10]]
State: {'lives': 2, 'score': 100, 'coins': 1, 'stage': 1, 'world': 1, 'x_position': 440, 'time': 349, 'dead_timer': 0, 'dead_jump_timer': 0, 'game_over': False}
Frame: [[[255 255 255]
  [255 255 255]
  [255 255 255]
  ...
  [255 255 255]
  [255 255 255]
  [255 255 255]]

 [[255 255 255]
  [224 224 224]
  [170 170 170]
  ...
  [170 170 170]
  [224 224 224]
  [255 255 255]]

 [[255 255 255]
  [179 179 179]
  [ 42  42  42]
  ...
  [ 42  42  42]
  [179 179 179]
  [255 255 255]]

 ...

 [[  0   0   0]
  [  0   0   0]
  [  0   0   0]
  ...
  [  0   0   0]
  [  0   0   0]
  [  0   0   0]]

 [[  0   0   0]
  [  0   0   0]
  [  0   0   0]
  ...
  [  0   0   0]
  [  0   0   0]
  [  0   0   0]]

 [[  0   0   0]
  [  0   0   0]
  [  0   0   0]
  ...
  [  0   0   0]
  [  0   0   0]
  [  0   0   0]]]
Game Area: [[ 0  0  0  0  0  0  0  0  0  0  0  0  0  0  0  0  0  0  0  0]
 [ 0  0  0  0  0  0  0  0  0  0  0  0  0  0  0  0  0  0  0  0]
 [ 0  0  0  0  0  0  0  0  0  0  0  0  0  0  0  0  0  0  0  0]
 [ 0  0  0  0  0  0  0  0  0  0  0  0  0  0  0  0  0  0  0  0]
 [ 0  0  0  0  0  0  0  0  0  0  0  0  0  0  0  0  0  0  0  0]
 [ 0  0  0  0  0  0  0  0  0  0  0  0  0  0  0  0  0  0  0  0]
 [ 0  0  0  0  0  0  0  0  0  0  0  0  0  0  0 13  0  0  0  0]
 [ 0  0  0  0  0  0  0  0  0  0  0  0  0  0  0  0  0  0  0  0]
 [ 0  0  0  0  0  0  0  0  0  0  0  0  0  0  0  0  0  0  0  0]
 [ 0  0  0 13  0  0  0  0  0  0  0  0  0  0  0  0  0  0  0  0]
 [ 0  0  0  0  0  0  0  0  1  1  0  0  0  0  0  0  0  0  0  0]
 [ 0  0  0  0  0  0  0  0  1  1  0  0  0  0  0 10 10  0  0  0]
 [ 0  0  0  0  0  0  0  0 14 14  0  0  0  0  0 10 10  0  0  0]
 [ 0  0  0  0  0  0  0  0 14 14  0  0  0  0  0 10 10  0  0  0]
 [10 10 10 10 10 10 10 10 10 10 10 10 10 10 10 10 10 10 10 10]
 [10 10 10 10 10 10 10 10 10 10 10 10 10 10 10 10 10 10 10 10]]
State: {'lives': 2, 'score': 100, 'coins': 1, 'stage': 1, 'world': 1, 'x_position': 433, 'time': 349, 'dead_timer': 0, 'dead_jump_timer': 0, 'game_over': False}
Frame: [[[255 255 255]
  [255 255 255]
  [255 255 255]
  ...
  [255 255 255]
  [255 255 255]
  [255 255 255]]

 [[255 255 255]
  [224 224 224]
  [170 170 170]
  ...
  [170 170 170]
  [224 224 224]
  [255 255 255]]

 [[255 255 255]
  [179 179 179]
  [ 42  42  42]
  ...
  [ 42  42  42]
  [179 179 179]
  [255 255 255]]

 ...

 [[  0   0   0]
  [  0   0   0]
  [  0   0   0]
  ...
  [  0   0   0]
  [  0   0   0]
  [  0   0   0]]

 [[  0   0   0]
  [  0   0   0]
  [  0   0   0]
  ...
  [  0   0   0]
  [  0   0   0]
  [  0   0   0]]

 [[  0   0   0]
  [  0   0   0]
  [  0   0   0]
  ...
  [  0   0   0]
  [  0   0   0]
  [  0   0   0]]]
Game Area: [[ 0  0  0  0  0  0  0  0  0  0  0  0  0  0  0  0  0  0  0  0]
 [ 0  0  0  0  0  0  0  0  0  0  0  0  0  0  0  0  0  0  0  0]
 [ 0  0  0  0  0  0  0  0  0  0  0  0  0  0  0  0  0  0  0  0]
 [ 0  0  0  0  0  0  0  0  0  0  0  0  0  0  0  0  0  0  0  0]
 [ 0  0  0  0  0  0  0  0  0  0  0  0  0  0  0  0  0  0  0  0]
 [ 0  0  0  0  0  0  0  0  0  0  0  0  0  0  0  0  0  0  0  0]
 [ 0  0  0  0  0  0  0  0  0  0  0  0  0  0  0 13  0  0  0  0]
 [ 0  0  0  0  0  0  0  0  0  0  0  0  0  0  0  0  0  0  0  0]
 [ 0  0  0  0  0  0  0  0  0  0  0  0  0  0  0  0  0  0  0  0]
 [ 0  0  0 13  0  0  0  0  0  0  0  0  0  0  0  0  0  0  0  0]
 [ 0  0  0  0  0  0  0  1  1  0  0  0  0  0  0  0  0  0  0  0]
 [ 0  0  0  0  0  0  0  1  1  0  0  0  0  0  0 10 10  0  0  0]
 [ 0  0  0  0  0  0  0  0 14 14  0  0  0  0  0 10 10  0  0  0]
 [ 0  0  0  0  0  0  0  0 14 14  0  0  0  0  0 10 10  0  0  0]
 [10 10 10 10 10 10 10 10 10 10 10 10 10 10 10 10 10 10 10 10]
 [10 10 10 10 10 10 10 10 10 10 10 10 10 10 10 10 10 10 10 10]]
State: {'lives': 2, 'score': 100, 'coins': 1, 'stage': 1, 'world': 1, 'x_position': 428, 'time': 348, 'dead_timer': 0, 'dead_jump_timer': 0, 'game_over': False}
Frame: [[[255 255 255]
  [255 255 255]
  [255 255 255]
  ...
  [255 255 255]
  [255 255 255]
  [255 255 255]]

 [[255 255 255]
  [224 224 224]
  [170 170 170]
  ...
  [170 170 170]
  [224 224 224]
  [255 255 255]]

 [[255 255 255]
  [179 179 179]
  [ 42  42  42]
  ...
  [ 42  42  42]
  [179 179 179]
  [255 255 255]]

 ...

 [[  0   0   0]
  [  0   0   0]
  [  0   0   0]
  ...
  [  0   0   0]
  [  0   0   0]
  [  0   0   0]]

 [[  0   0   0]
  [  0   0   0]
  [  0   0   0]
  ...
  [  0   0   0]
  [  0   0   0]
  [  0   0   0]]

 [[  0   0   0]
  [  0   0   0]
  [  0   0   0]
  ...
  [  0   0   0]
  [  0   0   0]
  [  0   0   0]]]
Game Area: [[ 0  0  0  0  0  0  0  0  0  0  0  0  0  0  0  0  0  0  0  0]
 [ 0  0  0  0  0  0  0  0  0  0  0  0  0  0  0  0  0  0  0  0]
 [ 0  0  0  0  0  0  0  0  0  0  0  0  0  0  0  0  0  0  0  0]
 [ 0  0  0  0  0  0  0  0  0  0  0  0  0  0  0  0  0  0  0  0]
 [ 0  0  0  0  0  0  0  0  0  0  0  0  0  0  0  0  0  0  0  0]
 [ 0  0  0  0  0  0  0  0  0  0  0  0  0  0  0  0  0  0  0  0]
 [ 0  0  0  0  0  0  0  0  0  0  0  0  0  0  0 13  0  0  0  0]
 [ 0  0  0  0  0  0  1  1  0  0  0  0  0  0  0  0  0  0  0  0]
 [ 0  0  0  0  0  0  1  1  0  0  0  0  0  0  0  0  0  0  0  0]
 [ 0  0  0 13  0  0  0  0  0  0  0  0  0  0  0  0  0  0  0  0]
 [ 0  0  0  0  0  0  0  0  0  0  0  0  0  0  0  0  0  0  0  0]
 [ 0  0  0  0  0  0  0  0  0  0  0  0  0  0  0 10 10  0  0  0]
 [ 0  0  0  0  0  0  0  0 14 14  0  0  0  0  0 10 10  0  0  0]
 [ 0  0  0  0  0  0  0  0 14 14  0  0  0  0  0 10 10  0  0  0]
 [10 10 10 10 10 10 10 10 10 10 10 10 10 10 10 10 10 10 10 10]
 [10 10 10 10 10 10 10 10 10 10 10 10 10 10 10 10 10 10 10 10]]
State: {'lives': 2, 'score': 100, 'coins': 1, 'stage': 1, 'world': 1, 'x_position': 428, 'time': 348, 'dead_timer': 0, 'dead_jump_timer': 0, 'game_over': False}
Frame: [[[255 255 255]
  [255 255 255]
  [255 255 255]
  ...
  [255 255 255]
  [255 255 255]
  [255 255 255]]

 [[255 255 255]
  [224 224 224]
  [170 170 170]
  ...
  [170 170 170]
  [224 224 224]
  [255 255 255]]

 [[255 255 255]
  [179 179 179]
  [ 42  42  42]
  ...
  [ 42  42  42]
  [179 179 179]
  [255 255 255]]

 ...

 [[  0   0   0]
  [  0   0   0]
  [  0   0   0]
  ...
  [  0   0   0]
  [  0   0   0]
  [  0   0   0]]

 [[  0   0   0]
  [  0   0   0]
  [  0   0   0]
  ...
  [  0   0   0]
  [  0   0   0]
  [  0   0   0]]

 [[  0   0   0]
  [  0   0   0]
  [  0   0   0]
  ...
  [  0   0   0]
  [  0   0   0]
  [  0   0   0]]]
Game Area: [[ 0  0  0  0  0  0  0  0  0  0  0  0  0  0  0  0  0  0  0  0]
 [ 0  0  0  0  0  0  0  0  0  0  0  0  0  0  0  0  0  0  0  0]
 [ 0  0  0  0  0  0  0  0  0  0  0  0  0  0  0  0  0  0  0  0]
 [ 0  0  0  0  0  0  0  0  0  0  0  0  0  0  0  0  0  0  0  0]
 [ 0  0  0  0  0  0  0  0  0  0  0  0  0  0  0  0  0  0  0  0]
 [ 0  0  0  0  0  0  0  0  0  0  0  0  0  0  0  0  0  0  0  0]
 [ 0  0  0  0  0  0  1  1  0  0  0  0  0  0  0 13  0  0  0  0]
 [ 0  0  0  0  0  0  1  1  0  0  0  0  0  0  0  0  0  0  0  0]
 [ 0  0  0  0  0  0  0  0  0  0  0  0  0  0  0  0  0  0  0  0]
 [ 0  0  0 13  0  0  0  0  0  0  0  0  0  0  0  0  0  0  0  0]
 [ 0  0  0  0  0  0  0  0  0  0  0  0  0  0  0  0  0  0  0  0]
 [ 0  0  0  0  0  0  0  0  0  0  0  0  0  0  0 10 10  0  0  0]
 [ 0  0  0  0  0  0  0  0 14 14  0  0  0  0  0 10 10  0  0  0]
 [ 0  0  0  0  0  0  0  0 14 14  0  0  0  0  0 10 10  0  0  0]
 [10 10 10 10 10 10 10 10 10 10 10 10 10 10 10 10 10 10 10 10]
 [10 10 10 10 10 10 10 10 10 10 10 10 10 10 10 10 10 10 10 10]]
State: {'lives': 2, 'score': 100, 'coins': 1, 'stage': 1, 'world': 1, 'x_position': 428, 'time': 348, 'dead_timer': 0, 'dead_jump_timer': 0, 'game_over': False}
Frame: [[[255 255 255]
  [255 255 255]
  [255 255 255]
  ...
  [255 255 255]
  [255 255 255]
  [255 255 255]]

 [[255 255 255]
  [224 224 224]
  [170 170 170]
  ...
  [170 170 170]
  [224 224 224]
  [255 255 255]]

 [[255 255 255]
  [179 179 179]
  [ 42  42  42]
  ...
  [ 42  42  42]
  [179 179 179]
  [255 255 255]]

 ...

 [[  0   0   0]
  [  0   0   0]
  [  0   0   0]
  ...
  [  0   0   0]
  [  0   0   0]
  [  0   0   0]]

 [[  0   0   0]
  [  0   0   0]
  [  0   0   0]
  ...
  [  0   0   0]
  [  0   0   0]
  [  0   0   0]]

 [[  0   0   0]
  [  0   0   0]
  [  0   0   0]
  ...
  [  0   0   0]
  [  0   0   0]
  [  0   0   0]]]
Game Area: [[ 0  0  0  0  0  0  0  0  0  0  0  0  0  0  0  0  0  0  0  0]
 [ 0  0  0  0  0  0  0  0  0  0  0  0  0  0  0  0  0  0  0  0]
 [ 0  0  0  0  0  0  0  0  0  0  0  0  0  0  0  0  0  0  0  0]
 [ 0  0  0  0  0  0  0  0  0  0  0  0  0  0  0  0  0  0  0  0]
 [ 0  0  0  0  0  0  0  0  0  0  0  0  0  0  0  0  0  0  0  0]
 [ 0  0  0  0  0  0  0  0  0  0  0  0  0  0  0  0  0  0  0  0]
 [ 0  0  0  0  0  0  1  1  0  0  0  0  0  0  0 13  0  0  0  0]
 [ 0  0  0  0  0  0  1  1  0  0  0  0  0  0  0  0  0  0  0  0]
 [ 0  0  0  0  0  0  0  0  0  0  0  0  0  0  0  0  0  0  0  0]
 [ 0  0  0 13  0  0  0  0  0  0  0  0  0  0  0  0  0  0  0  0]
 [ 0  0  0  0  0  0  0  0  0  0  0  0  0  0  0  0  0  0  0  0]
 [ 0  0  0  0  0  0  0  0  0  0  0  0  0  0  0 10 10  0  0  0]
 [ 0  0  0  0  0  0  0  0 14 14  0  0  0  0  0 10 10  0  0  0]
 [ 0  0  0  0  0  0  0  0 14 14  0  0  0  0  0 10 10  0  0  0]
 [10 10 10 10 10 10 10 10 10 10 10 10 10 10 10 10 10 10 10 10]
 [10 10 10 10 10 10 10 10 10 10 10 10 10 10 10 10 10 10 10 10]]
State: {'lives': 2, 'score': 100, 'coins': 1, 'stage': 1, 'world': 1, 'x_position': 428, 'time': 348, 'dead_timer': 0, 'dead_jump_timer': 0, 'game_over': False}
Frame: [[[255 255 255]
  [255 255 255]
  [255 255 255]
  ...
  [255 255 255]
  [255 255 255]
  [255 255 255]]

 [[255 255 255]
  [224 224 224]
  [170 170 170]
  ...
  [170 170 170]
  [224 224 224]
  [255 255 255]]

 [[255 255 255]
  [179 179 179]
  [ 42  42  42]
  ...
  [ 42  42  42]
  [179 179 179]
  [255 255 255]]

 ...

 [[  0   0   0]
  [  0   0   0]
  [  0   0   0]
  ...
  [  0   0   0]
  [  0   0   0]
  [  0   0   0]]

 [[  0   0   0]
  [  0   0   0]
  [  0   0   0]
  ...
  [  0   0   0]
  [  0   0   0]
  [  0   0   0]]

 [[  0   0   0]
  [  0   0   0]
  [  0   0   0]
  ...
  [  0   0   0]
  [  0   0   0]
  [  0   0   0]]]
Game Area: [[ 0  0  0  0  0  0  0  0  0  0  0  0  0  0  0  0  0  0  0  0]
 [ 0  0  0  0  0  0  0  0  0  0  0  0  0  0  0  0  0  0  0  0]
 [ 0  0  0  0  0  0  0  0  0  0  0  0  0  0  0  0  0  0  0  0]
 [ 0  0  0  0  0  0  0  0  0  0  0  0  0  0  0  0  0  0  0  0]
 [ 0  0  0  0  0  0  0  0  0  0  0  0  0  0  0  0  0  0  0  0]
 [ 0  0  0  0  0  0  0  0  0  0  0  0  0  0  0  0  0  0  0  0]
 [ 0  0  0  0  0  0  0  0  0  0  0  0  0  0  0 13  0  0  0  0]
 [ 0  0  0  0  0  0  0  0  0  0  0  0  0  0  0  0  0  0  0  0]
 [ 0  0  0  0  0  0  1  1  0  0  0  0  0  0  0  0  0  0  0  0]
 [ 0  0  0 13  0  0  1  1  0  0  0  0  0  0  0  0  0  0  0  0]
 [ 0  0  0  0  0  0  0  0  0  0  0  0  0  0  0  0  0  0  0  0]
 [ 0  0  0  0  0  0  0  0  0  0  0  0  0  0  0 10 10  0  0  0]
 [ 0  0  0  0  0  0  0  0 14 14  0  0  0  0  0 10 10  0  0  0]
 [ 0  0  0  0  0  0  0  0 14 14  0  0  0  0  0 10 10  0  0  0]
 [10 10 10 10 10 10 10 10 10 10 10 10 10 10 10 10 10 10 10 10]
 [10 10 10 10 10 10 10 10 10 10 10 10 10 10 10 10 10 10 10 10]]
State: {'lives': 2, 'score': 100, 'coins': 1, 'stage': 1, 'world': 1, 'x_position': 428, 'time': 347, 'dead_timer': 0, 'dead_jump_timer': 0, 'game_over': False}
Frame: [[[255 255 255]
  [255 255 255]
  [255 255 255]
  ...
  [255 255 255]
  [255 255 255]
  [255 255 255]]

 [[255 255 255]
  [224 224 224]
  [170 170 170]
  ...
  [170 170 170]
  [224 224 224]
  [255 255 255]]

 [[255 255 255]
  [179 179 179]
  [ 42  42  42]
  ...
  [ 42  42  42]
  [179 179 179]
  [255 255 255]]

 ...

 [[  0   0   0]
  [  0   0   0]
  [  0   0   0]
  ...
  [  0   0   0]
  [  0   0   0]
  [  0   0   0]]

 [[  0   0   0]
  [  0   0   0]
  [  0   0   0]
  ...
  [  0   0   0]
  [  0   0   0]
  [  0   0   0]]

 [[  0   0   0]
  [  0   0   0]
  [  0   0   0]
  ...
  [  0   0   0]
  [  0   0   0]
  [  0   0   0]]]
Game Area: [[ 0  0  0  0  0  0  0  0  0  0  0  0  0  0  0  0  0  0  0  0]
 [ 0  0  0  0  0  0  0  0  0  0  0  0  0  0  0  0  0  0  0  0]
 [ 0  0  0  0  0  0  0  0  0  0  0  0  0  0  0  0  0  0  0  0]
 [ 0  0  0  0  0  0  0  0  0  0  0  0  0  0  0  0  0  0  0  0]
 [ 0  0  0  0  0  0  0  0  0  0  0  0  0  0  0  0  0  0  0  0]
 [ 0  0  0  0  0  0  0  0  0  0  0  0  0  0  0  0  0  0  0  0]
 [ 0  0  0  0  0  0  0  0  0  0  0  0  0  0  0 13  0  0  0  0]
 [ 0  0  0  0  0  0  0  0  0  0  0  0  0  0  0  0  0  0  0  0]
 [ 0  0  0  0  0  0  0  0  0  0  0  0  0  0  0  0  0  0  0  0]
 [ 0  0  0 13  0  0  0  0  0  0  0  0  0  0  0  0  0  0  0  0]
 [ 0  0  0  0  0  0  1  1  0  0  0  0  0  0  0  0  0  0  0  0]
 [ 0  0  0  0  0  0  1  1  0  0  0  0  0  0  0 10 10  0  0  0]
 [ 0  0  0  0  0  0  0  0 14 14  0  0  0  0  0 10 10  0  0  0]
 [ 0  0  0  0  0  0  0  0 14 14  0  0  0  0  0 10 10  0  0  0]
 [10 10 10 10 10 10 10 10 10 10 10 10 10 10 10 10 10 10 10 10]
 [10 10 10 10 10 10 10 10 10 10 10 10 10 10 10 10 10 10 10 10]]
State: {'lives': 2, 'score': 100, 'coins': 1, 'stage': 1, 'world': 1, 'x_position': 428, 'time': 347, 'dead_timer': 0, 'dead_jump_timer': 0, 'game_over': False}
Frame: [[[255 255 255]
  [255 255 255]
  [255 255 255]
  ...
  [255 255 255]
  [255 255 255]
  [255 255 255]]

 [[255 255 255]
  [224 224 224]
  [170 170 170]
  ...
  [170 170 170]
  [224 224 224]
  [255 255 255]]

 [[255 255 255]
  [179 179 179]
  [ 42  42  42]
  ...
  [ 42  42  42]
  [179 179 179]
  [255 255 255]]

 ...

 [[  0   0   0]
  [  0   0   0]
  [  0   0   0]
  ...
  [  0   0   0]
  [  0   0   0]
  [  0   0   0]]

 [[  0   0   0]
  [  0   0   0]
  [  0   0   0]
  ...
  [  0   0   0]
  [  0   0   0]
  [  0   0   0]]

 [[  0   0   0]
  [  0   0   0]
  [  0   0   0]
  ...
  [  0   0   0]
  [  0   0   0]
  [  0   0   0]]]
Game Area: [[ 0  0  0  0  0  0  0  0  0  0  0  0  0  0  0  0  0  0  0  0]
 [ 0  0  0  0  0  0  0  0  0  0  0  0  0  0  0  0  0  0  0  0]
 [ 0  0  0  0  0  0  0  0  0  0  0  0  0  0  0  0  0  0  0  0]
 [ 0  0  0  0  0  0  0  0  0  0  0  0  0  0  0  0  0  0  0  0]
 [ 0  0  0  0  0  0  0  0  0  0  0  0  0  0  0  0  0  0  0  0]
 [ 0  0  0  0  0  0  0  0  0  0  0  0  0  0  0  0  0  0  0  0]
 [ 0  0  0  0  0  0  0  0  0  0  0  0  0  0  0 13  0  0  0  0]
 [ 0  0  0  0  0  0  0  0  0  0  0  0  0  0  0  0  0  0  0  0]
 [ 0  0  0  0  0  0  0  0  0  0  0  0  0  0  0  0  0  0  0  0]
 [ 0  0  0 13  0  0  0  0  0  0  0  0  0  0  0  0  0  0  0  0]
 [ 0  0  0  0  0  0  1  1  0  0  0  0  0  0  0  0  0  0  0  0]
 [ 0  0  0  0  0  0  1  1  0  0  0  0  0  0  0 10 10  0  0  0]
 [ 0  0  0  0  0  0  0  0 14 14  0  0  0  0  0 10 10  0  0  0]
 [ 0  0  0  0  0  0  0  0 14 14  0  0  0  0  0 10 10  0  0  0]
 [10 10 10 10 10 10 10 10 10 10 10 10 10 10 10 10 10 10 10 10]
 [10 10 10 10 10 10 10 10 10 10 10 10 10 10 10 10 10 10 10 10]]
State: {'lives': 2, 'score': 100, 'coins': 1, 'stage': 1, 'world': 1, 'x_position': 435, 'time': 347, 'dead_timer': 0, 'dead_jump_timer': 0, 'game_over': False}
Frame: [[[255 255 255]
  [255 255 255]
  [255 255 255]
  ...
  [255 255 255]
  [255 255 255]
  [255 255 255]]

 [[255 255 255]
  [224 224 224]
  [170 170 170]
  ...
  [170 170 170]
  [224 224 224]
  [255 255 255]]

 [[255 255 255]
  [179 179 179]
  [ 42  42  42]
  ...
  [ 42  42  42]
  [179 179 179]
  [255 255 255]]

 ...

 [[  0   0   0]
  [  0   0   0]
  [  0   0   0]
  ...
  [  0   0   0]
  [  0   0   0]
  [  0   0   0]]

 [[  0   0   0]
  [  0   0   0]
  [  0   0   0]
  ...
  [  0   0   0]
  [  0   0   0]
  [  0   0   0]]

 [[  0   0   0]
  [  0   0   0]
  [  0   0   0]
  ...
  [  0   0   0]
  [  0   0   0]
  [  0   0   0]]]
Game Area: [[ 0  0  0  0  0  0  0  0  0  0  0  0  0  0  0  0  0  0  0  0]
 [ 0  0  0  0  0  0  0  0  0  0  0  0  0  0  0  0  0  0  0  0]
 [ 0  0  0  0  0  0  0  0  0  0  0  0  0  0  0  0  0  0  0  0]
 [ 0  0  0  0  0  0  0  0  0  0  0  0  0  0  0  0  0  0  0  0]
 [ 0  0  0  0  0  0  0  0  0  0  0  0  0  0  0  0  0  0  0  0]
 [ 0  0  0  0  0  0  0  0  0  0  0  0  0  0  0  0  0  0  0  0]
 [ 0  0  0  0  0  0  0  0  0  0  0  0  0  0  0 13  0  0  0  0]
 [ 0  0  0  0  0  0  0  0  0  0  0  0  0  0  0  0  0  0  0  0]
 [ 0  0  0  0  0  0  0  0  0  0  0  0  0  0  0  0  0  0  0  0]
 [ 0  0  0 13  0  0  0  0  0  0  0  0  0  0  0  0  0  0  0  0]
 [ 0  0  0  0  0  0  0  1  1  0  0  0  0  0  0  0  0  0  0  0]
 [ 0  0  0  0  0  0  0  1  1  0  0  0  0  0  0 10 10  0  0  0]
 [ 0  0  0  0  0  0  0  0 14 14  0  0  0  0  0 10 10  0  0  0]
 [ 0  0  0  0  0  0  0  0 14 14  0  0  0  0  0 10 10  0  0  0]
 [10 10 10 10 10 10 10 10 10 10 10 10 10 10 10 10 10 10 10 10]
 [10 10 10 10 10 10 10 10 10 10 10 10 10 10 10 10 10 10 10 10]]
State: {'lives': 2, 'score': 100, 'coins': 1, 'stage': 1, 'world': 1, 'x_position': 434, 'time': 347, 'dead_timer': 0, 'dead_jump_timer': 0, 'game_over': False}
Frame: [[[255 255 255]
  [255 255 255]
  [255 255 255]
  ...
  [255 255 255]
  [255 255 255]
  [255 255 255]]

 [[255 255 255]
  [224 224 224]
  [170 170 170]
  ...
  [170 170 170]
  [224 224 224]
  [255 255 255]]

 [[255 255 255]
  [179 179 179]
  [ 42  42  42]
  ...
  [ 42  42  42]
  [179 179 179]
  [255 255 255]]

 ...

 [[  0   0   0]
  [  0   0   0]
  [  0   0   0]
  ...
  [  0   0   0]
  [  0   0   0]
  [  0   0   0]]

 [[  0   0   0]
  [  0   0   0]
  [  0   0   0]
  ...
  [  0   0   0]
  [  0   0   0]
  [  0   0   0]]

 [[  0   0   0]
  [  0   0   0]
  [  0   0   0]
  ...
  [  0   0   0]
  [  0   0   0]
  [  0   0   0]]]
Game Area: [[ 0  0  0  0  0  0  0  0  0  0  0  0  0  0  0  0  0  0  0  0]
 [ 0  0  0  0  0  0  0  0  0  0  0  0  0  0  0  0  0  0  0  0]
 [ 0  0  0  0  0  0  0  0  0  0  0  0  0  0  0  0  0  0  0  0]
 [ 0  0  0  0  0  0  0  0  0  0  0  0  0  0  0  0  0  0  0  0]
 [ 0  0  0  0  0  0  0  0  0  0  0  0  0  0  0  0  0  0  0  0]
 [ 0  0  0  0  0  0  0  0  0  0  0  0  0  0  0  0  0  0  0  0]
 [ 0  0  0  0  0  0  0  0  0  0  0  0  0  0  0 13  0  0  0  0]
 [ 0  0  0  0  0  0  0  0  0  0  0  0  0  0  0  0  0  0  0  0]
 [ 0  0  0  0  0  0  0  0  0  0  0  0  0  0  0  0  0  0  0  0]
 [ 0  0  0 13  0  0  0  0  0  0  0  0  0  0  0  0  0  0  0  0]
 [ 0  0  0  0  0  0  0  1  1  0  0  0  0  0  0  0  0  0  0  0]
 [ 0  0  0  0  0  0  0  1  1  0  0  0  0  0  0 10 10  0  0  0]
 [ 0  0  0  0  0  0  0  0 14 14  0  0  0  0  0 10 10  0  0  0]
 [ 0  0  0  0  0  0  0  0 14 14  0  0  0  0  0 10 10  0  0  0]
 [10 10 10 10 10 10 10 10 10 10 10 10 10 10 10 10 10 10 10 10]
 [10 10 10 10 10 10 10 10 10 10 10 10 10 10 10 10 10 10 10 10]]
State: {'lives': 2, 'score': 100, 'coins': 1, 'stage': 1, 'world': 1, 'x_position': 435, 'time': 346, 'dead_timer': 0, 'dead_jump_timer': 0, 'game_over': False}
Frame: [[[255 255 255]
  [255 255 255]
  [255 255 255]
  ...
  [255 255 255]
  [255 255 255]
  [255 255 255]]

 [[255 255 255]
  [224 224 224]
  [170 170 170]
  ...
  [170 170 170]
  [224 224 224]
  [255 255 255]]

 [[255 255 255]
  [179 179 179]
  [ 42  42  42]
  ...
  [ 42  42  42]
  [179 179 179]
  [255 255 255]]

 ...

 [[  0   0   0]
  [  0   0   0]
  [  0   0   0]
  ...
  [  0   0   0]
  [  0   0   0]
  [  0   0   0]]

 [[  0   0   0]
  [  0   0   0]
  [  0   0   0]
  ...
  [  0   0   0]
  [  0   0   0]
  [  0   0   0]]

 [[  0   0   0]
  [  0   0   0]
  [  0   0   0]
  ...
  [  0   0   0]
  [  0   0   0]
  [  0   0   0]]]
Game Area: [[ 0  0  0  0  0  0  0  0  0  0  0  0  0  0  0  0  0  0  0  0]
 [ 0  0  0  0  0  0  0  0  0  0  0  0  0  0  0  0  0  0  0  0]
 [ 0  0  0  0  0  0  0  0  0  0  0  0  0  0  0  0  0  0  0  0]
 [ 0  0  0  0  0  0  0  0  0  0  0  0  0  0  0  0  0  0  0  0]
 [ 0  0  0  0  0  0  0  0  0  0  0  0  0  0  0  0  0  0  0  0]
 [ 0  0  0  0  0  0  0  0  0  0  0  0  0  0  0  0  0  0  0  0]
 [ 0  0  0  0  0  0  0  0  0  0  0  0  0  0  0 13  0  0  0  0]
 [ 0  0  0  0  0  0  0  0  0  0  0  0  0  0  0  0  0  0  0  0]
 [ 0  0  0  0  0  0  0  0  0  0  0  0  0  0  0  0  0  0  0  0]
 [ 0  0  0 13  0  0  0  0  0  0  0  0  0  0  0  0  0  0  0  0]
 [ 0  0  0  0  0  0  0  1  1  0  0  0  0  0  0  0  0  0  0  0]
 [ 0  0  0  0  0  0  0  1  1  0  0  0  0  0  0 10 10  0  0  0]
 [ 0  0  0  0  0  0  0  0 14 14  0  0  0  0  0 10 10  0  0  0]
 [ 0  0  0  0  0  0  0  0 14 14  0  0  0  0  0 10 10  0  0  0]
 [10 10 10 10 10 10 10 10 10 10 10 10 10 10 10 10 10 10 10 10]
 [10 10 10 10 10 10 10 10 10 10 10 10 10 10 10 10 10 10 10 10]]
State: {'lives': 2, 'score': 100, 'coins': 1, 'stage': 1, 'world': 1, 'x_position': 436, 'time': 346, 'dead_timer': 0, 'dead_jump_timer': 0, 'game_over': False}
Frame: [[[255 255 255]
  [255 255 255]
  [255 255 255]
  ...
  [255 255 255]
  [255 255 255]
  [255 255 255]]

 [[255 255 255]
  [224 224 224]
  [170 170 170]
  ...
  [170 170 170]
  [224 224 224]
  [255 255 255]]

 [[255 255 255]
  [179 179 179]
  [ 42  42  42]
  ...
  [ 42  42  42]
  [179 179 179]
  [255 255 255]]

 ...

 [[  0   0   0]
  [  0   0   0]
  [  0   0   0]
  ...
  [  0   0   0]
  [  0   0   0]
  [  0   0   0]]

 [[  0   0   0]
  [  0   0   0]
  [  0   0   0]
  ...
  [  0   0   0]
  [  0   0   0]
  [  0   0   0]]

 [[  0   0   0]
  [  0   0   0]
  [  0   0   0]
  ...
  [  0   0   0]
  [  0   0   0]
  [  0   0   0]]]
Game Area: [[ 0  0  0  0  0  0  0  0  0  0  0  0  0  0  0  0  0  0  0  0]
 [ 0  0  0  0  0  0  0  0  0  0  0  0  0  0  0  0  0  0  0  0]
 [ 0  0  0  0  0  0  0  0  0  0  0  0  0  0  0  0  0  0  0  0]
 [ 0  0  0  0  0  0  0  0  0  0  0  0  0  0  0  0  0  0  0  0]
 [ 0  0  0  0  0  0  0  0  0  0  0  0  0  0  0  0  0  0  0  0]
 [ 0  0  0  0  0  0  0  0  0  0  0  0  0  0  0  0  0  0  0  0]
 [ 0  0  0  0  0  0  0  0  0  0  0  0  0  0  0 13  0  0  0  0]
 [ 0  0  0  0  0  0  0  0  0  0  0  0  0  0  0  0  0  0  0  0]
 [ 0  0  0  0  0  0  0  0  0  0  0  0  0  0  0  0  0  0  0  0]
 [ 0  0  0 13  0  0  0  0  0  0  0  0  0  0  0  0  0  0  0  0]
 [ 0  0  0  0  0  0  0  1  1  0  0  0  0  0  0  0  0  0  0  0]
 [ 0  0  0  0  0  0  0  1  1  0  0  0  0  0  0 10 10  0  0  0]
 [ 0  0  0  0  0  0  0  0 14 14  0  0  0  0  0 10 10  0  0  0]
 [ 0  0  0  0  0  0  0  0 14 14  0  0  0  0  0 10 10  0  0  0]
 [10 10 10 10 10 10 10 10 10 10 10 10 10 10 10 10 10 10 10 10]
 [10 10 10 10 10 10 10 10 10 10 10 10 10 10 10 10 10 10 10 10]]
State: {'lives': 2, 'score': 100, 'coins': 1, 'stage': 1, 'world': 1, 'x_position': 429, 'time': 346, 'dead_timer': 0, 'dead_jump_timer': 0, 'game_over': False}
Frame: [[[255 255 255]
  [255 255 255]
  [255 255 255]
  ...
  [255 255 255]
  [255 255 255]
  [255 255 255]]

 [[255 255 255]
  [224 224 224]
  [170 170 170]
  ...
  [170 170 170]
  [224 224 224]
  [255 255 255]]

 [[255 255 255]
  [179 179 179]
  [ 42  42  42]
  ...
  [ 42  42  42]
  [179 179 179]
  [255 255 255]]

 ...

 [[  0   0   0]
  [  0   0   0]
  [  0   0   0]
  ...
  [  0   0   0]
  [  0   0   0]
  [  0   0   0]]

 [[  0   0   0]
  [  0   0   0]
  [  0   0   0]
  ...
  [  0   0   0]
  [  0   0   0]
  [  0   0   0]]

 [[  0   0   0]
  [  0   0   0]
  [  0   0   0]
  ...
  [  0   0   0]
  [  0   0   0]
  [  0   0   0]]]
Game Area: [[ 0  0  0  0  0  0  0  0  0  0  0  0  0  0  0  0  0  0  0  0]
 [ 0  0  0  0  0  0  0  0  0  0  0  0  0  0  0  0  0  0  0  0]
 [ 0  0  0  0  0  0  0  0  0  0  0  0  0  0  0  0  0  0  0  0]
 [ 0  0  0  0  0  0  0  0  0  0  0  0  0  0  0  0  0  0  0  0]
 [ 0  0  0  0  0  0  0  0  0  0  0  0  0  0  0  0  0  0  0  0]
 [ 0  0  0  0  0  0  0  0  0  0  0  0  0  0  0  0  0  0  0  0]
 [ 0  0  0  0  0  0  0  0  0  0  0  0  0  0  0 13  0  0  0  0]
 [ 0  0  0  0  0  0  0  0  0  0  0  0  0  0  0  0  0  0  0  0]
 [ 0  0  0  0  0  0  0  0  0  0  0  0  0  0  0  0  0  0  0  0]
 [ 0  0  0 13  0  0  0  0  0  0  0  0  0  0  0  0  0  0  0  0]
 [ 0  0  0  0  0  0  1  1  0  0  0  0  0  0  0  0  0  0  0  0]
 [ 0  0  0  0  0  0  1  1  0  0  0  0  0  0  0 10 10  0  0  0]
 [ 0  0  0  0  0  0  0  0 14 14  0  0  0  0  0 10 10  0  0  0]
 [ 0  0  0  0  0  0  0  0 14 14  0  0  0  0  0 10 10  0  0  0]
 [10 10 10 10 10 10 10 10 10 10 10 10 10 10 10 10 10 10 10 10]
 [10 10 10 10 10 10 10 10 10 10 10 10 10 10 10 10 10 10 10 10]]
State: {'lives': 2, 'score': 100, 'coins': 1, 'stage': 1, 'world': 1, 'x_position': 424, 'time': 346, 'dead_timer': 0, 'dead_jump_timer': 0, 'game_over': False}
Frame: [[[255 255 255]
  [255 255 255]
  [255 255 255]
  ...
  [255 255 255]
  [255 255 255]
  [255 255 255]]

 [[255 255 255]
  [224 224 224]
  [170 170 170]
  ...
  [170 170 170]
  [224 224 224]
  [255 255 255]]

 [[255 255 255]
  [179 179 179]
  [ 42  42  42]
  ...
  [ 42  42  42]
  [179 179 179]
  [255 255 255]]

 ...

 [[  0   0   0]
  [  0   0   0]
  [  0   0   0]
  ...
  [  0   0   0]
  [  0   0   0]
  [  0   0   0]]

 [[  0   0   0]
  [  0   0   0]
  [  0   0   0]
  ...
  [  0   0   0]
  [  0   0   0]
  [  0   0   0]]

 [[  0   0   0]
  [  0   0   0]
  [  0   0   0]
  ...
  [  0   0   0]
  [  0   0   0]
  [  0   0   0]]]
Game Area: [[ 0  0  0  0  0  0  0  0  0  0  0  0  0  0  0  0  0  0  0  0]
 [ 0  0  0  0  0  0  0  0  0  0  0  0  0  0  0  0  0  0  0  0]
 [ 0  0  0  0  0  0  0  0  0  0  0  0  0  0  0  0  0  0  0  0]
 [ 0  0  0  0  0  0  0  0  0  0  0  0  0  0  0  0  0  0  0  0]
 [ 0  0  0  0  0  0  0  0  0  0  0  0  0  0  0  0  0  0  0  0]
 [ 0  0  0  0  0  0  0  0  0  0  0  0  0  0  0  0  0  0  0  0]
 [ 0  0  0  0  0  0  0  0  0  0  0  0  0  0  0 13  0  0  0  0]
 [ 0  0  0  0  0  0  1  1  0  0  0  0  0  0  0  0  0  0  0  0]
 [ 0  0  0  0  0  0  1  1  0  0  0  0  0  0  0  0  0  0  0  0]
 [ 0  0  0 13  0  0  0  0  0  0  0  0  0  0  0  0  0  0  0  0]
 [ 0  0  0  0  0  0  0  0  0  0  0  0  0  0  0  0  0  0  0  0]
 [ 0  0  0  0  0  0  0  0  0  0  0  0  0  0  0 10 10  0  0  0]
 [ 0  0  0  0  0  0  0  0 14 14  0  0  0  0  0 10 10  0  0  0]
 [ 0  0  0  0  0  0  0  0 14 14  0  0  0  0  0 10 10  0  0  0]
 [10 10 10 10 10 10 10 10 10 10 10 10 10 10 10 10 10 10 10 10]
 [10 10 10 10 10 10 10 10 10 10 10 10 10 10 10 10 10 10 10 10]]
State: {'lives': 2, 'score': 100, 'coins': 1, 'stage': 1, 'world': 1, 'x_position': 419, 'time': 345, 'dead_timer': 0, 'dead_jump_timer': 0, 'game_over': False}
Frame: [[[255 255 255]
  [255 255 255]
  [255 255 255]
  ...
  [255 255 255]
  [255 255 255]
  [255 255 255]]

 [[255 255 255]
  [224 224 224]
  [170 170 170]
  ...
  [170 170 170]
  [224 224 224]
  [255 255 255]]

 [[255 255 255]
  [179 179 179]
  [ 42  42  42]
  ...
  [ 42  42  42]
  [179 179 179]
  [255 255 255]]

 ...

 [[  0   0   0]
  [  0   0   0]
  [  0   0   0]
  ...
  [  0   0   0]
  [  0   0   0]
  [  0   0   0]]

 [[  0   0   0]
  [  0   0   0]
  [  0   0   0]
  ...
  [  0   0   0]
  [  0   0   0]
  [  0   0   0]]

 [[  0   0   0]
  [  0   0   0]
  [  0   0   0]
  ...
  [  0   0   0]
  [  0   0   0]
  [  0   0   0]]]
Game Area: [[ 0  0  0  0  0  0  0  0  0  0  0  0  0  0  0  0  0  0  0  0]
 [ 0  0  0  0  0  0  0  0  0  0  0  0  0  0  0  0  0  0  0  0]
 [ 0  0  0  0  0  0  0  0  0  0  0  0  0  0  0  0  0  0  0  0]
 [ 0  0  0  0  0  0  0  0  0  0  0  0  0  0  0  0  0  0  0  0]
 [ 0  0  0  0  0  0  0  0  0  0  0  0  0  0  0  0  0  0  0  0]
 [ 0  0  0  0  0  0  0  0  0  0  0  0  0  0  0  0  0  0  0  0]
 [ 0  0  0  0  0  1  1  0  0  0  0  0  0  0  0 13  0  0  0  0]
 [ 0  0  0  0  0  1  1  0  0  0  0  0  0  0  0  0  0  0  0  0]
 [ 0  0  0  0  0  0  0  0  0  0  0  0  0  0  0  0  0  0  0  0]
 [ 0  0  0 13  0  0  0  0  0  0  0  0  0  0  0  0  0  0  0  0]
 [ 0  0  0  0  0  0  0  0  0  0  0  0  0  0  0  0  0  0  0  0]
 [ 0  0  0  0  0  0  0  0  0  0  0  0  0  0  0 10 10  0  0  0]
 [ 0  0  0  0  0  0  0  0 14 14  0  0  0  0  0 10 10  0  0  0]
 [ 0  0  0  0  0  0  0  0 14 14  0  0  0  0  0 10 10  0  0  0]
 [10 10 10 10 10 10 10 10 10 10 10 10 10 10 10 10 10 10 10 10]
 [10 10 10 10 10 10 10 10 10 10 10 10 10 10 10 10 10 10 10 10]]
State: {'lives': 2, 'score': 100, 'coins': 1, 'stage': 1, 'world': 1, 'x_position': 414, 'time': 345, 'dead_timer': 0, 'dead_jump_timer': 0, 'game_over': False}
Frame: [[[255 255 255]
  [255 255 255]
  [255 255 255]
  ...
  [255 255 255]
  [255 255 255]
  [255 255 255]]

 [[255 255 255]
  [224 224 224]
  [170 170 170]
  ...
  [170 170 170]
  [224 224 224]
  [255 255 255]]

 [[255 255 255]
  [179 179 179]
  [ 42  42  42]
  ...
  [ 42  42  42]
  [179 179 179]
  [255 255 255]]

 ...

 [[  0   0   0]
  [  0   0   0]
  [  0   0   0]
  ...
  [  0   0   0]
  [  0   0   0]
  [  0   0   0]]

 [[  0   0   0]
  [  0   0   0]
  [  0   0   0]
  ...
  [  0   0   0]
  [  0   0   0]
  [  0   0   0]]

 [[  0   0   0]
  [  0   0   0]
  [  0   0   0]
  ...
  [  0   0   0]
  [  0   0   0]
  [  0   0   0]]]
Game Area: [[ 0  0  0  0  0  0  0  0  0  0  0  0  0  0  0  0  0  0  0  0]
 [ 0  0  0  0  0  0  0  0  0  0  0  0  0  0  0  0  0  0  0  0]
 [ 0  0  0  0  0  0  0  0  0  0  0  0  0  0  0  0  0  0  0  0]
 [ 0  0  0  0  0  0  0  0  0  0  0  0  0  0  0  0  0  0  0  0]
 [ 0  0  0  0  0  0  0  0  0  0  0  0  0  0  0  0  0  0  0  0]
 [ 0  0  0  0  0  0  0  0  0  0  0  0  0  0  0  0  0  0  0  0]
 [ 0  0  0  0  1  1  0  0  0  0  0  0  0  0  0 13  0  0  0  0]
 [ 0  0  0  0  1  1  0  0  0  0  0  0  0  0  0  0  0  0  0  0]
 [ 0  0  0  0  0  0  0  0  0  0  0  0  0  0  0  0  0  0  0  0]
 [ 0  0  0 13  0  0  0  0  0  0  0  0  0  0  0  0  0  0  0  0]
 [ 0  0  0  0  0  0  0  0  0  0  0  0  0  0  0  0  0  0  0  0]
 [ 0  0  0  0  0  0  0  0  0  0  0  0  0  0  0 10 10  0  0  0]
 [ 0  0  0  0  0  0  0  0 14 14  0  0  0  0  0 10 10  0  0  0]
 [ 0  0  0  0  0  0  0  0 14 14  0  0  0  0  0 10 10  0  0  0]
 [10 10 10 10 10 10 10 10 10 10 10 10 10 10 10 10 10 10 10 10]
 [10 10 10 10 10 10 10 10 10 10 10 10 10 10 10 10 10 10 10 10]]
State: {'lives': 2, 'score': 100, 'coins': 1, 'stage': 1, 'world': 1, 'x_position': 409, 'time': 345, 'dead_timer': 0, 'dead_jump_timer': 0, 'game_over': False}
Frame: [[[255 255 255]
  [255 255 255]
  [255 255 255]
  ...
  [255 255 255]
  [255 255 255]
  [255 255 255]]

 [[255 255 255]
  [224 224 224]
  [170 170 170]
  ...
  [170 170 170]
  [224 224 224]
  [255 255 255]]

 [[255 255 255]
  [179 179 179]
  [ 42  42  42]
  ...
  [ 42  42  42]
  [179 179 179]
  [255 255 255]]

 ...

 [[  0   0   0]
  [  0   0   0]
  [  0   0   0]
  ...
  [  0   0   0]
  [  0   0   0]
  [  0   0   0]]

 [[  0   0   0]
  [  0   0   0]
  [  0   0   0]
  ...
  [  0   0   0]
  [  0   0   0]
  [  0   0   0]]

 [[  0   0   0]
  [  0   0   0]
  [  0   0   0]
  ...
  [  0   0   0]
  [  0   0   0]
  [  0   0   0]]]
Game Area: [[ 0  0  0  0  0  0  0  0  0  0  0  0  0  0  0  0  0  0  0  0]
 [ 0  0  0  0  0  0  0  0  0  0  0  0  0  0  0  0  0  0  0  0]
 [ 0  0  0  0  0  0  0  0  0  0  0  0  0  0  0  0  0  0  0  0]
 [ 0  0  0  0  0  0  0  0  0  0  0  0  0  0  0  0  0  0  0  0]
 [ 0  0  0  0  0  0  0  0  0  0  0  0  0  0  0  0  0  0  0  0]
 [ 0  0  0  0  0  0  0  0  0  0  0  0  0  0  0  0  0  0  0  0]
 [ 0  0  0  0  0  0  0  0  0  0  0  0  0  0  0 13  0  0  0  0]
 [ 0  0  0  0  0  0  0  0  0  0  0  0  0  0  0  0  0  0  0  0]
 [ 0  0  0  0  1  1  0  0  0  0  0  0  0  0  0  0  0  0  0  0]
 [ 0  0  0 13  1  1  0  0  0  0  0  0  0  0  0  0  0  0  0  0]
 [ 0  0  0  0  0  0  0  0  0  0  0  0  0  0  0  0  0  0  0  0]
 [ 0  0  0  0  0  0  0  0  0  0  0  0  0  0  0 10 10  0  0  0]
 [ 0  0  0  0  0  0  0  0 14 14  0  0  0  0  0 10 10  0  0  0]
 [ 0  0  0  0  0  0  0  0 14 14  0  0  0  0  0 10 10  0  0  0]
 [10 10 10 10 10 10 10 10 10 10 10 10 10 10 10 10 10 10 10 10]
 [10 10 10 10 10 10 10 10 10 10 10 10 10 10 10 10 10 10 10 10]]
State: {'lives': 2, 'score': 100, 'coins': 1, 'stage': 1, 'world': 1, 'x_position': 404, 'time': 345, 'dead_timer': 0, 'dead_jump_timer': 0, 'game_over': False}
Frame: [[[255 255 255]
  [255 255 255]
  [255 255 255]
  ...
  [255 255 255]
  [255 255 255]
  [255 255 255]]

 [[255 255 255]
  [224 224 224]
  [170 170 170]
  ...
  [170 170 170]
  [224 224 224]
  [255 255 255]]

 [[255 255 255]
  [179 179 179]
  [ 42  42  42]
  ...
  [ 42  42  42]
  [179 179 179]
  [255 255 255]]

 ...

 [[  0   0   0]
  [  0   0   0]
  [  0   0   0]
  ...
  [  0   0   0]
  [  0   0   0]
  [  0   0   0]]

 [[  0   0   0]
  [  0   0   0]
  [  0   0   0]
  ...
  [  0   0   0]
  [  0   0   0]
  [  0   0   0]]

 [[  0   0   0]
  [  0   0   0]
  [  0   0   0]
  ...
  [  0   0   0]
  [  0   0   0]
  [  0   0   0]]]
Game Area: [[ 0  0  0  0  0  0  0  0  0  0  0  0  0  0  0  0  0  0  0  0]
 [ 0  0  0  0  0  0  0  0  0  0  0  0  0  0  0  0  0  0  0  0]
 [ 0  0  0  0  0  0  0  0  0  0  0  0  0  0  0  0  0  0  0  0]
 [ 0  0  0  0  0  0  0  0  0  0  0  0  0  0  0  0  0  0  0  0]
 [ 0  0  0  0  0  0  0  0  0  0  0  0  0  0  0  0  0  0  0  0]
 [ 0  0  0  0  0  0  0  0  0  0  0  0  0  0  0  0  0  0  0  0]
 [ 0  0  0  0  0  0  0  0  0  0  0  0  0  0  0 13  0  0  0  0]
 [ 0  0  0  0  0  0  0  0  0  0  0  0  0  0  0  0  0  0  0  0]
 [ 0  0  0  0  0  0  0  0  0  0  0  0  0  0  0  0  0  0  0  0]
 [ 0  0  0 13  0  0  0  0  0  0  0  0  0  0  0  0  0  0  0  0]
 [ 0  0  0  0  0  0  0  0  0  0  0  0  0  0  0  0  0  0  0  0]
 [ 0  0  0  0  0  0  0  0  0  0  0  0  0  0  0 10 10  0  0  0]
 [ 0  0  0  1  1  0  0  0 14 14  0  0  0  0  0 10 10  0  0  0]
 [ 0  0  0  1  1  0  0  0 14 14  0  0  0  0  0 10 10  0  0  0]
 [10 10 10 10 10 10 10 10 10 10 10 10 10 10 10 10 10 10 10 10]
 [10 10 10 10 10 10 10 10 10 10 10 10 10 10 10 10 10 10 10 10]]
State: {'lives': 2, 'score': 100, 'coins': 1, 'stage': 1, 'world': 1, 'x_position': 395, 'time': 344, 'dead_timer': 0, 'dead_jump_timer': 0, 'game_over': False}
Frame: [[[255 255 255]
  [255 255 255]
  [255 255 255]
  ...
  [255 255 255]
  [255 255 255]
  [255 255 255]]

 [[255 255 255]
  [224 224 224]
  [170 170 170]
  ...
  [170 170 170]
  [224 224 224]
  [255 255 255]]

 [[255 255 255]
  [179 179 179]
  [ 42  42  42]
  ...
  [ 42  42  42]
  [179 179 179]
  [255 255 255]]

 ...

 [[  0   0   0]
  [  0   0   0]
  [  0   0   0]
  ...
  [  0   0   0]
  [  0   0   0]
  [  0   0   0]]

 [[  0   0   0]
  [  0   0   0]
  [  0   0   0]
  ...
  [  0   0   0]
  [  0   0   0]
  [  0   0   0]]

 [[  0   0   0]
  [  0   0   0]
  [  0   0   0]
  ...
  [  0   0   0]
  [  0   0   0]
  [  0   0   0]]]
Game Area: [[ 0  0  0  0  0  0  0  0  0  0  0  0  0  0  0  0  0  0  0  0]
 [ 0  0  0  0  0  0  0  0  0  0  0  0  0  0  0  0  0  0  0  0]
 [ 0  0  0  0  0  0  0  0  0  0  0  0  0  0  0  0  0  0  0  0]
 [ 0  0  0  0  0  0  0  0  0  0  0  0  0  0  0  0  0  0  0  0]
 [ 0  0  0  0  0  0  0  0  0  0  0  0  0  0  0  0  0  0  0  0]
 [ 0  0  0  0  0  0  0  0  0  0  0  0  0  0  0  0  0  0  0  0]
 [ 0  0  0  0  0  0  0  0  0  0  0  0  0  0  0 13  0  0  0  0]
 [ 0  0  0  0  0  0  0  0  0  0  0  0  0  0  0  0  0  0  0  0]
 [ 0  0  0  0  0  0  0  0  0  0  0  0  0  0  0  0  0  0  0  0]
 [ 0  0  0 13  0  0  0  0  0  0  0  0  0  0  0  0  0  0  0  0]
 [ 0  0  0  0  0  0  0  0  0  0  0  0  0  0  0  0  0  0  0  0]
 [ 0  0  0  0  0  0  0  0  0  0  0  0  0  0  0 10 10  0  0  0]
 [ 0  0  1  1  0  0  0  0 14 14  0  0  0  0  0 10 10  0  0  0]
 [ 0  0  1  1  0  0  0  0 14 14  0  0  0  0  0 10 10  0  0  0]
 [10 10 10 10 10 10 10 10 10 10 10 10 10 10 10 10 10 10 10 10]
 [10 10 10 10 10 10 10 10 10 10 10 10 10 10 10 10 10 10 10 10]]
State: {'lives': 2, 'score': 100, 'coins': 1, 'stage': 1, 'world': 1, 'x_position': 390, 'time': 344, 'dead_timer': 0, 'dead_jump_timer': 0, 'game_over': False}
Frame: [[[255 255 255]
  [255 255 255]
  [255 255 255]
  ...
  [255 255 255]
  [255 255 255]
  [255 255 255]]

 [[255 255 255]
  [224 224 224]
  [170 170 170]
  ...
  [170 170 170]
  [224 224 224]
  [255 255 255]]

 [[255 255 255]
  [179 179 179]
  [ 42  42  42]
  ...
  [ 42  42  42]
  [179 179 179]
  [255 255 255]]

 ...

 [[  0   0   0]
  [  0   0   0]
  [  0   0   0]
  ...
  [  0   0   0]
  [  0   0   0]
  [  0   0   0]]

 [[  0   0   0]
  [  0   0   0]
  [  0   0   0]
  ...
  [  0   0   0]
  [  0   0   0]
  [  0   0   0]]

 [[  0   0   0]
  [  0   0   0]
  [  0   0   0]
  ...
  [  0   0   0]
  [  0   0   0]
  [  0   0   0]]]
Game Area: [[ 0  0  0  0  0  0  0  0  0  0  0  0  0  0  0  0  0  0  0  0]
 [ 0  0  0  0  0  0  0  0  0  0  0  0  0  0  0  0  0  0  0  0]
 [ 0  0  0  0  0  0  0  0  0  0  0  0  0  0  0  0  0  0  0  0]
 [ 0  0  0  0  0  0  0  0  0  0  0  0  0  0  0  0  0  0  0  0]
 [ 0  0  0  0  0  0  0  0  0  0  0  0  0  0  0  0  0  0  0  0]
 [ 0  0  0  0  0  0  0  0  0  0  0  0  0  0  0  0  0  0  0  0]
 [ 0  0  0  0  0  0  0  0  0  0  0  0  0  0  0 13  0  0  0  0]
 [ 0  0  0  0  0  0  0  0  0  0  0  0  0  0  0  0  0  0  0  0]
 [ 0  0  0  0  0  0  0  0  0  0  0  0  0  0  0  0  0  0  0  0]
 [ 0  1  1 13  0  0  0  0  0  0  0  0  0  0  0  0  0  0  0  0]
 [ 0  1  1  0  0  0  0  0  0  0  0  0  0  0  0  0  0  0  0  0]
 [ 0  0  0  0  0  0  0  0  0  0  0  0  0  0  0 10 10  0  0  0]
 [ 0  0  0  0  0  0  0  0 14 14  0  0  0  0  0 10 10  0  0  0]
 [ 0  0  0  0  0  0  0  0 14 14  0  0  0  0  0 10 10  0  0  0]
 [10 10 10 10 10 10 10 10 10 10 10 10 10 10 10 10 10 10 10 10]
 [10 10 10 10 10 10 10 10 10 10 10 10 10 10 10 10 10 10 10 10]]
State: {'lives': 2, 'score': 100, 'coins': 1, 'stage': 1, 'world': 1, 'x_position': 385, 'time': 344, 'dead_timer': 0, 'dead_jump_timer': 0, 'game_over': False}
Frame: [[[255 255 255]
  [255 255 255]
  [255 255 255]
  ...
  [255 255 255]
  [255 255 255]
  [255 255 255]]

 [[255 255 255]
  [224 224 224]
  [170 170 170]
  ...
  [170 170 170]
  [224 224 224]
  [255 255 255]]

 [[255 255 255]
  [179 179 179]
  [ 42  42  42]
  ...
  [ 42  42  42]
  [179 179 179]
  [255 255 255]]

 ...

 [[  0   0   0]
  [  0   0   0]
  [  0   0   0]
  ...
  [  0   0   0]
  [  0   0   0]
  [  0   0   0]]

 [[  0   0   0]
  [  0   0   0]
  [  0   0   0]
  ...
  [  0   0   0]
  [  0   0   0]
  [  0   0   0]]

 [[  0   0   0]
  [  0   0   0]
  [  0   0   0]
  ...
  [  0   0   0]
  [  0   0   0]
  [  0   0   0]]]
Game Area: [[ 0  0  0  0  0  0  0  0  0  0  0  0  0  0  0  0  0  0  0  0]
 [ 0  0  0  0  0  0  0  0  0  0  0  0  0  0  0  0  0  0  0  0]
 [ 0  0  0  0  0  0  0  0  0  0  0  0  0  0  0  0  0  0  0  0]
 [ 0  0  0  0  0  0  0  0  0  0  0  0  0  0  0  0  0  0  0  0]
 [ 0  0  0  0  0  0  0  0  0  0  0  0  0  0  0  0  0  0  0  0]
 [ 0  0  0  0  0  0  0  0  0  0  0  0  0  0  0  0  0  0  0  0]
 [ 0  0  0  0  0  0  0  0  0  0  0  0  0  0  0 13  0  0  0  0]
 [ 0  0  6  0  0  0  0  0  0  0  0  0  0  0  0  0  0  0  0  0]
 [ 0  0  0  0  0  0  0  0  0  0  0  0  0  0  0  0  0  0  0  0]
 [ 0  0  0 10  0  0  0  0  0  0  0  0  0  0  0  0  0  0  0  0]
 [ 0  1  1  0  0  0  0  0  0  0  0  0  0  0  0  0  0  0  0  0]
 [ 0  1  1  0  0  0  0  0  0  0  0  0  0  0  0 10 10  0  0  0]
 [ 0  0  0  0  0  0  0  0 14 14  0  0  0  0  0 10 10  0  0  0]
 [ 0  0  0  0  0  0  0  0 14 14  0  0  0  0  0 10 10  0  0  0]
 [10 10 10 10 10 10 10 10 10 10 10 10 10 10 10 10 10 10 10 10]
 [10 10 10 10 10 10 10 10 10 10 10 10 10 10 10 10 10 10 10 10]]
State: {'lives': 2, 'score': 100, 'coins': 1, 'stage': 1, 'world': 1, 'x_position': 380, 'time': 344, 'dead_timer': 0, 'dead_jump_timer': 0, 'game_over': False}
Frame: [[[255 255 255]
  [255 255 255]
  [255 255 255]
  ...
  [255 255 255]
  [255 255 255]
  [255 255 255]]

 [[255 255 255]
  [224 224 224]
  [170 170 170]
  ...
  [170 170 170]
  [224 224 224]
  [255 255 255]]

 [[255 255 255]
  [179 179 179]
  [ 42  42  42]
  ...
  [ 42  42  42]
  [179 179 179]
  [255 255 255]]

 ...

 [[  0   0   0]
  [  0   0   0]
  [  0   0   0]
  ...
  [  0   0   0]
  [  0   0   0]
  [  0   0   0]]

 [[  0   0   0]
  [  0   0   0]
  [  0   0   0]
  ...
  [  0   0   0]
  [  0   0   0]
  [  0   0   0]]

 [[  0   0   0]
  [  0   0   0]
  [  0   0   0]
  ...
  [  0   0   0]
  [  0   0   0]
  [  0   0   0]]]
Game Area: [[ 0  0  0  0  0  0  0  0  0  0  0  0  0  0  0  0  0  0  0  0]
 [ 0  0  0  0  0  0  0  0  0  0  0  0  0  0  0  0  0  0  0  0]
 [ 0  0  0  0  0  0  0  0  0  0  0  0  0  0  0  0  0  0  0  0]
 [ 0  0  0  0  0  0  0  0  0  0  0  0  0  0  0  0  0  0  0  0]
 [ 0  0  0  0  0  0  0  0  0  0  0  0  0  0  0  0  0  0  0  0]
 [ 0  0  0  0  0  0  0  0  0  0  0  0  0  0  0  0  0  0  0  0]
 [ 0  0  0  0  0  0  0  0  0  0  0  0  0  0  0 13  0  0  0  0]
 [ 0  0  0  6  0  0  0  0  0  0  0  0  0  0  0  0  0  0  0  0]
 [ 0  0  0  0  0  0  0  0  0  0  0  0  0  0  0  0  0  0  0  0]
 [ 0  0  0 10  0  0  0  0  0  0  0  0  0  0  0  0  0  0  0  0]
 [ 0  0  0  0  0  0  0  0  0  0  0  0  0  0  0  0  0  0  0  0]
 [ 0  0  0  0  0  0  0  0  0  0  0  0  0  0  0 10 10  0  0  0]
 [ 1  1  0  0  0  0  0  0 14 14  0  0  0  0  0 10 10  0  0  0]
 [ 1  1  0  0  0  0  0  0 14 14  0  0  0  0  0 10 10  0  0  0]
 [10 10 10 10 10 10 10 10 10 10 10 10 10 10 10 10 10 10 10 10]
 [10 10 10 10 10 10 10 10 10 10 10 10 10 10 10 10 10 10 10 10]]
State: {'lives': 2, 'score': 100, 'coins': 1, 'stage': 1, 'world': 1, 'x_position': 377, 'time': 343, 'dead_timer': 0, 'dead_jump_timer': 0, 'game_over': False}
Frame: [[[255 255 255]
  [255 255 255]
  [255 255 255]
  ...
  [255 255 255]
  [255 255 255]
  [255 255 255]]

 [[255 255 255]
  [224 224 224]
  [170 170 170]
  ...
  [170 170 170]
  [224 224 224]
  [255 255 255]]

 [[255 255 255]
  [179 179 179]
  [ 42  42  42]
  ...
  [ 42  42  42]
  [179 179 179]
  [255 255 255]]

 ...

 [[  0   0   0]
  [  0   0   0]
  [  0   0   0]
  ...
  [  0   0   0]
  [  0   0   0]
  [  0   0   0]]

 [[  0   0   0]
  [  0   0   0]
  [  0   0   0]
  ...
  [  0   0   0]
  [  0   0   0]
  [  0   0   0]]

 [[  0   0   0]
  [  0   0   0]
  [  0   0   0]
  ...
  [  0   0   0]
  [  0   0   0]
  [  0   0   0]]]
Game Area: [[ 0  0  0  0  0  0  0  0  0  0  0  0  0  0  0  0  0  0  0  0]
 [ 0  0  0  0  0  0  0  0  0  0  0  0  0  0  0  0  0  0  0  0]
 [ 0  0  0  0  0  0  0  0  0  0  0  0  0  0  0  0  0  0  0  0]
 [ 0  0  0  0  0  0  0  0  0  0  0  0  0  0  0  0  0  0  0  0]
 [ 0  0  0  0  0  0  0  0  0  0  0  0  0  0  0  0  0  0  0  0]
 [ 0  0  0  0  0  0  0  0  0  0  0  0  0  0  0  0  0  0  0  0]
 [ 0  0  0  0  0  0  0  0  0  0  0  0  0  0  0 13  0  0  0  0]
 [ 0  0  0  6  0  0  0  0  0  0  0  0  0  0  0  0  0  0  0  0]
 [ 0  0  0  0  0  0  0  0  0  0  0  0  0  0  0  0  0  0  0  0]
 [ 0  0  0 10  0  0  0  0  0  0  0  0  0  0  0  0  0  0  0  0]
 [ 0  0  0  0  0  0  0  0  0  0  0  0  0  0  0  0  0  0  0  0]
 [ 0  0  0  0  0  0  0  0  0  0  0  0  0  0  0 10 10  0  0  0]
 [ 1  1  0  0  0  0  0  0 14 14  0  0  0  0  0 10 10  0  0  0]
 [ 1  1  0  0  0  0  0  0 14 14  0  0  0  0  0 10 10  0  0  0]
 [10 10 10 10 10 10 10 10 10 10 10 10 10 10 10 10 10 10 10 10]
 [10 10 10 10 10 10 10 10 10 10 10 10 10 10 10 10 10 10 10 10]]
State: {'lives': 2, 'score': 100, 'coins': 1, 'stage': 1, 'world': 1, 'x_position': 384, 'time': 343, 'dead_timer': 0, 'dead_jump_timer': 0, 'game_over': False}
Frame: [[[255 255 255]
  [255 255 255]
  [255 255 255]
  ...
  [255 255 255]
  [255 255 255]
  [255 255 255]]

 [[255 255 255]
  [224 224 224]
  [170 170 170]
  ...
  [170 170 170]
  [224 224 224]
  [255 255 255]]

 [[255 255 255]
  [179 179 179]
  [ 42  42  42]
  ...
  [ 42  42  42]
  [179 179 179]
  [255 255 255]]

 ...

 [[  0   0   0]
  [  0   0   0]
  [  0   0   0]
  ...
  [  0   0   0]
  [  0   0   0]
  [  0   0   0]]

 [[  0   0   0]
  [  0   0   0]
  [  0   0   0]
  ...
  [  0   0   0]
  [  0   0   0]
  [  0   0   0]]

 [[  0   0   0]
  [  0   0   0]
  [  0   0   0]
  ...
  [  0   0   0]
  [  0   0   0]
  [  0   0   0]]]
Game Area: [[ 0  0  0  0  0  0  0  0  0  0  0  0  0  0  0  0  0  0  0  0]
 [ 0  0  0  0  0  0  0  0  0  0  0  0  0  0  0  0  0  0  0  0]
 [ 0  0  0  0  0  0  0  0  0  0  0  0  0  0  0  0  0  0  0  0]
 [ 0  0  0  0  0  0  0  0  0  0  0  0  0  0  0  0  0  0  0  0]
 [ 0  0  0  0  0  0  0  0  0  0  0  0  0  0  0  0  0  0  0  0]
 [ 0  0  0  0  0  0  0  0  0  0  0  0  0  0  0  0  0  0  0  0]
 [ 0  0  0  0  0  0  0  0  0  0  0  0  0  0  0 13  0  0  0  0]
 [ 0  0  0  0  6  0  0  0  0  0  0  0  0  0  0  0  0  0  0  0]
 [ 0  0  0  0  0  0  0  0  0  0  0  0  0  0  0  0  0  0  0  0]
 [ 0  0  0 10  0  0  0  0  0  0  0  0  0  0  0  0  0  0  0  0]
 [ 0  0  0  0  0  0  0  0  0  0  0  0  0  0  0  0  0  0  0  0]
 [ 0  0  0  0  0  0  0  0  0  0  0  0  0  0  0 10 10  0  0  0]
 [ 0  1  1  0  0  0  0  0 14 14  0  0  0  0  0 10 10  0  0  0]
 [ 0  1  1  0  0  0  0  0 14 14  0  0  0  0  0 10 10  0  0  0]
 [10 10 10 10 10 10 10 10 10 10 10 10 10 10 10 10 10 10 10 10]
 [10 10 10 10 10 10 10 10 10 10 10 10 10 10 10 10 10 10 10 10]]
State: {'lives': 2, 'score': 100, 'coins': 1, 'stage': 1, 'world': 1, 'x_position': 384, 'time': 343, 'dead_timer': 0, 'dead_jump_timer': 0, 'game_over': False}
Frame: [[[255 255 255]
  [255 255 255]
  [255 255 255]
  ...
  [255 255 255]
  [255 255 255]
  [255 255 255]]

 [[255 255 255]
  [224 224 224]
  [170 170 170]
  ...
  [170 170 170]
  [224 224 224]
  [255 255 255]]

 [[255 255 255]
  [179 179 179]
  [ 42  42  42]
  ...
  [ 42  42  42]
  [179 179 179]
  [255 255 255]]

 ...

 [[  0   0   0]
  [  0   0   0]
  [  0   0   0]
  ...
  [  0   0   0]
  [  0   0   0]
  [  0   0   0]]

 [[  0   0   0]
  [  0   0   0]
  [  0   0   0]
  ...
  [  0   0   0]
  [  0   0   0]
  [  0   0   0]]

 [[  0   0   0]
  [  0   0   0]
  [  0   0   0]
  ...
  [  0   0   0]
  [  0   0   0]
  [  0   0   0]]]
Game Area: [[ 0  0  0  0  0  0  0  0  0  0  0  0  0  0  0  0  0  0  0  0]
 [ 0  0  0  0  0  0  0  0  0  0  0  0  0  0  0  0  0  0  0  0]
 [ 0  0  0  0  0  0  0  0  0  0  0  0  0  0  0  0  0  0  0  0]
 [ 0  0  0  0  0  0  0  0  0  0  0  0  0  0  0  0  0  0  0  0]
 [ 0  0  0  0  0  0  0  0  0  0  0  0  0  0  0  0  0  0  0  0]
 [ 0  0  0  0  0  0  0  0  0  0  0  0  0  0  0  0  0  0  0  0]
 [ 0  0  0  0  0  0  0  0  0  0  0  0  0  0  0 13  0  0  0  0]
 [ 0  0  0  0  0  6  0  0  0  0  0  0  0  0  0  0  0  0  0  0]
 [ 0  0  0  0  0  0  0  0  0  0  0  0  0  0  0  0  0  0  0  0]
 [ 0  0  0 10  0  0  0  0  0  0  0  0  0  0  0  0  0  0  0  0]
 [ 0  0  0  0  0  0  0  0  0  0  0  0  0  0  0  0  0  0  0  0]
 [ 0  0  0  0  0  0  0  0  0  0  0  0  0  0  0 10 10  0  0  0]
 [ 0  1  1  0  0  0  0  0 14 14  0  0  0  0  0 10 10  0  0  0]
 [ 0  1  1  0  0  0  0  0 14 14  0  0  0  0  0 10 10  0  0  0]
 [10 10 10 10 10 10 10 10 10 10 10 10 10 10 10 10 10 10 10 10]
 [10 10 10 10 10 10 10 10 10 10 10 10 10 10 10 10 10 10 10 10]]
State: {'lives': 2, 'score': 100, 'coins': 1, 'stage': 1, 'world': 1, 'x_position': 384, 'time': 343, 'dead_timer': 0, 'dead_jump_timer': 0, 'game_over': False}
Frame: [[[255 255 255]
  [255 255 255]
  [255 255 255]
  ...
  [255 255 255]
  [255 255 255]
  [255 255 255]]

 [[255 255 255]
  [224 224 224]
  [170 170 170]
  ...
  [170 170 170]
  [224 224 224]
  [255 255 255]]

 [[255 255 255]
  [179 179 179]
  [ 42  42  42]
  ...
  [ 42  42  42]
  [179 179 179]
  [255 255 255]]

 ...

 [[  0   0   0]
  [  0   0   0]
  [  0   0   0]
  ...
  [  0   0   0]
  [  0   0   0]
  [  0   0   0]]

 [[  0   0   0]
  [  0   0   0]
  [  0   0   0]
  ...
  [  0   0   0]
  [  0   0   0]
  [  0   0   0]]

 [[  0   0   0]
  [  0   0   0]
  [  0   0   0]
  ...
  [  0   0   0]
  [  0   0   0]
  [  0   0   0]]]
Game Area: [[ 0  0  0  0  0  0  0  0  0  0  0  0  0  0  0  0  0  0  0  0]
 [ 0  0  0  0  0  0  0  0  0  0  0  0  0  0  0  0  0  0  0  0]
 [ 0  0  0  0  0  0  0  0  0  0  0  0  0  0  0  0  0  0  0  0]
 [ 0  0  0  0  0  0  0  0  0  0  0  0  0  0  0  0  0  0  0  0]
 [ 0  0  0  0  0  0  0  0  0  0  0  0  0  0  0  0  0  0  0  0]
 [ 0  0  0  0  0  0  0  0  0  0  0  0  0  0  0  0  0  0  0  0]
 [ 0  0  0  0  0  0  0  0  0  0  0  0  0  0  0 13  0  0  0  0]
 [ 0  0  0  0  0  0  0  0  0  0  0  0  0  0  0  0  0  0  0  0]
 [ 0  0  0  0  0  0  0  0  0  0  0  0  0  0  0  0  0  0  0  0]
 [ 0  1  1 10  0  6  0  0  0  0  0  0  0  0  0  0  0  0  0  0]
 [ 0  1  1  0  0  0  0  0  0  0  0  0  0  0  0  0  0  0  0  0]
 [ 0  0  0  0  0  0  0  0  0  0  0  0  0  0  0 10 10  0  0  0]
 [ 0  0  0  0  0  0  0  0 14 14  0  0  0  0  0 10 10  0  0  0]
 [ 0  0  0  0  0  0  0  0 14 14  0  0  0  0  0 10 10  0  0  0]
 [10 10 10 10 10 10 10 10 10 10 10 10 10 10 10 10 10 10 10 10]
 [10 10 10 10 10 10 10 10 10 10 10 10 10 10 10 10 10 10 10 10]]
State: {'lives': 2, 'score': 100, 'coins': 1, 'stage': 1, 'world': 1, 'x_position': 384, 'time': 342, 'dead_timer': 0, 'dead_jump_timer': 0, 'game_over': False}
Frame: [[[255 255 255]
  [255 255 255]
  [255 255 255]
  ...
  [255 255 255]
  [255 255 255]
  [255 255 255]]

 [[255 255 255]
  [224 224 224]
  [170 170 170]
  ...
  [170 170 170]
  [224 224 224]
  [255 255 255]]

 [[255 255 255]
  [179 179 179]
  [ 42  42  42]
  ...
  [ 42  42  42]
  [179 179 179]
  [255 255 255]]

 ...

 [[  0   0   0]
  [  0   0   0]
  [  0   0   0]
  ...
  [  0   0   0]
  [  0   0   0]
  [  0   0   0]]

 [[  0   0   0]
  [  0   0   0]
  [  0   0   0]
  ...
  [  0   0   0]
  [  0   0   0]
  [  0   0   0]]

 [[  0   0   0]
  [  0   0   0]
  [  0   0   0]
  ...
  [  0   0   0]
  [  0   0   0]
  [  0   0   0]]]
Game Area: [[ 0  0  0  0  0  0  0  0  0  0  0  0  0  0  0  0  0  0  0  0]
 [ 0  0  0  0  0  0  0  0  0  0  0  0  0  0  0  0  0  0  0  0]
 [ 0  0  0  0  0  0  0  0  0  0  0  0  0  0  0  0  0  0  0  0]
 [ 0  0  0  0  0  0  0  0  0  0  0  0  0  0  0  0  0  0  0  0]
 [ 0  0  0  0  0  0  0  0  0  0  0  0  0  0  0  0  0  0  0  0]
 [ 0  0  0  0  0  0  0  0  0  0  0  0  0  0  0  0  0  0  0  0]
 [ 0  0  0  0  0  0  0  0  0  0  0  0  0  0  0 13  0  0  0  0]
 [ 0  0  0  0  0  0  0  0  0  0  0  0  0  0  0  0  0  0  0  0]
 [ 0  0  0  0  0  0  0  0  0  0  0  0  0  0  0  0  0  0  0  0]
 [ 0  0  0 10  0  0  0  0  0  0  0  0  0  0  0  0  0  0  0  0]
 [ 0  0  0  0  0  6  0  0  0  0  0  0  0  0  0  0  0  0  0  0]
 [ 0  1  1  0  0  0  0  0  0  0  0  0  0  0  0 10 10  0  0  0]
 [ 0  1  1  0  0  0  0  0 14 14  0  0  0  0  0 10 10  0  0  0]
 [ 0  0  0  0  0  0  0  0 14 14  0  0  0  0  0 10 10  0  0  0]
 [10 10 10 10 10 10 10 10 10 10 10 10 10 10 10 10 10 10 10 10]
 [10 10 10 10 10 10 10 10 10 10 10 10 10 10 10 10 10 10 10 10]]
State: {'lives': 2, 'score': 100, 'coins': 1, 'stage': 1, 'world': 1, 'x_position': 384, 'time': 342, 'dead_timer': 0, 'dead_jump_timer': 0, 'game_over': False}
Frame: [[[255 255 255]
  [255 255 255]
  [255 255 255]
  ...
  [255 255 255]
  [255 255 255]
  [255 255 255]]

 [[255 255 255]
  [224 224 224]
  [170 170 170]
  ...
  [170 170 170]
  [224 224 224]
  [255 255 255]]

 [[255 255 255]
  [179 179 179]
  [ 42  42  42]
  ...
  [ 42  42  42]
  [179 179 179]
  [255 255 255]]

 ...

 [[  0   0   0]
  [  0   0   0]
  [  0   0   0]
  ...
  [  0   0   0]
  [  0   0   0]
  [  0   0   0]]

 [[  0   0   0]
  [  0   0   0]
  [  0   0   0]
  ...
  [  0   0   0]
  [  0   0   0]
  [  0   0   0]]

 [[  0   0   0]
  [  0   0   0]
  [  0   0   0]
  ...
  [  0   0   0]
  [  0   0   0]
  [  0   0   0]]]
Game Area: [[ 0  0  0  0  0  0  0  0  0  0  0  0  0  0  0  0  0  0  0  0]
 [ 0  0  0  0  0  0  0  0  0  0  0  0  0  0  0  0  0  0  0  0]
 [ 0  0  0  0  0  0  0  0  0  0  0  0  0  0  0  0  0  0  0  0]
 [ 0  0  0  0  0  0  0  0  0  0  0  0  0  0  0  0  0  0  0  0]
 [ 0  0  0  0  0  0  0  0  0  0  0  0  0  0  0  0  0  0  0  0]
 [ 0  0  0  0  0  0  0  0  0  0  0  0  0  0  0  0  0  0  0  0]
 [ 0  0  0  0  0  0  0  0  0  0  0  0  0  0  0 13  0  0  0  0]
 [ 0  0  0  0  0  0  0  0  0  0  0  0  0  0  0  0  0  0  0  0]
 [ 0  0  0  0  0  0  0  0  0  0  0  0  0  0  0  0  0  0  0  0]
 [ 0  0  0 10  0  0  0  0  0  0  0  0  0  0  0  0  0  0  0  0]
 [ 0  0  0  0  0  0  0  0  0  0  0  0  0  0  0  0  0  0  0  0]
 [ 0  0  0  0  0  6  0  0  0  0  0  0  0  0  0 10 10  0  0  0]
 [ 0  1  1  0  0  0  0  0 14 14  0  0  0  0  0 10 10  0  0  0]
 [ 0  1  1  0  0  0  0  0 14 14  0  0  0  0  0 10 10  0  0  0]
 [10 10 10 10 10 10 10 10 10 10 10 10 10 10 10 10 10 10 10 10]
 [10 10 10 10 10 10 10 10 10 10 10 10 10 10 10 10 10 10 10 10]]

(mario) C:\Users\Yin\Documents\Codes\Github\compsys726_mario_expert\scripts>(mario) C:\Users\Yin\Documents\Codes\Github\compsys726_mario_expert\scripts>
(mario) C:\Users\Yin\Documents\Codes\Github\compsys726_mario_expert\scripts>(mario) C:\Users\Yin\Documents\Codes\Github\compsys726_mario_expert\scripts>(mario) C:\Users\Yin\Documents\Codes\Github\compsys726_mario_expert\scripts>
(mario) C:\Users\Yin\Documents\Codes\Github\compsys726_mario_expert\scripts>
(mario) C:\Users\Yin\Documents\Codes\Github\compsys726_mario_expert\scripts>